time,physical_contacts,distinct_contacting_grippers,normal_force_total,tangential_force_total,global_force_ratio,maximum_contact_friction_utilization,FL_contact_count,FL_normal_force,FL_tangential_force,FL_force_ratio,FL_maximum_friction_utilization,FR_contact_count,FR_normal_force,FR_tangential_force,FR_force_ratio,FR_maximum_friction_utilization,RL_contact_count,RL_normal_force,RL_tangential_force,RL_force_ratio,RL_maximum_friction_utilization,RR_contact_count,RR_normal_force,RR_tangential_force,RR_force_ratio,RR_maximum_friction_utilization,base_x,base_y,base_z,base_position_drift,base_orientation_drift_rad,base_linear_speed,base_angular_speed,signed_mechanical_power,absolute_mechanical_power,peak_absolute_actuator_power
0.0,6,4,128.0057335301855,80.54429176171513,0.6292240944248149,1.0,1,35.49647615297784,7.381952014687772,0.20796295336117446,0.20796295336117446,1,40.21412669835928,23.743688602244976,0.5904315361699427,0.5904315361699427,2,34.10850898007406,34.10850898007406,1.0,1.0,2,18.18662169877431,15.310142164708322,0.8418354116718748,0.9999999999999998,-0.04999672600161716,3.8306667815384286e-07,0.2699985117254704,0.0,0.0,0.001808367120238769,0.0009039199135972559,0.12733435612778735,0.5868211749866729,0.1203153992651143
0.009999999999998899,6,4,126.13892176425992,79.24584893957508,0.6282426378091058,1.0000000000000002,1,35.173393551497206,6.609895038831886,0.18792315359490033,0.18792315359490033,1,39.941816313475954,23.457058777685265,0.5872807233799004,0.5872807233799004,2,33.667504984955784,33.66750498495578,0.9999999999999998,1.0,2,17.356206914330983,15.511390138102149,0.8937085282899242,1.0000000000000002,-0.049935316500718564,7.84923696132591e-06,0.26997429218759406,6.643385066557642e-05,3.8656277480704454e-05,0.009648624305201593,0.005969508813246486,0.14545815061536763,0.6753687284234685,0.130759446865753
0.019999999999997797,6,4,123.71439845635439,76.8217506733166,0.6209604672686405,1.0,1,34.78043273035107,5.708447884359414,0.1641281443683117,0.1641281443683117,1,39.56526229567532,22.808897407735728,0.5764879615174157,0.5764879615174157,2,32.90935596557567,32.90935596557567,1.0,1.0,2,16.45934746475233,15.395049415645786,0.9353377737856414,1.0,-0.04980706077346525,2.479759053750515e-05,0.26993307463893296,0.0002021162537741708,0.00012851358208638622,0.016021824553976174,0.011060686051028844,0.17137365123791326,0.8629781024070703,0.15622286475948727
0.029999999999996696,6,4,121.1901397583853,74.23573934803449,0.6125559347983013,1.0000000000000002,1,34.379702610215695,4.7946768533145745,0.1394624295525427,0.1394624295525427,1,39.222929373720056,22.058661517433073,0.562391995438584,0.562391995438584,2,32.02754081702902,32.02754081702902,1.0,1.0000000000000002,2,15.559966957420523,15.354860160257822,0.9868183012390727,1.0,-0.049622724725095886,5.0450143945783705e-05,0.26988641468113883,0.00039363614469906317,0.0002692589543027122,0.021151584419124573,0.016205950589157435,0.1816529413809028,1.0790580850135665,0.19450475258331804
0.039999999999995595,6,4,119.02684061998372,71.48960841597133,0.6006175417544332,1.0000000000000002,1,34.00747691834574,3.98872876086204,0.1172897586739307,0.1172897586739307,1,38.88907950389984,21.370595457371152,0.549526903953283,0.549526903953283,2,31.138349850939576,31.13834985093958,1.0000000000000002,1.0000000000000002,2,14.991934346798557,14.991934346798555,0.9999999999999999,1.0,-0.04939253757794171,8.395691692146964e-05,0.2698416030103388,0.0006298004323848664,0.0004600811817693891,0.025264343669366453,0.02113633274613788,0.17668308957048412,1.257625612250883,0.2301281603835923
0.04999999999999449,6,4,117.0554941384177,68.85608472800456,0.5882345398207665,1.0000000000000002,1,33.67437688941045,3.309196989065752,0.09827047431147544,0.09827047431147544,1,38.58014297601088,20.74591346594243,0.537735525729965,0.537735525729965,2,30.259656655528936,30.25965665552894,1.0000000000000002,1.0000000000000002,2,14.541317617467433,14.541317617467433,1.0,1.0,-0.04912559482173878,0.0001249184535007044,0.2698017093672299,0.0009017259912724924,0.0006986714722606282,0.028559174773415557,0.02585716575848971,0.16703171538800007,1.3825040870741707,0.2591517843538362
0.05999999999999339,6,4,115.69613719951828,65.26158046378322,0.5640774363213135,1.0,1,33.45433029988799,2.037214880188846,0.06089540163940053,0.06089540163940053,1,38.293556543099854,20.247273397579903,0.5287383890496397,0.5287383890496397,2,29.401515990237726,29.401515990237726,1.0,1.0,2,14.546734366292704,13.575576195776744,0.9332387499447092,0.9565344351834987,-0.04882937942356816,0.00017350792701951274,0.2697685280386567,0.0012023155770226716,0.0009922094755382281,0.031218160005210382,0.03198605850587374,0.21488440670778672,1.4031011365175772,0.28272561216748765
0.06999999999999229,6,4,114.1180833715892,63.62488845557959,0.5575355506839823,1.0000000000000002,1,33.17285684338741,1.6066910920698259,0.04843390786796524,0.04843390786796524,1,38.028775081136274,19.85002974067656,0.521973944685979,0.521973944685979,2,28.578360912159255,28.57836091215926,1.0000000000000002,1.0000000000000002,2,14.33809053490625,13.589806710673944,0.9478114730541978,1.0,-0.04851068486250189,0.00022912751838480584,0.26974181486860327,0.0015252985175548644,0.0013321832647298858,0.03321778732841173,0.03538564825771346,0.1211553592906913,1.4283254841500153,0.3000112612620806
0.07999999999999119,6,4,112.5506374358609,62.6492046835598,0.5566312738056381,1.0000000000000002,1,32.92466005294502,1.4843899040354216,0.045084441316886034,0.045084441316886034,1,37.77819627926669,19.317033675875184,0.5113275798843975,0.5113275798843975,2,27.75155649909014,27.75155649909014,1.0,1.0000000000000002,2,14.096224604559055,14.096224604559055,1.0,1.0000000000000002,-0.04817562164983499,0.0002901924830847048,0.26972017813568283,0.0018649075433173352,0.0017052213617930044,0.0346537858871635,0.03891137470145804,0.17692506619378093,1.4903560042115618,0.3125840276295372
0.08999999999999009,6,4,111.11122569379367,61.366822053865704,0.5523008289277963,1.0,1,32.69762924949241,1.5077915852328043,0.04611317761688215,0.04611317761688215,1,37.54914729395637,18.99458131828802,0.505859192209812,0.505859192209812,2,26.906474887076072,26.906474887076072,1.0,1.0,2,13.95797426326881,13.95797426326881,1.0,1.0,-0.047830174381733245,0.0003563920847331363,0.26970283648513677,0.0022154259613682546,0.0021028352678197576,0.0355306203728651,0.04033142467056091,0.08117568760322663,1.5239665930707633,0.3192567889415851
0.09999999999998899,6,4,110.17468683628191,60.84805780643794,0.5522870956452759,1.0,1,32.49204304804684,1.7168218742714525,0.05283822478422618,0.05283822478422618,1,37.332936204619585,18.78152834855101,0.5030820036658938,0.5030820036658938,2,26.084971582243583,26.084971582243583,1.0,1.0,2,14.264736001371901,14.264736001371897,0.9999999999999998,0.9999999999999998,-0.047479046123000856,0.00042580283716014337,0.26968798908730723,0.0025721816151116125,0.0025111439805546565,0.035971480116377026,0.04127803435301606,0.04006249920971371,1.5263428558207408,0.3222880881599658
0.10999999999998789,6,4,108.65088435673889,59.51860425966483,0.547796776915726,1.0,1,32.310889433845844,2.0580808752064903,0.06369619998917884,0.06369619998917884,1,37.12528542741608,18.24581388898138,0.4914659558551787,0.4914659558551787,2,25.315525127905772,25.31552512790577,0.9999999999999999,1.0,2,13.899184367571195,13.899184367571195,1.0,1.0,-0.047125687093902684,0.0004968446054713681,0.2696760957114455,0.0029314314856757223,0.0029332143796942556,0.03606058338413439,0.042931353804159925,0.10029345322725146,1.4614554342440036,0.32287526791865734
0.11999999999998678,6,4,107.48085202503542,58.7230903884914,0.5463586237185121,1.0000000000000002,1,32.14479788168169,2.4353895684400486,0.07576310099706368,0.07576310099706368,1,36.93672374857737,17.888370425274992,0.4842977018492055,0.4842977018492055,2,24.56910872031821,24.569108720318212,1.0000000000000002,1.0000000000000002,2,13.830221674458148,13.830221674458148,1.0,1.0,-0.04677430832305661,0.000569184015063555,0.2696665519412601,0.0032890283538328864,0.00336206000385779,0.03573065831406747,0.04283913992522358,0.014313277070713532,1.4700758818968063,0.3184069946679162
0.12999999999998568,6,4,106.43227679863008,57.65941083855045,0.5417474150970394,1.0000000000000002,1,31.996596675987277,2.8254469304646155,0.08830460811430765,0.08830460811430765,1,36.78959561075579,17.27620519033268,0.46959486516567783,0.46959486516567783,2,23.85137839790317,23.763052603769303,0.9962968264282105,1.0000000000000002,2,13.794706113983855,13.794706113983855,1.0,1.0,-0.04642812630937821,0.0006414825209685965,0.2696581775974611,0.003641667144650553,0.0037871842730963557,0.03510066436297018,0.04233365906957537,-0.019965099694575245,1.4372438011769446,0.3114725445382755
0.13999999999998458,6,4,105.46764967035634,56.25763831044567,0.5334113207820723,1.0000000000000002,1,31.865657410369668,3.2014235078925335,0.10046626268098682,0.10046626268098682,1,36.6297191882376,16.86731399939801,0.46048166279184527,0.46048166279184527,2,23.175077483201846,22.483071974116108,0.9701400994414223,1.0000000000000002,2,13.79719558854722,13.705828829039017,0.9933778745889459,0.9999999999999999,-0.04608972847091305,0.0007126842367022647,0.2696510008675702,0.003986573272637077,0.004205721540018254,0.03421575055312392,0.04155978923026372,-0.034316356950659176,1.3947262267796419,0.30278945172875865
0.14999999999998348,6,4,105.19790064743823,56.2271439266327,0.5344892206078633,1.0000000000000002,1,31.748052694098206,3.6259971913247373,0.11421164082919615,0.11421164082919615,1,36.48159531853129,16.668378679414985,0.45689829443801955,0.45689829443801955,2,22.538361995686245,21.502877416770488,0.9540567952935558,1.0000000000000002,2,14.429890639122487,14.429890639122489,1.0000000000000002,1.0000000000000002,-0.04576093469804738,0.0007814289468875721,0.26964497301057977,0.004321683729441111,0.004614273521800049,0.03317345011929184,0.04032943910458778,-0.036241654708610564,1.3457526221595228,0.2930251147139963
0.15999999999998238,6,4,104.44376918641336,54.81405276891575,0.5248187919289136,1.0,1,31.6465163204908,3.9388196519056033,0.1244629775996942,0.1244629775996942,1,36.341820235821785,16.26734772599839,0.44762060954678934,0.44762060954678934,2,21.930711430176295,20.389776765560832,0.9297362208462073,1.0,2,14.524721199924482,14.218108625450924,0.9788902953624231,1.0,-0.045442745819807714,0.0008457183507978357,0.2696397754044969,0.00464564516368572,0.005007185305141204,0.03197116074320596,0.038622273419206585,-0.035937361547937946,1.2927225220549345,0.28225139359747103
0.16999999999998128,6,4,103.24577351039188,51.478780262845476,0.49860423833876394,1.0,1,31.558654658127622,4.119307693640983,0.13052862164959544,0.13052862164959544,1,36.21447492598985,15.594807142448975,0.4306235883391791,0.4306235883391791,2,21.350879334550388,18.983196720402802,0.8891060842484291,1.0,2,14.12176459172403,12.781468706352717,0.9050900560857115,1.0,-0.045136911329504696,0.0009052345997910341,0.26963518567926553,0.00495666831249653,0.005381844461891875,0.030589467350471626,0.0368098730264884,-0.037666929611412096,1.2285900287826714,0.2690824273419496
0.17999999999998018,6,4,102.61328641976809,50.00348942183228,0.4873003405940937,1.0000000000000002,1,31.48020270930738,4.3661079055127585,0.1386937671853645,0.1386937671853645,1,36.10306823253852,15.110221666815903,0.41853012518192434,0.41853012518192434,2,20.805718315007287,17.797708273865805,0.8554238793585999,1.0000000000000002,2,14.224297162914905,12.729451575637814,0.8949090018187752,1.0,-0.04484544295213765,0.0009613619595128833,0.2696311125730988,0.005253016240741328,0.005739062727471353,0.02907236218422565,0.03509177684145703,-0.03825050083449764,1.1544622946353944,0.25354602543245736
0.18999999999997907,6,4,101.99196367246167,48.55660759330136,0.47608268185949126,1.0000000000000002,1,31.413108330454502,4.590351120284394,0.1461285229081938,0.1461285229081938,1,35.99984324995938,14.623726427256267,0.4062163917136713,0.4062163917136713,2,20.296738714209823,16.703636746837258,0.822971462658825,1.0,2,14.282273377837953,12.638893298923438,0.8849356796751576,1.0000000000000002,-0.04456915547692858,0.0010139975926105253,0.26962758194527225,0.005533852646166797,0.006078386291569259,0.027490960796100385,0.03326006023780899,-0.03720464362215706,1.0856057976183557,0.23822031235604044
0.19999999999997797,6,4,98.1486564405266,46.46055181180187,0.4733692084715877,1.0,1,31.355985937958906,4.797798979275011,0.15301062415220995,0.15301062415220995,1,35.907538469102946,14.0814362395401,0.39215821634937836,0.39215821634937836,2,16.541756584965867,15.020032779728854,0.9080071214069221,1.0,2,14.343375448498877,12.561283813257905,0.8757550730203134,1.0,-0.044308536960566317,0.0010630992727029148,0.2696245059080789,0.005798684389818202,0.0063991713664013974,0.025861576264095108,0.031526288417152284,-0.04370037011732521,1.0117446352362356,0.22266602744523728
0.20999999999997687,6,4,101.39971012656723,46.182828229540966,0.45545325693629213,1.0000000000000002,1,31.30245150128754,4.883401713741491,0.15600700518745714,0.15600700518745714,1,35.81750518782036,13.366841961147808,0.373192992952875,0.373192992952875,2,19.851313658937293,15.454537491307876,0.7785145989242915,1.0,2,14.42843977852204,12.478047063343794,0.8648230338749744,1.0000000000000002,-0.04406371397889524,0.0011100718338586805,0.2696221734552115,0.006047616994770005,0.006705877278005871,0.02430460482899273,0.030161229959129898,-0.037379636499051176,0.9235938549668677,0.20661465896485753
0.21999999999997577,6,4,101.23190213037638,45.06999262684362,0.4452153093873319,0.9999999999999998,1,31.260897593695276,5.0683208925682095,0.1621297301965633,0.1621297301965633,1,35.739033090796205,12.896904484473206,0.36086327382467764,0.36086327382467764,2,19.74100337657704,14.771048352739633,0.7482420255429203,0.9999999999999998,2,14.490968069307867,12.333718897062571,0.851131466032667,0.9863677212666309,-0.04383484836857417,0.001154650817362202,0.26962017984410336,0.006280462165901765,0.00699667795240264,0.02267373469847763,0.028516786294246758,-0.02049673673252894,0.8761178659565085,0.19151891961826287
0.22999999999997467,6,4,97.63412614728148,43.64968171481293,0.4470740245983992,0.9999999999999999,1,31.227740339601823,5.33230839497562,0.1707554993408662,0.1707554993408662,1,35.671319311834694,12.618745353327279,0.3537504526540108,0.3537504526540108,2,16.189241059998807,13.497523179154852,0.8337341527704601,0.9999999999999999,2,14.545825435846162,12.201104787355177,0.8388045656925907,0.9812079422273133,-0.043621791147052585,0.0011963915124679884,0.2696182216142762,0.00649729568135967,0.007269204373349711,0.02104006073076138,0.026581358762058815,-0.056833741583635564,0.788143672760826,0.17695214073794907
0.23999999999997357,6,4,100.83190066170789,42.70957586483654,0.42357205987941876,1.0,1,31.198684075435324,5.347127611696055,0.17138952395451137,0.17138952395451137,1,35.600046508185066,11.947539372852672,0.3356046001261747,0.3356046001261747,2,19.429379657271866,13.320509272137176,0.6855859274514555,1.0,2,14.603790420815638,12.094399608150633,0.8281685274606363,0.9699476674341968,-0.04342459510411346,0.0012347276154130386,0.2696162778346514,0.006697955937911581,0.0075225304080239865,0.01945876553192004,0.024578928184824628,-0.03723476969701895,0.7292108185985615,0.16285942536709502
0.24999999999997247,6,4,100.8073139790774,41.860169935176295,0.4152493334349171,0.9999999999999998,1,31.179205117021887,5.4532016274453,0.17489867387504995,0.17489867387504995,1,35.54017327814699,11.496121615505267,0.32346836143801316,0.32346836143801316,2,19.439535424269003,12.943096021259779,0.6658130319874394,0.9999999999999998,2,14.648400159639522,11.967750670965952,0.8170005284222426,0.9638922476252269,-0.04324295134336449,0.001269488634936411,0.26961421366962934,0.0068827164748784565,0.007755626359439972,0.017857233534666134,0.02263082638658804,0.0008708472638279336,0.7004228162950331,0.14921441183755363
0.25999999999997137,6,4,100.5491191125233,40.61788590696465,0.403960634021166,1.0,1,31.16309735617514,5.521762061462954,0.17718912848593293,0.17718912848593293,1,35.48579813214861,11.014025978798792,0.3103784206228845,0.3103784206228845,2,19.215608922775438,12.201268341686225,0.634966520744736,1.0,2,14.684614701424113,11.88082952501668,0.8090664798896274,0.9613903727150926,-0.04307645760068404,0.0013005780807969513,0.269611934316775,0.007051954616176035,0.007967982449191089,0.016330356710624303,0.020456228901771185,-0.0377704275113463,0.6141975915454088,0.13591493941735602
0.26999999999997026,6,4,100.50386601637553,39.3035227312851,0.3910647847604311,1.0,1,31.154503081103357,5.594353775962892,0.17956806312716075,0.17956806312716075,1,35.404433638521716,10.038933012319353,0.2835501653498141,0.2835501653498141,2,19.23055250463991,11.906675303548125,0.6191540935017497,1.0,2,14.714376792110542,11.763560639454726,0.7994603377128439,0.9577128890408712,-0.042924765817189625,0.0013278394940478314,0.2696096069093471,0.007205970328324794,0.008161035790645487,0.014828172675544898,0.01866882592231811,-0.0008239864935536221,0.5687963324941727,0.12414329487509798
0.27999999999996916,6,4,97.01603529877282,38.670163539294236,0.3985955870099691,1.0,1,31.15078081738094,5.722952141046443,0.18371777499244113,0.18371777499244113,1,35.36271233371563,9.882405398337854,0.27945835446891726,0.27945835446891726,2,15.767170290589975,11.539401614850885,0.7318625601283528,1.0,2,14.735371857086278,11.525404385059051,0.7821590453800767,0.945902913707702,-0.042787065274316194,0.0013514460567456538,0.2696068283412632,0.007345610585879167,0.008334536828145616,0.013394033200961825,0.01688222874553598,-0.027315871797008236,0.5168406472379027,0.11261690555726421
0.28999999999996806,6,4,100.26148567800472,37.46635161552613,0.3736863797914523,1.0,1,31.149370450644255,5.64091772182911,0.18109251134840962,0.18109251134840962,1,35.321701130174986,9.285373058040955,0.26288012074561584,0.26288012074561584,2,19.0395987580645,10.988641775305151,0.5771467095991585,1.0,2,14.750815339120978,11.551419060350913,0.7831037671331379,0.957464422972138,-0.042662876877832545,0.0013714000787750135,0.269603905673536,0.007471328165334372,0.008490339028408535,0.012048352421502428,0.015047076937423225,-0.005956299188661333,0.46992813657061944,0.10114680626947478
0.29999999999996696,6,4,100.35706220304547,36.911765491268405,0.3678043645457396,1.0,1,31.153655794254686,5.657346037509014,0.18159493302716448,0.18159493302716448,1,35.288228705234324,8.92411986192882,0.2528922586756274,0.2528922586756274,2,19.154606489196325,10.878206786018243,0.5679159627817895,1.0,2,14.760571214360144,11.45209280581233,0.7758570206734893,0.95719230347988,-0.04255153888647513,0.0013884036567831592,0.2696004252329144,0.007583922810365883,0.008629287804526094,0.010755341832483329,0.013605233239828755,0.04556886312770461,0.46191426550968095,0.09025399240597395
0.30999999999996586,6,4,100.09917517888559,35.872033520859816,0.3583649261520237,1.0,1,31.1578664048512,5.651386105954428,0.1813791108968399,0.1813791108968399,1,35.2591861433502,8.53229620150278,0.24198789407145607,0.24198789407145607,2,18.91425740180516,10.296691396673598,0.5443878222621044,1.0,2,14.767865228879028,11.39165981672901,0.7713816208487777,0.9573345905025435,-0.04245227967439817,0.001402748843695732,0.2695965357463473,0.007684197085228243,0.008753253545690889,0.00957120474825048,0.0120621744092363,-0.0021065244274201074,0.3772456473890052,0.0796878711918816
0.31999999999996476,6,4,100.11600893982994,35.24823232604091,0.35207388607775225,1.0000000000000002,1,31.164510984415294,5.636671736857703,0.18086828763899043,0.18086828763899043,1,35.23291133518839,8.220539900084411,0.2333199156288359,0.2333199156288359,2,18.94655913095084,10.095894175781787,0.5328616191469444,1.0000000000000002,2,14.772027489275413,11.295126513317012,0.7646293998245905,0.9524758854644277,-0.04236403235450497,0.0014147059457166099,0.2695925363652289,0.007773232114761637,0.008863646331891399,0.008501559830535644,0.010811414716612688,0.027612099911885315,0.33452544409551505,0.0705787984292297
0.32999999999996366,6,4,99.95840353180327,34.3994049805407,0.3441371987258281,0.9999999999999998,1,31.172726536093467,5.604564093984096,0.1797906284358806,0.1797906284358806,1,35.20475001982338,7.774542196612308,0.22083787535018867,0.22083787535018867,2,18.80726901717343,9.798829201386303,0.5210128696749499,0.9999999999999998,2,14.773657958712988,11.221469488557997,0.7595593129283168,0.9471458507902519,-0.04228552645455626,0.0014250953329615953,0.2695881349756691,0.007852439912095367,0.008960854348252674,0.0075653038048839605,0.009522572966599092,-0.0021648525469936527,0.29536558079198133,0.06219457553646738
0.33999999999996255,6,4,99.96843983407571,33.63881003398673,0.3364942984987993,1.0000000000000002,1,31.18211144893949,5.564574894360893,0.17845407625692217,0.17845407625692217,1,35.17462285799391,7.306368820555327,0.20771704788569909,0.20771704788569909,2,18.837044912483456,9.623852765567005,0.5109003461147562,1.0000000000000002,2,14.774660614658854,11.144013553503502,0.7542652819007455,0.9427304459790163,-0.04221572462934572,0.001433695489712138,0.2695839348603392,0.007922767246007904,0.009047691684254342,0.0067282203916367075,0.008567335518569323,0.024005420861160358,0.25938070183745354,0.055040967607893614
0.34999999999996145,6,4,100.06403060779996,33.0548669041211,0.3303371521548971,1.0000000000000002,1,31.190817564064243,5.528722783655495,0.17725482098376547,0.17725482098376547,1,35.14626296200575,6.881538114288925,0.19579714980588664,0.19579714980588664,2,18.953531667003322,9.572869866726974,0.5050705079619869,1.0000000000000002,2,14.773418414726656,11.071736139449703,0.7494363070643835,0.9381628670688812,-0.04215354206362952,0.0014412668143752212,0.2695795423327315,0.007985437721974725,0.009124670992135575,0.005987810549386837,0.007811424008265339,0.0673003563721018,0.27133470315327307,0.04872343049273314
0.35999999999996035,6,4,99.83721673138814,32.28528828379651,0.3233792902165935,0.9653493009730358,1,31.196541796915888,5.495374051939268,0.17615330852096384,0.17615330852096384,1,35.12149248150248,6.499253360241733,0.18505060295101952,0.18505060295101952,2,18.746769356739254,9.261044897928961,0.49400751253173764,0.9653493009730358,2,14.772413096230512,11.02961597368655,0.7466360371753337,0.9350032392490554,-0.04209805030643299,0.0014479138397924182,0.26957505798482445,0.008041376508239932,0.009193141747034936,0.005362917520185171,0.006840485261384684,0.01701135224415235,0.2096163689940433,0.042924431271919965
0.36999999999995925,6,4,99.86849404038995,31.72567610932532,0.31767452202187474,0.9728239872197176,1,31.203532823485602,5.459012650050965,0.17494854447834166,0.17494854447834166,1,35.09596166855821,6.136344849984165,0.1748447558706333,0.1748447558706333,2,18.798269696475792,9.155279010037797,0.4870277508442271,0.9728239872197176,2,14.770729851870335,10.975039599252392,0.7430262220835814,0.9312552454247094,-0.04204847181095604,0.0014537222873083973,0.26957067284972913,0.008091352524342253,0.009254829668388745,0.004795913388255915,0.006264335711106302,0.04395575684246132,0.18674022106317675,0.03813267948067341
0.37999999999995815,6,4,99.73740034054607,31.1552097594447,0.3123723864174072,0.9316007829381215,1,31.209104934145266,5.429409262211836,0.1739687592344767,0.1739687592344767,1,35.0734830871438,5.823586481550336,0.16603958229871313,0.16603958229871313,2,18.6870867255508,8.962541351657704,0.4796114816229352,0.9316007829381215,2,14.767725593706205,10.939672664024823,0.7407824986054153,0.9281114684827193,-0.042003999302876426,0.001459265593831752,0.2695660150498111,0.008136281194947323,0.009309798867630222,0.004320441761434088,0.005564885389739021,0.014187888224288755,0.1722725752963464,0.03375226794726486
0.38999999999995705,6,4,99.76828978203851,30.683617867946978,0.3075488006758538,0.9382436662452157,1,31.218294180208847,5.390596120395585,0.1726742687886197,0.1726742687886197,1,35.050226457566566,5.518048867298784,0.15743261670446526,0.15743261670446526,2,18.733990362702823,8.877295517425283,0.473860365333535,0.9382436662452157,2,14.765778781560272,10.897677362827325,0.7380360713812474,0.9249857223941167,-0.04196407629476176,0.0014641255045482265,0.2695616297928024,0.008176604983766657,0.009360161286869036,0.0038876425943436023,0.00515866618874971,0.0380748159042965,0.15106496388736163,0.030184863884014774
0.39999999999995595,6,4,99.87054719816965,30.34153675474547,0.3038086563653228,0.9685908441193705,1,31.226545745730416,5.355877361184892,0.1715168051181965,0.1715168051181965,1,35.02795798041575,5.2429801128073015,0.14967986760000881,0.14967986760000881,2,18.85309586418054,8.884969770944743,0.47127378097225486,0.9685908441193705,2,14.762947607842946,10.857709509808535,0.7354703002563174,0.9214920827708413,-0.04192804406894988,0.001468802991834902,0.269557162988559,0.00821307944164198,0.009405829673933701,0.0035085971944363733,0.004884124960710646,0.07940482210576953,0.17905020435482585,0.027154083210050334
0.40999999999995485,6,4,99.67402598408684,29.746896263741213,0.2984418053755586,0.9198361873978778,1,31.231928664345972,5.326295019934534,0.1705400610118252,0.1705400610118252,1,35.00965776411648,4.999374323267454,0.14279986273935003,0.14279986273935003,2,18.67185632570656,8.581168257262624,0.45957767174163944,0.892160163446838,2,14.760583229917822,10.840058663276603,0.7343922997097556,0.9198361873978778,-0.04189538502326791,0.0014732434986487746,0.2695527019445662,0.008246198509634326,0.009447484540031153,0.003210664157944705,0.004338407702263174,0.02877647534889418,0.13697436305551333,0.02453732007273785
0.41999999999995374,6,4,99.72364727871178,29.433865867010105,0.2951543256811207,0.9173896322681377,1,31.24106404009026,5.299576985951595,0.16963497079199621,0.16963497079199621,1,34.990327669500374,4.766029192087847,0.13620990455148546,0.13620990455148546,2,18.733744953047875,8.555226244418032,0.4566746406476589,0.9055748823195355,2,14.758510616073274,10.813033444552634,0.7326642725571726,0.9173896322681377,-0.04186560194421116,0.001477414237721689,0.26954839741099884,0.008276436577009036,0.009486306051156964,0.0029362644399534227,0.004134137518626354,0.05344815434370391,0.12667748815267357,0.022747165737697417
0.42999999999995264,6,4,96.22947372705522,28.87218533849653,0.30003474216630804,1.0,1,31.26396466703184,5.311333805291341,0.16988676458210672,0.16988676458210672,1,34.96955296431592,4.61530477425748,0.13198066269154451,0.13198066269154451,2,15.227751178925164,8.29616669146185,0.5448057690188386,1.0,2,14.768204916782288,10.649380067485858,0.7211018622435363,0.8904501315770378,-0.041838231439003365,0.0014815957868526458,0.26954402235619995,0.008304311244009674,0.009522143595169721,0.0027106628238275305,0.004060026530133755,0.023280986870637028,0.13272864193934478,0.02272898264747093
0.43999999999995154,6,4,99.62421512041134,28.709804831975475,0.2881809889018972,0.9144845292924254,1,31.253693016850377,5.248640592813761,0.16793665279760586,0.16793665279760586,1,34.95473866983705,4.359972269016422,0.12473193721166927,0.12473193721166927,2,18.662027189437577,8.316878778274335,0.44565784273326753,0.858069936645852,2,14.753756244286333,10.784313191870957,0.7309537322773232,0.9144845292924254,-0.04181287771994867,0.0014856028731154347,0.26953975182941153,0.0083301687385691,0.00955593204040765,0.0025375387859284566,0.003629273385229409,0.037709648756313593,0.12331480914097549,0.01986125300752225
0.44999999999995044,6,4,99.69955121615293,28.554799231011135,0.28640850317473443,0.9138781343733173,1,31.259060157609053,5.221842714755715,0.1670505347386338,0.1670505347386338,1,34.93659438981926,4.177428405688491,0.11957171208724966,0.11957171208724966,2,18.752506250304528,8.379733428061419,0.4468593859514292,0.8869894241025734,2,14.751390418420081,10.77579468250551,0.7304934909084746,0.9138781343733173,-0.04178906400246653,0.0014895819598497947,0.2695354701291133,0.008354509941084637,0.009588160393927757,0.0024007576566430575,0.0035912086170165765,0.06748949767159196,0.13129736610835338,0.01884728230423325
0.45999999999994934,6,4,99.54899044086005,28.16229679438127,0.2828988688851837,0.9132257850203916,1,31.260668426002916,5.200883129665166,0.16637146265685807,0.16637146265685807,1,34.920095407155316,4.026314276278388,0.11530078109275081,0.11530078109275081,2,18.619119568554645,8.161657421103698,0.4383481931598803,0.825504952201809,2,14.749107039147173,10.773441967334017,0.7304470663030026,0.9132257850203916,-0.04176639983658421,0.0014936847695008527,0.26953104365964414,0.008377752989378871,0.009618810437793675,0.00231244283681269,0.0033397938672883876,0.027891167614376718,0.12238262448582996,0.021065955277599
0.46999999999994824,6,4,99.57842772322736,28.025170797493224,0.28143817328977727,0.9125518034669625,1,31.26258267211039,5.17836835588211,0.16564109274637043,0.16564109274637043,1,34.90295552941497,3.8877314824483857,0.11138688467720002,0.11138688467720002,2,18.664973130954586,8.190533020904198,0.43881836654352085,0.840962016248554,2,14.74791639074742,10.768537938258532,0.7301735142066931,0.9125518034669625,-0.04174458085726403,0.0014976271763456495,0.2695267537910281,0.00840013065113361,0.009649162523291904,0.0022350141451444715,0.0033246371476016163,0.045489876745948905,0.11272103722257235,0.01734651970583379
0.47999999999994714,6,4,99.63203798113005,27.949079501848107,0.28052301316110345,0.9116421083416435,1,31.26323883406177,5.157657400369154,0.16497514629705637,0.16497514629705637,1,34.886163710665315,3.7674896593188985,0.10799380781920456,0.10799380781920456,2,18.73574856786191,8.259828449271227,0.44085927067998776,0.8658809002328203,2,14.746886868541065,10.764103992888828,0.7299238197759185,0.9116421083416435,-0.04172340759419885,0.001501646343979583,0.26952243750263727,0.008421890260739969,0.009678844660717492,0.0021752903115661764,0.0033425095325448424,0.06866031560315718,0.12634936802258212,0.01695842388333873
0.48999999999994603,6,4,99.47507224046507,27.61671690568928,0.2776244971094898,0.9104137120244167,1,31.260700664580227,5.141925317083261,0.16448528688639702,0.16448528688639702,1,34.87103506377442,3.6694377198168655,0.10522881563756162,0.10522881563756162,2,18.59736334691572,8.043156096380205,0.4324890548376645,0.803232007880835,2,14.745973165194695,10.762197772408948,0.729839777398432,0.9104137120244167,-0.04170273092731148,0.0015058678183032105,0.26951801397229436,0.008443205358203112,0.009707685741610418,0.002144925483529722,0.0031564377698961405,0.02758826721056051,0.11817111442213535,0.021547675008983563
0.49999999999994493,6,4,99.50476621754005,27.548755618721287,0.27685865377034746,0.9093242428911152,1,31.259212143708947,5.123316162883758,0.16389780200889828,0.16389780200889828,1,34.85505980112972,3.5759470070026946,0.10259477468711131,0.10259477468711131,2,18.644398510923864,8.09082248363734,0.43395459922704815,0.8206722537200645,2,14.746095761777521,10.758669965197496,0.729594472937332,0.9093242428911152,-0.041682433036341594,0.001509990279673498,0.26951376152099094,0.008464122176026363,0.00973674503166225,0.0021065676386274024,0.0031749390668714644,0.0444453334713241,0.10859916558471017,0.0162914834176616
0.5099999999999438,6,4,99.56034497481582,27.53484095986027,0.27656433861117413,0.9080512783745855,1,31.256864964041174,5.107016738684143,0.1633886426088927,0.1633886426088927,1,34.83945105067624,3.4942238487528408,0.10029503173486476,0.10029503173486476,2,18.717680822691424,8.178498901486412,0.4369397565307144,0.8477547006565683,2,14.746348137406986,10.755101470936872,0.7293399946020845,0.9080512783745855,-0.04166244118355681,0.0015142229376161654,0.2695095181681599,0.008484758646095015,0.009765524097651171,0.0020747482634147505,0.003215401304600837,0.06733534802132768,0.12118468860240426,0.016100855884335546
0.5199999999999427,6,4,99.40354946259703,27.237710084311868,0.2740114435708426,0.9063682716432442,1,31.251594071366917,5.0944676401897855,0.16301464906257046,0.16301464906257046,1,34.82539559673702,3.4292907563681267,0.09847097779097262,0.09847097779097262,2,18.57988418909526,7.961897040858292,0.4285224256419864,0.7852941585685315,2,14.746675605397837,10.752054646895662,0.729117187806044,0.9063682716432442,-0.04164270154342425,0.0015186714186988762,0.2695051955862573,0.008505191648703477,0.009793737045133852,0.002065928502423468,0.003062302030795925,0.026656388648350224,0.11497070982547311,0.021918146611321864
0.5299999999999416,6,4,99.43545340748463,27.213619519166336,0.27368125338198473,0.9049833016311754,1,31.247824651190626,5.0793180755258245,0.16254949367594743,0.16254949367594743,1,34.810645492687584,3.364200173786855,0.0966428552579856,0.0966428552579856,2,18.629090773544476,8.021575219416105,0.43059402720865453,0.8042750302046398,2,14.74789249006194,10.748526050437551,0.7288177654997543,0.9049833016311754,-0.041623171803437935,0.0015230244811584002,0.2695010556939738,0.008525392031467393,0.009822320555924026,0.0020409897600957316,0.0030891874059226204,0.043438170564504025,0.10473135048135353,0.01565003287310956
0.5399999999999405,6,4,99.44938094899248,27.17581617775982,0.2732627988071467,0.903550588706961,1,31.24339508565362,5.0643943840819,0.1620948802202157,0.1620948802202157,1,34.79630619575806,3.3059726224952826,0.09500929793801809,0.09500929793801809,2,18.660293496694194,8.060317622477724,0.43195020613720075,0.8163203550034448,2,14.7493861708866,10.745131548704915,0.7285138123181308,0.903550588706961,-0.041603833047613135,0.0015273957447053512,0.26949697837582437,0.008545405523264148,0.009850806410305285,0.0020192845463896433,0.0031019994190143218,0.05512612953232055,0.10133855409248718,0.015494867810678093
0.5499999999999394,6,4,95.85138505897194,26.501373259929423,0.2764839886624969,1.0,1,31.253744074194906,5.099016051666913,0.16314896671458276,0.16314896671458276,1,34.78099915198854,3.2959480557435064,0.09476289169671731,0.09476289169671731,2,15.05609791381762,7.42418876330046,0.4931017854557765,1.0,2,14.760543918970875,10.682220389218545,0.7237009996284286,0.8873612869631775,-0.04158465402504746,0.0015319704817788285,0.2694928313907163,0.008565303704483634,0.009878837082778872,0.0019992764421740156,0.003199118623732536,0.02238174556603711,0.11495547098993827,0.024868428508877532
0.5599999999999383,6,4,99.34156475385053,26.91885374552331,0.27097271733360656,0.8998630034160463,1,31.231078925709305,5.03999490239962,0.16137754684647526,0.16137754684647526,1,34.76971709750268,3.2158407517152625,0.09248970138863279,0.09248970138863279,2,18.58833141674738,7.926801577514483,0.4264396518330169,0.7785571740361658,2,14.752437313891175,10.736216513893947,0.7277588296399349,0.8998630034160463,-0.04156563709090089,0.001536543739923127,0.26948876413179573,0.008585038872578535,0.009906873839095902,0.001997569679847754,0.002998328711379644,0.03457574317836076,0.10569052708184123,0.01509521938787005
0.5699999999999372,6,4,99.3813141053969,26.935047712075377,0.27102728470172915,0.898207690947766,1,31.22545919233696,5.027148872892607,0.16099519439977744,0.16099519439977744,1,34.756910861634104,3.1731888478611108,0.09129663048863723,0.09129663048863723,2,18.644331750049805,8.002660908743474,0.4292275537696381,0.8001079493602863,2,14.754612301376028,10.732049082578186,0.7273691008185492,0.898207690947766,-0.04154676864747299,0.001541101447946006,0.26948478840008006,0.00860462108824566,0.009934983606273078,0.0019770839612727057,0.0030243824406035458,0.05208932729101503,0.09541725529962787,0.014946965667976745
0.5799999999999361,6,4,99.46634381330577,27.026364687639084,0.27171366365256633,0.8964090540663738,1,31.219521775656396,5.015335721921268,0.16064742304387267,0.16064742304387267,1,34.74440403305774,3.135572419870644,0.09024683275290281,0.09024683275290281,2,18.745844416547143,8.147862192515634,0.43464898200709673,0.8382583132506436,2,14.756573588044485,10.727594353331538,0.7269705456572144,0.8964090540663738,-0.04152804477133035,0.001545736599448699,0.26948081610688235,0.008624076070801087,0.009962843721152066,0.0019572769079774536,0.0030764174971111536,0.07992961692559612,0.1356445546315354,0.024859113176466677
0.589999999999935,6,4,95.79433153623215,26.17633698579995,0.27325559420913453,1.0,1,31.22797738579687,5.046938840799408,0.16161593747966718,0.16161593747966718,1,34.729197669389194,3.14231064728355,0.09048036977984168,0.09048036977984168,2,15.068315260264768,7.305620061264283,0.4848332368336654,1.0,2,14.768841220781315,10.68146743645271,0.723243433711154,0.8823788765109367,-0.0415094731968101,0.0015503546141422343,0.26947689966575433,0.008643376140808335,0.00999057471089158,0.0019382975714531902,0.0031158063482947295,0.028450971538093714,0.10606868898649903,0.019137257190289626
0.5999999999999339,6,4,99.25858243695389,26.6508700108524,0.26849940183036813,0.892440643355828,1,31.203784396950503,4.992088585647422,0.15998343412907606,0.15998343412907606,1,34.72102233012393,3.074916642831487,0.0885606596947375,0.0885606596947375,2,18.57172829822219,7.867693601999774,0.4236382029535141,0.7623918016728316,2,14.762047411657264,10.716171180373717,0.7259271618319958,0.892440643355828,-0.04149105416472821,0.0015549630418151795,0.26947301560277154,0.0086625237933823,0.010018064613109227,0.0019387160625168394,0.0029056144235844275,0.0341628550412602,0.10219308226245212,0.01450155810540901
0.6099999999999328,6,4,99.29555059737444,26.678051173417806,0.2686731783339668,0.8906020178297603,1,31.196669985595737,4.980413418285794,0.1596456743808032,0.1596456743808032,1,34.70956175223763,3.0454657641673566,0.08774140641435853,0.08774140641435853,2,18.62442331068732,7.941103363590264,0.4263811679491516,0.7824260952730743,2,14.764895548853755,10.711068627374392,0.7254415442313051,0.8906020178297603,-0.04147277315684826,0.0015595420577410013,0.2694691988004305,0.008681527574791792,0.01004551799371925,0.0019187599949462542,0.002919735835848218,0.04980202888679367,0.09179186218362749,0.01416413763067104
0.6199999999999317,6,4,99.38330877992793,26.787101894759726,0.2695332065676789,0.8886638050437926,1,31.189356827233944,4.969732339799774,0.15934064839260487,0.15934064839260487,1,34.698369712671784,3.019533820164509,0.08702235422495314,0.08702235422495314,2,18.728043870632447,8.091964461656914,0.43207739780799903,0.821083667951244,2,14.76753836938976,10.705871273138527,0.724959773616009,0.8886638050437926,-0.041454629874693595,0.001564179606903857,0.269465374521714,0.0087004081018567,0.010072668172522458,0.0018988806080596377,0.0029634515513524296,0.07719745134932066,0.13022497038606526,0.024206646455822052
0.6299999999999306,6,4,95.69100013136368,26.014607020985252,0.271860540544802,1.0000000000000002,1,31.196563172664906,5.000159622525966,0.16027918187177786,0.16027918187177786,1,34.682840335209015,3.0390945274118923,0.08762530686757773,0.08762530686757773,2,15.031541205405704,7.303295092812648,0.48586468899052127,1.0000000000000002,2,14.780055418084052,10.672057778234745,0.7220580353966068,0.8762123880523841,-0.04143663972963104,0.0015687806504196154,0.26946159764098565,0.008719129813155061,0.010099641453629656,0.0018793545004527597,0.0029972676722849036,0.026179693155544956,0.1035225887586575,0.020121883662727647
0.6399999999999295,6,4,99.17991525470067,26.425935139312625,0.26644442144812336,0.8843299785572835,1,31.171119083330076,4.948228850034463,0.15874402317113837,0.15874402317113837,1,34.677149983835854,2.978436052234627,0.08589045102100297,0.08589045102100297,2,18.55729809236427,7.807737968972889,0.4207367866869327,0.7453104037454037,2,14.774348095170476,10.691532268070647,0.7236550945733813,0.8843299785572835,-0.04141880601727338,0.0015733512020662923,0.2694578475827745,0.008737691784902232,0.010126330974785738,0.0018794937996054752,0.002794380496211571,0.032052174037797414,0.09891249732621298,0.015186039028030797
0.6499999999999284,6,4,99.22012404899795,26.464995433871707,0.2667301183860895,0.8823993985279014,1,31.162957795390692,4.93742295257461,0.15843884219824933,0.15843884219824933,1,34.66680266724222,2.9570400009465363,0.08529889616098743,0.08529889616098743,2,18.61255718529484,7.884882978558014,0.42363243803960465,0.7660384327960856,2,14.77780640107019,10.685649501792545,0.7230876634720769,0.8823993985279014,-0.04140111344767744,0.0015778703863501174,0.26945415994450767,0.00875610303060724,0.010152938354568094,0.0018584946968752975,0.0028037653327942134,0.04783114766723124,0.08802661478980858,0.013328094888374243
0.6599999999999273,6,4,99.25394279364261,26.498802649011292,0.266979848892296,0.8804537282181171,1,31.154535922076253,4.926617416603104,0.1581348356119174,0.1581348356119174,1,34.65668322759115,2.9371563181216738,0.08475006967150629,0.08475006967150629,2,18.66133739314225,7.955397524546958,0.42630371858934624,0.7841175625099105,2,14.781386250832949,10.679631389739555,0.7225054002724369,0.8804537282181171,-0.04138357524705821,0.0015823456739299069,0.26945050850293606,0.008774353488628676,0.010179310740229172,0.0018378706376416703,0.0028088619974436023,0.06168678855266712,0.10604836306951915,0.013145527549903217
0.6699999999999262,6,4,95.57311160087778,25.95688810500645,0.27159195374327494,1.0,1,31.16098794703519,4.956898848160975,0.1590738668679662,0.1590738668679662,1,34.642203362607546,2.9644739051127473,0.08557405757604239,0.08557405757604239,2,14.976323554352346,7.379213930325328,0.4927253276509786,1.0,2,14.793596736882694,10.656301421407399,0.720332020058355,0.8694035135520205,-0.0413661801124065,0.0015868658772960618,0.26944682631155853,0.008792474444095942,0.010205237190695611,0.0018186553298525578,0.002860471361473084,0.020318568629943506,0.10627251541268506,0.02424642301786392
0.6799999999999251,6,4,95.61665015436847,25.847544893298,0.27032472745665515,1.0,1,31.151877468657915,4.944652282680445,0.15872726411611268,0.15872726411611268,1,34.63253654967071,2.9455549549031037,0.0850516666799305,0.0850516666799305,2,15.034734221615254,7.305164018344208,0.4858858101955446,1.0,2,14.797501914424588,10.652173637370241,0.7198629673422454,0.8677138950609466,-0.04134894788012614,0.0015912434751451708,0.2694432487758618,0.008810404089539517,0.010231151788787248,0.001797845901150393,0.0028540093958681558,0.02950504682298831,0.09634898004007213,0.016138438012644182
0.689999999999924,6,4,99.09031182313137,26.186018240579426,0.26426416224544197,0.8738397510831045,1,31.12540462722066,4.896092382476072,0.15730212799207127,0.15730212799207127,1,34.62776833395759,2.8924000985194107,0.0835283426475679,0.0835283426475679,2,18.54423602766794,7.741302593233955,0.41745060738463197,0.7268027690236352,2,14.792902834285178,10.656223166349987,0.7203605192114355,0.8738397510831045,-0.04133188013622878,0.0015955930242226742,0.26943966430266536,0.008828168503237985,0.010256608728895623,0.0017984500110167826,0.002642719614842892,0.030578176308976714,0.09535684192107305,0.015425086669489453
0.6999999999999229,6,4,99.12940867373837,26.22691303941391,0.26457247541679335,0.8718188412667577,1,31.116271907010407,4.8860534971592315,0.15702567170517678,0.15702567170517678,1,34.618529007654715,2.8774187595665945,0.08311788056997889,0.08311788056997889,2,18.59776513630455,7.813970245390733,0.4201564106289924,0.746202512159747,2,14.7968426227687,10.64947053729735,0.7197123608593657,0.8718188412667577,-0.04131495136269077,0.0015998898177503349,0.2694361252561966,0.008845784943613159,0.010281912128237598,0.001777723934856288,0.0026454306230043563,0.04510764280788556,0.08442863170066431,0.0122297690955585
0.7099999999999218,6,4,99.16595621032722,26.26731313179189,0.2648823662435112,0.86979829664893,1,31.10696692218202,4.876089995826699,0.1567523445157752,0.1567523445157752,1,34.60945683238602,2.863376513274089,0.08273393388233317,0.08273393388233317,2,18.648633864722704,7.885209765093387,0.4228304240564077,0.7644370439679182,2,14.800898591036471,10.642636857597715,0.7190534272049517,0.86979829664893,-0.04129817532393449,0.001604139351950427,0.26943261411651337,0.008863241969989723,0.010306952506681765,0.0017571468385464129,0.002647602088252051,0.05880169204880788,0.10000639981660751,0.012058683678147398
0.7199999999999207,6,4,99.21470345850574,26.330294978595024,0.26538702491417576,0.8677541915863527,1,31.097531372793288,4.866409177194006,0.156488600939287,0.156488600939287,1,34.600551821130736,2.850542677699111,0.0823843126096697,0.0823843126096697,2,18.71171939200685,7.9775882181086395,0.42634180488600393,0.7870165357350527,2,14.804900872574866,10.635754905593268,0.7183941991327565,0.8677541915863527,-0.041281553453686226,0.0016083446441177939,0.26942912228484517,0.00888053924656756,0.01033168438578062,0.0017372296977811123,0.0026560364257944133,0.07490456513492401,0.12329476505414319,0.025636485099440345
0.7299999999999196,6,4,95.47535429303261,25.81312897985393,0.2703643172732134,0.9981387510629335,1,31.10274625399698,4.893725195700603,0.15734061409679267,0.15734061409679267,1,34.58733079986154,2.8820717613347333,0.08332738302390975,0.08332738302390975,2,14.967897180727824,7.412955203097637,0.4952569565110532,0.9981387510629335,2,14.817380058446261,10.624376819720954,0.7170212802677491,0.8585557859012705,-0.041265085736702026,0.001612508173868495,0.26942564466117075,0.008897677548129066,0.010356085084869762,0.0017182450807805298,0.002674835061028859,0.021716941812059642,0.0989408621551375,0.021903883696759698
0.7399999999999185,6,4,99.00548795416331,25.96057172026374,0.26221346166469817,0.8629271228334534,1,31.075455843784244,4.847570834442383,0.15599355513273994,0.15599355513273994,1,34.58316571844313,2.83318420608946,0.0819237957899999,0.0819237957899999,2,18.53313678597802,7.663621768577835,0.4135091569807035,0.7058894734168177,2,14.813729605957919,10.616194911154063,0.7166456519419894,0.8629271228334534,-0.04124877266931592,0.0016166320079403686,0.2694221775627992,0.00891465698786631,0.010380138357709207,0.0017191708635394727,0.002480738483319506,0.027024971121308288,0.09288200431655493,0.017143346001347474
0.7499999999999174,6,4,99.01632678955117,25.960446843570068,0.26218349726046974,0.8608711725768464,1,31.065587420038014,4.837788198313697,0.15572820603396068,0.15572820603396068,1,34.57474824808378,2.8218389201594825,0.0816156028067645,0.0816156028067645,2,18.55778444939444,7.692287641639715,0.41450463349307426,0.7138769248779833,2,14.81820667203494,10.608532083457174,0.7159120073198666,0.8608711725768464,-0.04123261736834877,0.001620626199567172,0.26941879084306464,0.008931453646909945,0.01040409473426112,0.001698996558952352,0.0024652087767477408,0.034233622841379596,0.0868449534518445,0.011870854754877038
0.7599999999999163,6,4,99.03748121399971,25.976074779266884,0.2622852930108138,0.8588052031986771,1,31.055649216753025,4.828213297741636,0.15546972674900794,0.15546972674900794,1,34.56647621528359,2.81134679726333,0.08133159943044153,0.08133159943044153,2,18.592661795936692,7.735686911440412,0.4160612932318813,0.7255368757352029,2,14.822693986026408,10.600827772821505,0.7151755128194022,0.8588052031986771,-0.04121660884008425,0.0016245782694575338,0.26941542124088275,0.00894809823036119,0.010427748638587381,0.0016790250261687592,0.002455565665226103,0.04379762581819129,0.07950073555173079,0.011819417285895594
0.7699999999999152,6,4,99.07158100427407,26.01245900510763,0.26256226802301075,0.856727317424134,1,31.04564480614913,4.818960301100298,0.15522178170851902,0.15522178170851902,1,34.5583384611414,2.801707720856913,0.0810718294227962,0.0810718294227962,2,18.640439542285584,7.7986881609098955,0.41837469246466413,0.7418340676336687,2,14.827158194697951,10.593102822240525,0.7144391853881019,0.856727317424134,-0.041200746289024134,0.0016284888209535631,0.2694120673305549,0.008964591707366302,0.010451094340980046,0.0016594146166279578,0.002453294329048095,0.05624843324313361,0.09356621624923417,0.011766370761404304
0.7799999999999141,6,4,99.06440233704758,25.988507844636437,0.26233952087264945,0.854651737045277,1,31.03543074211991,4.809272463319015,0.1549607125894368,0.1549607125894368,1,34.550313922954835,2.7920705567062383,0.08081172758465788,0.08081172758465788,2,18.64678834258902,7.802202241082335,0.4184207005375938,0.7427524088942765,2,14.83186932938382,10.584962583528847,0.7136634195231676,0.854651737045277,-0.04118504955808003,0.0016322846420724943,0.26940876810168407,0.008980898732262736,0.01047421813288669,0.0016402101722431794,0.002428933710300569,0.058654020498686565,0.0967561374042324,0.011977325579054217
0.789999999999913,6,4,99.10469969584328,26.037863292613906,0.26273086314297167,0.8525194718183049,1,31.02522403057045,4.8003163884158315,0.15472302097434912,0.15472302097434912,1,34.54244747257135,2.783844418542873,0.08059198528863372,0.08059198528863372,2,18.700766623601538,7.876764913119249,0.4212001075495097,0.760746218357063,2,14.836261569099943,10.576937572535954,0.7129112359790792,0.8525194718183049,-0.04116949613200095,0.0016360566089380021,0.2694054625640124,0.008997061876846218,0.010496944756326036,0.0016223639465494627,0.002427869578660568,0.07175352672071805,0.11538586882233795,0.024519900174986904
0.7999999999999119,6,4,95.34453530021781,25.519233355248957,0.2676528159154042,0.9729791281759363,1,31.029613877655045,4.824942498877702,0.15549476438545778,0.15549476438545778,1,34.5305223161654,2.8171911500514115,0.08158553537814713,0.08158553537814713,2,14.935889022053502,7.3026164692894415,0.4889308201545154,0.9729791281759363,2,14.848510084343864,10.574483237030403,0.7121578647934544,0.8447654136586425,-0.041154081535312505,0.0016398016225060569,0.26940216070950956,0.009013084316309193,0.010519331689907109,0.0016053204029996806,0.002444245724048505,0.018189124616311766,0.0980827770853252,0.023820554866618403
0.8099999999999108,6,4,95.36567331294594,25.507091880557958,0.2674661751388836,0.9775915446832889,1,31.019101160600012,4.815100491646734,0.15523017468226324,0.15523017468226324,1,34.522807861729305,2.8090945169620505,0.08136923648311085,0.08136923648311085,2,14.970492618982176,7.315284943019316,0.48864690890289975,0.9775915446832889,2,14.853271671634452,10.567611928929857,0.7114669523692215,0.8428676195010797,-0.04113882014070198,0.0016434347971936766,0.2693989234152541,0.009028932460248757,0.01054157574147425,0.0015869164127199232,0.0024285058684237752,0.023650798216542503,0.08967216059596489,0.018831315009185348
0.8199999999999097,6,4,98.88429739031545,25.632804336597307,0.25922016956261185,0.845412630596791,1,30.991221788664813,4.773825440383948,0.15403798769011418,0.15403798769011418,1,34.51907956875235,2.7678538682073173,0.08018330450250061,0.08018330450250061,2,18.523232526171807,7.5447867689848795,0.4073148009303838,0.6765030342511615,2,14.850763506726478,10.54633825902116,0.7101546162420754,0.845412630596791,-0.041123704936248805,0.001647054874274308,0.2693956670205172,0.009044636676323306,0.010563366269165547,0.0015904860447941024,0.002230675821131531,0.02420356801206961,0.08859093096622829,0.018352086665223526
0.8299999999999086,6,4,98.89416850948889,25.62929666260561,0.2591588265403787,0.8433086889481326,1,30.980730745451844,4.7649799029269735,0.15380463237222064,0.15380463237222064,1,34.51162425229309,2.7611832873829165,0.08000734092367306,0.08000734092367306,2,18.546217506276392,7.565400483279392,0.407921479445559,0.6826414291483379,2,14.855596005467568,10.537732989016328,0.7093443430433851,0.8433086889481326,-0.041108732682950774,0.001650568441248684,0.2693924745965491,0.009060177592339791,0.010585032297988572,0.0015725328167354579,0.002213853018918474,0.03039337328727903,0.08264930806752029,0.01255406613116317
0.8399999999999075,6,4,98.88258297717326,25.596347542373266,0.2588559761660161,0.8412172109503682,1,30.97009657598248,4.755973047741511,0.15356661985451478,0.15356661985451478,1,34.50421168886277,2.75484066507282,0.07984070727116553,0.07984070727116553,2,18.547761312070545,7.556591957666736,0.40741261603086537,0.6807156731127136,2,14.860513400257467,10.528941871892197,0.7085180429708288,0.8412172109503682,-0.04109391370940804,0.0016539905347436295,0.2693893202892677,0.009075549491611759,0.010606443972174346,0.0015554157924176288,0.0021866167083494244,0.03125701764075506,0.08154316725589102,0.011723263216100148
0.8499999999999064,6,4,98.90189524231803,25.605844954546058,0.25890145878205434,0.839091238096358,1,30.959538784836827,4.747455996910153,0.15334388635128288,0.15334388635128288,1,34.49696061764261,2.7491281188542023,0.07969189370985424,0.07969189370985424,2,18.58003357231977,7.589088842040954,0.40845398973589875,0.6899727720993982,2,14.865362267518833,10.52017199674075,0.7076969809022128,0.839091238096358,-0.04107921741694883,0.0016573930054886012,0.26938616823079164,0.009090797866547545,0.01062753711101391,0.0015382827178661916,0.002175024966473709,0.039406059561716056,0.07466120696180661,0.011258733377795007
0.8599999999999053,6,4,98.89364661144023,25.576585232582712,0.25862718292788645,0.8369966740623006,1,30.948841001294635,4.738762049355833,0.15311597772458113,0.15311597772458113,1,34.48971934017689,2.742669916657553,0.07952137532944872,0.07952137532944872,2,18.584730314298966,7.583909412371318,0.4080720722934736,0.6890508708280019,2,14.870355955669734,10.511243854198009,0.706858926950589,0.8369966740623006,-0.04106466939695689,0.0016607060458500844,0.26938305708906574,0.009105882274304538,0.010648401275580966,0.0015215958994578755,0.0021505543323588447,0.040948460506746276,0.07306076778132824,0.011191783269490833
0.8699999999999042,6,4,98.92471661965928,25.602228535178718,0.25880517437935013,0.8348463647602591,1,30.938238732781258,4.73061869862298,0.15290523612162038,0.15290523612162038,1,34.48263813008329,2.736826847261407,0.07936825590132993,0.07936825590132993,2,18.628632169512954,7.632482556233512,0.40971781968643933,0.7023667879097001,2,14.875207587281775,10.50230043306082,0.7060271509783992,0.8348463647602591,-0.041050238920230374,0.001664003654672611,0.26937994463171216,0.009120849182378812,0.010668937313368236,0.0015053887781314413,0.0021455929463616076,0.05152614595704434,0.08206101927592542,0.011125504158043292
0.8799999999999031,6,4,98.87413502749737,25.513025668506373,0.25803538672081505,0.832779039893136,1,30.927328515874848,4.721637152544302,0.15266876833932516,0.15266876833932516,1,34.47549374711353,2.7312807011245654,0.07922383131505528,0.07922383131505528,2,18.59089789682298,7.56710772168775,0.4070329342716094,0.6856477505763049,2,14.880414867686014,10.493000093149757,0.7051550770896938,0.832779039893136,-0.04103597745769265,0.0016671495066931227,0.26937690690581984,0.009135618062551558,0.010689325723648875,0.0014896010204386914,0.002100406158959023,0.04296842900188572,0.07050482693498739,0.011054665281140533
0.889999999999902,6,4,98.89544671976577,25.525423300950187,0.2581051418199271,0.8305870039353678,1,30.916594009551865,4.7136376067716625,0.15246303021980223,0.15246303021980223,1,34.46859570457018,2.7263500623963566,0.07909663874222966,0.07909663874222966,2,18.62499006880514,7.60178456547063,0.4081497245038967,0.6948324220546739,2,14.885266936838587,10.48365106631154,0.7042971490397816,0.8305870039353678,-0.041021825916560443,0.0016702977125109355,0.26937384890129473,0.009150281422176318,0.010709316725810441,0.0014750504810790233,0.0020887882154359107,0.050664466438099395,0.07993103770828379,0.01098623270743114
0.8999999999999009,6,4,98.8901116929985,25.500188602051388,0.2578638871519934,0.8284394715345796,1,30.905776219572864,4.705430584088397,0.15225084627087968,0.15225084627087968,1,34.46172087666701,2.721793527656281,0.07898019769230749,0.07898019769230749,2,18.632277903943706,7.598759135708097,0.40782770495816534,0.6941850469890803,2,14.890336692814923,10.474205354598613,0.7034230031650501,0.8284394715345796,-0.04100780690484362,0.0016733729099187823,0.26937082772566684,0.0091647994384785,0.010729100538955183,0.0014600936105024732,0.002066393862005069,0.0523552253296539,0.08200910010258172,0.010917043816855772
0.9099999999998998,6,4,98.87787750474433,25.464058441178295,0.25753039085973994,0.8262856876085471,1,30.894914336098594,4.697265647834818,0.1520400929659282,0.1520400929659282,1,34.4549122584875,2.7176830673566355,0.0788765052416342,0.0788765052416342,2,18.632606884785915,7.584536919147809,0.40705720708039045,0.6908473991187153,2,14.895444025372335,10.464572806839033,0.7025351368521863,0.8262856876085471,-0.040993921106656804,0.0016763826899394438,0.2693678339737736,0.009179173445380554,0.010748635730913936,0.0014456375875688762,0.0020401560356822068,0.052286732578779825,0.08150153410757034,0.010846676102205082
0.9199999999998987,6,4,95.70156957431658,22.934497942650204,0.23964599582497478,0.9834878823226274,1,30.91087858850864,4.731959599771115,0.15308395671193434,0.15308395671193434,1,34.42468498947248,2.8745526057388195,0.08350265533636388,0.08350265533636388,2,15.277010468266447,7.339370208949953,0.48041926947653557,0.9834878823226274,2,15.088995528069015,7.9886155281903175,0.5294332225978627,0.864847860290879,-0.04098004770106483,0.0016779562967815076,0.26936460483203933,0.009193289806568165,0.010765366187408275,0.0014166273246090549,0.002609447101857725,0.06493497659040154,0.12076348828288322,0.021569560660820282
0.9299999999998976,6,4,98.62032020874635,28.708924509778328,0.29110556981574487,1.0,1,30.89572723334488,4.675455266129416,0.15133015742977332,0.15133015742977332,1,34.404456863132474,2.869532593457032,0.08340583910022421,0.08340583910022421,2,18.230404436620415,12.94939410775336,0.7103185314825601,1.0,2,15.089731675648583,8.214542542438519,0.5443796297382103,0.8353987486832168,-0.04096625675522403,0.0016767141434047865,0.26936117901353634,0.009206826471404405,0.010776959062592168,0.0014441933968174158,0.0030037668389198188,0.030501855799064365,0.13189300684118008,0.01971310673411501
0.9399999999998965,6,4,95.20303420782629,21.99020956891806,0.2309822344623374,0.9808980734621393,1,30.857168852497967,4.616993965713742,0.14962467839430396,0.14962467839430396,1,34.425289264490154,2.5124531657557285,0.07298277572782332,0.07298277572782332,2,18.507826922607386,7.495767164490583,0.40500525511909086,0.6664771883603994,2,11.41274916823079,7.364995272958009,0.6453305127794843,0.9808980734621393,-0.04095245116186719,0.0016744469241018272,0.26935778339326394,0.009220191428129828,0.010787705098744174,0.0014562382872587206,0.0026577654587622763,0.045780051871667636,0.11627013107801101,0.020827999088591117
0.9499999999998954,6,4,98.64056407559069,25.2146813491997,0.25562182845869647,0.85108821996364,1,30.851824414427657,4.620421038655959,0.14976167945825752,0.14976167945825752,1,34.4161256419666,2.6088761908343385,0.07580388966424235,0.07580388966424235,2,18.436324084594105,7.292462549007836,0.39554861997146257,0.6214976967206738,2,14.936289934602321,10.692921570701568,0.7159021160890626,0.85108821996364,-0.040938362288713885,0.0016743796016463351,0.26935519441498346,0.009234179699155767,0.010805225981952745,0.0014300984415399206,0.0019560710432018997,0.07018397390670306,0.13048142893057263,0.023873632204985475
0.9599999999998943,6,4,98.46578909916008,31.818716201862763,0.32314488608647307,1.0,1,30.84829408701633,4.634950095110954,0.15024980253484252,0.15024980253484252,1,34.397656528210796,2.709866096620505,0.07878054408729976,0.07878054408729976,2,18.333874516287636,13.705281167920642,0.747538724329383,1.0,2,14.885963967645317,10.768618842210662,0.7234075579933072,0.8636829796231684,-0.04092453111812663,0.0016755065745453475,0.2693525828930686,0.009248134018663931,0.010822870194368091,0.0014033323469553258,0.0019587719956968837,0.08395232050194704,0.12270911217083191,0.026151596837725923
0.9699999999998932,6,4,98.43622333732371,24.918224128191827,0.25314079800483036,0.8274490320588788,1,30.826418087090072,4.613797214705348,0.14967023420205863,0.14967023420205863,1,34.40341347418205,2.623076421955678,0.07624465589509478,0.07624465589509478,2,18.311113542089117,7.087978388489069,0.3870861470110463,0.5661527534503678,2,14.895278233962468,10.593372103041732,0.7111899446690405,0.8274490320588788,-0.04091081144701461,0.0016767317339060645,0.26934979035476586,0.009262009909542531,0.010838437035757646,0.0014143084074686027,0.0017059721873315516,0.008831918756344419,0.1036878688666754,0.034332024590846215
0.9799999999998921,6,4,98.55337103866579,25.226814174453473,0.2559710937189165,0.8219329559693246,1,30.814545428955043,4.613866038594241,0.14973013472588173,0.14973013472588173,1,34.398465617987256,2.631458757540529,0.07649930629942157,0.07649930629942157,2,18.433207796599103,7.414400992204914,0.40223064124372643,0.6372543491076958,2,14.907152195124382,10.56708838611379,0.708860300599193,0.8219329559693246,-0.040897256501151426,0.0016786411624727185,0.2693471985949876,0.009275834421762035,0.01085611121655701,0.0014007922570652412,0.001832165599486597,0.04579638120245228,0.08318548858414465,0.01051640583596115
0.989999999999891,6,4,95.14994203225024,25.04536159245102,0.26321993537276267,0.9099824346688499,1,30.81765464997029,4.63893933539331,0.15052863003634775,0.15052863003634775,1,34.39103195326608,2.6726410083737546,0.07771331235438363,0.07771331235438363,2,15.011828985017303,7.132300137639578,0.47511200299164325,0.9099824346688499,2,14.929426443996569,10.601481111044377,0.7101063896066451,0.8186669735022871,-0.04088370263487871,0.0016813712039538667,0.26934452752747773,0.009289812233388078,0.010874479529306622,0.001388691948985563,0.002028562564187203,0.05314304118709225,0.09332524272985862,0.013017804059354076
0.9999999999998899,6,4,98.44222351165706,25.005470524058246,0.25401163882789807,0.8151609520803316,1,30.786357013202824,4.615364650399718,0.14991590750475622,0.14991590750475622,1,34.38671083816896,2.6722297568197813,0.07771111838511838,0.07771111838511838,2,18.328049789859648,7.197727099706475,0.3927164745967003,0.5818744733357784,2,14.941105870425627,10.520149017132274,0.7041077888321386,0.8151609520803316,-0.040870235982684675,0.001684485017812781,0.26934189431694966,0.009303771593749616,0.010893400051324437,0.001421658560018589,0.0018783791271813851,0.01563801524201447,0.09488240061549276,0.022237286453734805
1.0099999999998888,6,4,94.9228784673708,24.834939479931315,0.26163281056071414,0.8574990538907409,1,30.790562489691286,4.638594360885491,0.15064987404626,0.15064987404626,1,34.38033447089933,2.7077290916607173,0.07875807880672686,0.07875807880672686,2,14.789154982684233,6.936679905915476,0.4690382860979707,0.8574990538907409,2,14.962826524095945,10.55193612146963,0.7052100820975854,0.8132472752747679,-0.040856776562943224,0.001687902772289875,0.2693392808570602,0.009317777837886497,0.010912690063884158,0.001397511657140982,0.002000724899771809,0.02153102366040601,0.08623420322390528,0.015748957773144535
1.0199999999998877,6,4,94.83027331049207,24.744778768621448,0.26093754562535537,0.8351323524453647,1,30.777504276735623,4.636537653155378,0.15064696641631486,0.15064696641631486,1,34.374797601501555,2.7221433877623555,0.07919009209361708,0.07919009209361708,2,14.699855548643916,6.856545207920861,0.4664362302902621,0.8351323524453647,2,14.97811588361098,10.529552519782854,0.7029957974423382,0.8108746924397623,-0.04084340796758499,0.0016914496849989224,0.26933668826550733,0.009331717292754584,0.010932027556935215,0.0013959173004188872,0.0019806225425197284,0.008456421730377207,0.10171532607841414,0.027951409838590974
1.0299999999998866,6,4,98.57952643401003,25.193163586939814,0.2555618240244269,0.8086282580927284,1,30.7497235037561,4.608425452794602,0.14986884198265002,0.14986884198265002,1,34.37001120057861,2.7086927779363057,0.07880977291886089,0.07880977291886089,2,18.47244501164784,7.40967488530973,0.4011204191235943,0.6313844504493962,2,14.987346718027483,10.466370470899177,0.6983471235979172,0.8086282580927284,-0.0408301727938931,0.001694969358002515,0.26933416098938484,0.009345516695684522,0.010951414149018141,0.0013905775330515264,0.001923437186569488,0.048250608464853594,0.0815180201339476,0.010117343079326357
1.0399999999998855,6,4,98.54990273870156,25.09190128123172,0.2546111217152716,0.8063406575865408,1,30.737140021675728,4.604717984807558,0.149809578300399,0.149809578300399,1,34.36412435877722,2.719517588480079,0.0791382768868797,0.0791382768868797,2,18.44810659965486,7.320258161739993,0.3968026811963969,0.6119719844206344,2,15.000531758593757,10.447407546204092,0.6964691461833548,0.8063406575865408,-0.04081700387620382,0.0016985239680176328,0.26933160716270804,0.009359259720535515,0.010970451676065083,0.0013847481576623076,0.0018923638046704535,0.039409871013471515,0.07019839699165653,0.009973517354515923
1.0499999999998844,6,4,98.66738844445584,22.853445055307635,0.23162105955781764,0.8690381174600079,1,30.731711202942794,4.626330325909125,0.1505393010938525,0.1505393010938525,1,34.34390351859633,2.8596526356957797,0.08326521864782646,0.08326521864782646,2,18.400119212113815,7.217568491580124,0.3922566157521632,0.5890891939362916,2,15.191654510802904,8.149893602122606,0.5364717579857515,0.8690381174600079,-0.040803944497933876,0.0017019095185859755,0.2693290534761365,0.009372865004287897,0.010989050355205409,0.0013706041827725446,0.0017890678791727455,0.026898182685140982,0.07710840929826687,0.010751284635869532
1.0599999999998833,6,4,98.6315543884607,22.516015339452146,0.22828409710317193,0.8500755698658462,1,30.724088228772096,4.603628424027831,0.14983775563164425,0.14983775563164425,1,34.33492533528753,2.839170325870675,0.08269044706361232,0.08269044706361232,2,18.365399665816668,7.1075067346948035,0.3870052851571716,0.566734416277547,2,15.207141158584413,7.965709854858835,0.5238137643223099,0.8500755698658462,-0.04079094160164533,0.0017035538944903494,0.2693261673616392,0.009386122960575938,0.011004152343912952,0.0013414188413293135,0.0018245163549993858,0.014543581660150427,0.10481097146369234,0.021057848517320576
1.0699999999998822,6,4,94.77995333585109,28.37126662448861,0.2993382632713009,1.0000000000000002,1,30.70754143716379,4.577565116245066,0.14906973668380594,0.14906973668380594,1,34.331385706288415,2.6981058006510423,0.07859006402286976,0.07859006402286976,2,18.187150983146175,13.547265785157771,0.7448811415109419,1.0000000000000002,2,11.553875209252714,7.54832992243473,0.6533158603262207,0.94922855449835,-0.04077807571937702,0.0017035375302863552,0.2693233706722001,0.00939893949310058,0.011018176702497847,0.0013480096948445092,0.002374829205634071,0.04334325231806746,0.10230197553154267,0.016585636937880555
1.079999999999881,6,4,95.11972455829654,24.94231631904529,0.2622202328157369,0.8713445663658932,1,30.710835081742978,4.576435815714816,0.1490169773480182,0.1490169773480182,1,34.33187749005914,2.707744648717309,0.07886969331931647,0.07886969331931647,2,15.026795721798019,6.972369292178822,0.4639957460834204,0.8713445663658932,2,15.050216264696399,10.685766562434342,0.7100075091611915,0.8251863826505639,-0.040764914185544524,0.0017043219875388044,0.26932103383835276,0.009412158814051936,0.011035068224218644,0.0013114759940379926,0.00204260173047414,0.08968059151558516,0.12452551517238353,0.019891518282619654
1.08999999999988,6,4,98.38259731573534,24.8274027343028,0.25235563414355905,0.807796294079709,1,30.681536752012086,4.552174770934576,0.1483685386337777,0.1483685386337777,1,34.32807228145998,2.689029760114355,0.07833325850827502,0.07833325850827502,2,18.354457594389643,7.050969596657834,0.384155704977797,0.5510879525824929,2,15.018530687873625,10.535228606596036,0.7014819775347577,0.807796294079709,-0.04075212376409485,0.0017057350694604045,0.26931861702933635,0.009425134098845872,0.01105078799537946,0.0013128801420775812,0.0015946405583352546,0.023044017797249478,0.08823853413974969,0.023403985792190565
1.0999999999998789,6,4,98.54278401877912,25.10920688804645,0.2548051299551415,0.8008181211109423,1,30.671252727526053,4.550519957945168,0.14836433315491165,0.14836433315491165,1,34.32410621740638,2.6906960980105037,0.07839085687964695,0.07839085687964695,2,18.52451176579682,7.369537191751421,0.3978262577132178,0.6243914231231271,2,15.022913308049866,10.498453640339356,0.698829409786574,0.8008181211109423,-0.040739564191522026,0.001707623820822876,0.2693162399948268,0.009437966438027417,0.011066787448364033,0.0012865328913167615,0.001659241176963799,0.05967819374189659,0.09705005733695235,0.02009530771481362
1.1099999999998778,6,4,98.52101306489078,25.03789604936856,0.2541376227310754,0.7969087704270423,1,30.65838695447369,4.550060802508255,0.14841161765179908,0.14841161765179908,1,34.31904930233208,2.703608509113326,0.0787786539567577,0.0787786539567577,2,18.5052133767297,7.315162622865744,0.3953027978626044,0.6105855673749188,2,15.038363431355302,10.469064114881235,0.6961571425420546,0.7969087704270423,-0.04072707810329437,0.001710062098349414,0.2693138069798598,0.009450830394144114,0.011082949419146493,0.001290693497687815,0.001656119667450276,0.049098175670858356,0.08887864436502109,0.014308636542358389
1.1199999999998766,6,4,98.67889261452338,25.27807202612758,0.2561649341250026,0.7952664865571685,1,30.648566218825295,4.547673702394106,0.1483812870698266,0.1483812870698266,1,34.31479306682259,2.708496901946691,0.07893088256928506,0.07893088256928506,2,18.65876272738436,7.569899154037222,0.40570209636287025,0.6687729662219464,2,15.056770601491136,10.452002267749565,0.6941729102729678,0.7952664865571685,-0.040714761311952063,0.0017126863162882742,0.26931147171845476,0.009463555087283804,0.011099661320657744,0.001263845840724592,0.0017212764716896167,0.08630379014491459,0.14290848520856353,0.0498278059790174
1.1299999999998755,6,4,98.31027830257796,24.64689684928614,0.2507051884588128,0.7963739567981893,1,30.63632347965314,4.535368358964361,0.1480389238603153,0.1480389238603153,1,34.30749231796438,2.7087665744862535,0.07895553978067543,0.07895553978067543,2,18.29782036340827,6.957727328272455,0.38024896900761046,0.5218285403620109,2,15.068642141552171,10.44503458756307,0.6931636234668163,0.7963739567981893,-0.04070271238984542,0.0017146178362761498,0.26930902762223197,0.009475899861739549,0.011114105892914346,0.001251607457077126,0.0014719521816514301,-0.0006078983299555312,0.09715540189536064,0.031193857797197376
1.1399999999998744,6,4,98.40936969617523,24.83283378354727,0.2523421688424087,0.793301099514571,1,30.625771899698492,4.531431373965811,0.14796137673873364,0.14796137673873364,1,34.30303000506466,2.710373552884351,0.07901265726334317,0.07901265726334317,2,18.39560885036265,7.166696405194955,0.3895873446479414,0.5693469576188969,2,15.084958941049429,10.424332451502153,0.6910414865721175,0.793301099514571,-0.04069083033795613,0.0017166110267428044,0.26930674692369355,0.009488080472615639,0.011129422470081224,0.0012386086617925927,0.001555152491643174,0.03386502058044229,0.071475497884108,0.009118985819134522
1.1499999999998733,6,4,98.78897324305883,22.595129606640548,0.2287211706416651,0.8499219744643303,1,30.623893974462487,4.548439867062689,0.1485258494839249,0.1485258494839249,1,34.28410973755048,2.8292462886507335,0.08252354546491067,0.08252354546491067,2,18.586232599827696,7.422069423233759,0.39933156885718546,0.6401683344388632,2,15.294736931218175,7.795374027693365,0.5096768949181586,0.8499219744643303,-0.04067887019747811,0.0017186704981402752,0.269304420466855,0.009500353212335574,0.011144669669806546,0.0012207976836242553,0.0016499732999850256,0.08099504751929025,0.13213450705978216,0.04415689241146404
1.1599999999998722,6,4,94.80877784558898,21.20153657844268,0.22362419451258744,0.8346594207825307,1,30.63003706125522,4.5505376077444915,0.14856454788625093,0.14856454788625093,1,34.27425813888738,2.83931374609048,0.08284099788782913,0.08284099788782913,2,14.592235329014631,6.500900683697756,0.44550410112778394,0.7290133827354442,2,15.312247316431744,7.310784540909953,0.47744686915190226,0.8346594207825307,-0.04066686742908217,0.0017191854802404809,0.26930168800890275,0.009512418515411502,0.01115654031273209,0.0012258906964886967,0.0018453162554406988,-0.00530038673778634,0.12522870384605556,0.036166461617925146
1.1699999999998711,6,4,98.45269563254709,24.891487313866165,0.25282687440847873,0.8056714344262634,1,30.589979417095545,4.515072358905634,0.14759971876222763,0.14759971876222763,1,34.282022923318735,2.7291526509988886,0.07960885672071909,0.07960885672071909,2,18.426184601178846,7.120178360571318,0.38641631540562077,0.5636226514506972,2,15.154508690953968,10.527083943390323,0.694650295702041,0.8056714344262634,-0.040654427787423016,0.0017207933933481572,0.26929975855079197,0.009525051370684103,0.011174656277567835,0.0012695341946812487,0.001750566915027454,0.08533697475430937,0.1128301222862973,0.023677843354550955
1.17999999999987,6,4,94.72702470270076,24.38752374564566,0.2574505408798124,0.7858679620124801,1,30.595556185021394,4.531776167446735,0.148118770583597,0.148118770583597,1,34.279065873988856,2.749831622394603,0.08021897774294924,0.08021897774294924,2,14.750714391375457,6.627717860431603,0.4493150422807142,0.7743584129531033,2,15.101688252315057,10.478198095372719,0.6938428287159505,0.7858679620124801,-0.04064222309745036,0.0017229729889848458,0.2692976714775598,0.009537568750870903,0.011191068476326267,0.0012383458459748861,0.0016705860889849834,0.030535637248972607,0.07712238118985655,0.015031959384613243
1.189999999999869,6,4,94.5781249232544,24.238455277256627,0.2562797189828511,0.7784734251006086,1,30.583673305808155,4.530106106144199,0.14812171385848166,0.14812171385848166,1,34.27455685831662,2.7589271003937825,0.08049490214559366,0.08049490214559366,2,14.617915362194205,6.522385527993073,0.4461912226459928,0.7430740559501156,2,15.10197939693543,10.42703654272557,0.6904417142061178,0.7784734251006086,-0.04063018092647744,0.0017254574853041668,0.2692954763892516,0.009549989899387035,0.011206706016859979,0.0012355678444396867,0.001590776568611881,-0.0011169661850985815,0.10351424903825242,0.033283518731000286
1.1999999999998683,6,4,98.30537821505673,24.605437199925834,0.250295941551621,0.7738506037582632,1,30.556165228762246,4.508026025486814,0.14753245349136446,0.14753245349136446,1,34.267578907964975,2.753024122700887,0.08033903212406374,0.08033903212406374,2,18.36584746527687,6.995297718723261,0.3808861928069925,0.5271012870205827,2,15.115786613052641,10.349089333014874,0.6846543681741528,0.7738506037582632,-0.0406184195828249,0.0017279552183797808,0.2692933126443667,0.009562135878980419,0.01122220782621921,0.0012347494993597068,0.0015177846863264509,0.014356345429242422,0.08192644374594357,0.01563539184639401
1.2099999999998672,6,4,94.69616953162621,24.233184824914897,0.2559045940799285,0.7750993988366817,1,30.562943596764555,4.522968791456436,0.14798865093397762,0.14798865093397762,1,34.26555577020636,2.7680627930386392,0.08078266150422252,0.08078266150422252,2,14.728277678901383,6.559571698730895,0.44537262548543893,0.7587020621796369,2,15.139392485753909,10.382581541688927,0.6857990868166528,0.7750993988366817,-0.04060670068962343,0.0017305582151553175,0.2692911078008931,0.009574262463333576,0.011237431106475659,0.0011993083543099217,0.0015586514947381698,0.008251877905538382,0.08760628434445178,0.019542947737791513
1.219999999999866,6,4,95.00784842591071,24.403119934446988,0.25685372670529527,0.8163886210291851,1,30.554259980020557,4.518158828645559,0.1478732861342407,0.1478732861342407,1,34.261151263397565,2.768244767127277,0.0807983580541467,0.0807983580541467,2,15.03251697083131,6.745976151223764,0.4487589246906206,0.8163886210291851,2,15.15992021166128,10.370740187450387,0.6840893647628191,0.774584808099506,-0.04059520263232713,0.0017330893275701094,0.26928894942434317,0.00958615623224563,0.011252583698703118,0.0011642411536412136,0.0015883817696934438,0.049158389598770114,0.09107668815938597,0.01943033542607047
1.229999999999865,6,4,98.49087865250885,21.85809235476264,0.2219301183400078,0.8400801486389124,1,30.536628716980758,4.504199820955328,0.14750154192530884,0.14750154192530884,1,34.238256956659264,2.85900813543172,0.08350332024935776,0.08350332024935776,2,18.33435353798749,6.826678364703433,0.3723435544405226,0.49639712102249034,2,15.381639440881337,7.668206033672158,0.49852982597496026,0.8400801486389124,-0.04058402010721599,0.001734483182001457,0.26928660274799204,0.009597549158856813,0.01126505990920724,0.0011554774188134115,0.0014543714828057735,0.000985859074510328,0.08902886110453796,0.024743832800941095
1.2399999999998639,6,4,98.88138697021344,21.676668638909458,0.21921889754073975,0.7511117537214179,1,30.52471414667331,4.496302816852507,0.14730040698325525,0.14730040698325525,1,34.23127103103166,2.84945364332588,0.08324124572361821,0.08324124572361821,2,18.4931237503501,7.061461550187139,0.381842551075421,0.5596274496978744,2,15.632278042158365,7.2694506285439315,0.46502823254161046,0.7511117537214179,-0.040572693893134115,0.0017345645104658216,0.26928434534973744,0.009608839684057825,0.011277570397503277,0.0011777072005230973,0.0018997574795061064,0.14286840632789125,0.18786201129418373,0.05041086895400611
1.2499999999998628,6,4,94.81027645480857,24.2879153220109,0.25617386880617066,0.7853837657248621,1,30.524904834430373,4.4886122377323625,0.14704754239461088,0.14704754239461088,1,34.2417054843241,2.757964444376773,0.08054401512329382,0.08054401512329382,2,14.838055705086784,6.564515117347607,0.44241073411640847,0.7603963563231246,2,15.205610430967315,10.476823522554156,0.6890103866673681,0.7853837657248621,-0.04056121109961341,0.0017355655312502004,0.2692823819741229,0.009620428341402388,0.011292123880632833,0.0011441275461471522,0.0015820912144832728,0.0540293566807028,0.07992780224276524,0.009738498447175736
1.2599999999998617,6,4,94.54298714928893,24.04516671170199,0.25433051606179163,0.7702211166973975,1,30.51342157961913,4.486814180676162,0.14704395470592016,0.14704395470592016,1,34.237738374724515,2.764389024351247,0.08074099387335744,0.08074099387335744,2,14.61299619466877,6.405066849675168,0.4383130443852381,0.7122543705451058,2,15.17883100027652,10.388896656999416,0.684433251599557,0.7702211166973975,-0.04054993676322716,0.0017371112446483575,0.2692803053803902,0.00963191943658326,0.011305695270551717,0.0011449636954927692,0.0014153638998700203,0.0010886018534493364,0.09373823478595174,0.03315984389790854
1.2699999999998606,6,4,98.35576770955822,24.524133297279338,0.24934107951552373,0.7636064185101609,1,30.48673897638389,4.468913202721173,0.14658547790837687,0.14658547790837687,1,34.23063975223348,2.7608081065227403,0.08065312616141225,0.08065312616141225,2,18.44911448003992,6.99059406116114,0.3789121731953182,0.5309987586070561,2,15.189274500900929,10.303817926874284,0.6783614270887743,0.7636064185101609,-0.040538832168772056,0.00173895636602171,0.2692781998109815,0.00964330037511611,0.011319073403350376,0.0011458911748566827,0.0013501623600528328,0.03044353718924702,0.06446250498240504,0.007880065153009057
1.2799999999998595,6,4,94.60930612271534,23.999080735314593,0.25366511730025787,0.7650379304713749,1,30.49382620305774,4.481220968008829,0.1469550242127201,0.1469550242127201,1,34.22989610067732,2.77396390017125,0.08103921472657817,0.08103921472657817,2,14.672625467340644,6.410287109785697,0.436887530732258,0.7182939940854312,2,15.212958351639635,10.333608757348816,0.6792635934768777,0.7650379304713749,-0.040527927141036695,0.0017409321176960874,0.26927610834252996,0.009654508247902283,0.011332435166334068,0.001115927543290463,0.0013783652881169796,-0.00014128552255860804,0.09408114075580848,0.02590491302569745
1.2899999999998584,6,4,95.20830894683526,21.155845750946696,0.22220587661902716,0.8277424257553521,1,30.49243335368714,4.498781301207649,0.14753762840195425,0.14753762840195425,1,34.21076869605602,2.8847491713243016,0.08432283989154764,0.08432283989154764,2,15.008778607893603,6.5484102940607904,0.4363053427023548,0.7665666987960756,2,15.496328289198491,7.223904984353953,0.466168814285464,0.8277424257553521,-0.04051711483055882,0.0017428840760831048,0.2692740177399785,0.009665620996979206,0.011345629921083398,0.0010878540183936827,0.001424144243962556,0.04314730115868778,0.08419713938474722,0.016182410742015783
1.2999999999998573,6,4,98.46305379733761,21.477171473168877,0.21812416581527566,0.8267271409810142,1,30.46727830831325,4.4618545485614085,0.14644742807052621,0.14644742807052621,1,34.1997882899806,2.869579522863262,0.0839063534116658,0.0839063534116658,2,18.335592362928946,6.715510623601912,0.3662554495473726,0.46974960587938525,2,15.460394836114807,7.430226778142294,0.4805974787128728,0.8267271409810142,-0.04050634287925293,0.0017432677658215125,0.2692715758537934,0.009676438117680222,0.011355607565219441,0.001121812947253179,0.001416368084090281,-0.006477957422054973,0.11183536085395397,0.029169824145570303
1.3099999999998562,6,4,98.41571339692615,24.55158311949946,0.24946812121839768,0.7814400352641676,1,30.446737102375327,4.444122012182529,0.1459638186265883,0.1459638186265883,1,34.206234884545644,2.7842848167213736,0.08139699753916242,0.08139699753916242,2,18.45397491835038,6.88975802996317,0.3733481843584869,0.5108849748715412,2,15.308766491654794,10.433418260632386,0.6815322623360879,0.7814400352641676,-0.04049500274554934,0.0017439322489526223,0.26927002569049174,0.009687796472318615,0.011371761428268663,0.0011502378057170568,0.0015514410766327427,0.06927753921281224,0.10108595760210787,0.01847253235974156
1.319999999999855,6,4,98.57190074255168,24.73563962448833,0.2509400695142567,0.7643708700512649,1,30.439485585851255,4.439108738781614,0.14583389480290626,0.14583389480290626,1,34.204558883109264,2.778993907606777,0.08124630161446365,0.08124630161446365,2,18.665220580864972,7.186275591886457,0.38500887577260207,0.5844105936967724,2,15.262635692726185,10.331261386213482,0.676898904894724,0.7643708700512649,-0.04048389029627578,0.0017451222482257193,0.26926817939291425,0.009699048576248188,0.011385152808134347,0.0011077766259047614,0.0013922109962040095,0.08168140453496552,0.11083395789373919,0.04195157217529701
1.329999999999854,6,4,94.51912289163702,23.849705304386006,0.2523267734057254,0.7598675067003395,1,30.443956775809422,4.448357222515073,0.14611626390330804,0.14611626390330804,1,34.20318888105732,2.796681488712977,0.08176668843476922,0.08176668843476922,2,14.606093863150686,6.273828773623125,0.42953501685013784,0.6827647607818492,2,15.265883371619598,10.330837819534832,0.6767271547967293,0.7598675067003395,-0.04047299013317316,0.0017466897166803497,0.26926619789197387,0.009710170717266464,0.011397660933004644,0.001103281725528926,0.001301179687299316,-0.014190533690864426,0.10984752177024448,0.039471956848125
1.3399999999998529,6,4,98.31588823863729,24.262988471427473,0.24678603739545255,0.7553971392499276,1,30.417520619874093,4.430413491886041,0.14565334062735255,0.14565334062735255,1,34.195331075985486,2.7967177894211357,0.0817865393145791,0.0817865393145791,2,18.419147279204434,6.778555435106222,0.3680167888531593,0.48114088049588105,2,15.283889263573268,10.257301755014074,0.6711185600814794,0.7553971392499276,-0.04046243818107043,0.0017483681429199037,0.26926422313182713,0.009720970929415653,0.011410028959918144,0.0011009666407967853,0.0012375400387264468,0.00502463863339404,0.08240726147756888,0.018941786849812355
1.3499999999998518,6,4,98.75038082864941,21.68130341965924,0.2195566562652594,0.8203077707887705,1,30.418635963460314,4.438538477296348,0.1459151055500332,0.1459151055500332,1,34.178581197263675,2.8924498721630014,0.08462755827894254,0.08462755827894254,2,18.59859122253126,6.973980993235648,0.3749736154632518,0.5413296998639958,2,15.554572445394165,7.376334076964243,0.47422287580449923,0.8203077707887705,-0.040452034611205515,0.001749858597091243,0.2692621873190121,0.00973159658027698,0.011421778802093609,0.0010633682169866568,0.0012343045181493135,0.0460137778718559,0.08938718296876284,0.02260525527982104
1.3599999999998507,6,4,98.82245497640264,21.074264018572897,0.21325379969163005,0.7343503342405301,1,30.405041604595034,4.431898405613295,0.14576195827153593,0.14576195827153593,1,34.17064356298441,2.901059602464726,0.0848991795286911,0.0848991795286911,2,18.450514990119956,6.705660957419198,0.3634403137804015,0.4782146987078895,2,15.79625481870324,7.0356450530756796,0.44539956678498654,0.7343503342405301,-0.04044149862934196,0.0017502595762152369,0.2692601645413846,0.00974215553657169,0.011433433508537658,0.0011079863895421397,0.001618715472438592,0.1028713076368461,0.1597568361197931,0.047724211078192864
1.3699999999998496,6,4,98.54323320651044,24.54519072366991,0.24908042820385448,0.7631885219557305,1,30.39242897953187,4.410537243019005,0.14511960350353476,0.14511960350353476,1,34.18096661963327,2.806434211570535,0.08210517399348626,0.08210517399348626,2,18.620492734876102,6.993502393552129,0.375580952294207,0.5419633262848248,2,15.3493448724692,10.334716875528244,0.6733001936821901,0.7631885219557305,-0.040430947414209335,0.001751279131743999,0.2692584011706958,0.00975282116350248,0.011446553825381747,0.0010635798657672119,0.0013086588274828612,0.07388617646778299,0.09642247992296991,0.023497097726907914
1.3799999999998485,6,4,98.6156319998758,24.64578629204368,0.24991764279394083,0.7523016902156834,1,30.3855751722265,4.405174156200871,0.14497583577839782,0.14497583577839782,1,34.178916277761914,2.80420023267919,0.0820447380452407,0.0820447380452407,2,18.72549316209524,7.173825603700984,0.38310476213371397,0.5805887375943433,2,15.325647387792145,10.262586299462635,0.6696347658133802,0.7523016902156834,-0.040420736632133906,0.0017526080855918551,0.2692565297208777,0.00976321679655342,0.011458414583979872,0.0010228443218126824,0.0012312039153579372,0.07820486662074684,0.11955658940576705,0.0473277653903953
1.3899999999998474,6,4,94.53647650975188,23.699280137383944,0.2506892684427397,0.7510557474649385,1,30.390766930019517,4.412299675784325,0.145185532367264,0.145185532367264,1,34.17832389484812,2.819366320985464,0.08248989416975015,0.08248989416975015,2,14.629878228142026,6.195222615293734,0.42346371710576564,0.6672638408173268,2,15.337507456742212,10.27239152532042,0.6697562530478042,0.7510557474649385,-0.0404106428835856,0.001754137390983199,0.2692545756120047,0.009773540029935256,0.011469669280939999,0.001025757791712988,0.0011728884756180198,-0.018222732804393328,0.11068087878260502,0.03951401862695494
1.3999999999998463,6,4,98.59420554351685,21.247644595409568,0.2155060176029455,0.8118366938577412,1,30.37275471198972,4.407923848159608,0.14512756218386635,0.14512756218386635,1,34.15546084939566,2.913692753136396,0.0853067907935416,0.0853067907935416,2,18.44421252714232,6.648241626797096,0.36045136744187967,0.4608622398083625,2,15.621777454989148,7.27778636731647,0.46587441078877706,0.8118366938577412,-0.04040081279235282,0.0017554082940808983,0.26925258273914765,0.009783561412961559,0.011480301669410406,0.0010282409031785779,0.0010703355481622846,-0.0004869387692673262,0.0797084140307796,0.020202284636777743
1.4099999999998452,6,4,98.99709393742717,21.10028452061404,0.21314044363717222,0.7269211441079181,1,30.36272234847584,4.401163899459399,0.14495287507315133,0.14495287507315133,1,34.148654349759695,2.9155782438111184,0.08537900831900966,0.08537900831900966,2,18.62427718230797,6.861888636910993,0.3684378496809211,0.5214891178416143,2,15.861440056883662,6.92165374043253,0.43638242906126423,0.7269211441079181,-0.04039071803986183,0.0017555113474946142,0.26925070559956493,0.009793624367177371,0.01149147892421759,0.0010589172737121505,0.001741159720702825,0.13733414162954816,0.17825091222062184,0.04647240757558579
1.419999999999844,6,4,98.40776100363173,24.230496570117786,0.2462254635508226,0.7582098354764112,1,30.346864510011525,4.382533173918675,0.1444146947198734,0.1444146947198734,1,34.156875633885434,2.8339692542310218,0.08296921781158385,0.08296921781158385,2,18.492526223224857,6.687923351200242,0.36165547478315024,0.46881963289700307,2,15.411494636509918,10.326070790767849,0.6700239681039974,0.7582098354764112,-0.04038041303926028,0.0017561821805105891,0.2692490857232778,0.009803975971558179,0.011503990217707715,0.0010491611568727408,0.0012191724491282276,0.031550064572868,0.07381861671857573,0.014896978248173069
1.429999999999843,6,4,98.54608078318525,24.36622886829782,0.24725720875604207,0.7464979465222483,1,30.34119620250799,4.377850630755296,0.1442873445574115,0.1442873445574115,1,34.15586868663558,2.829495154475716,0.08284067316322813,0.08284067316322813,2,18.65974140322686,6.918630729105153,0.370778489347591,0.526854690677507,2,15.389274490814813,10.240252353961656,0.6654148874967183,0.7464979465222483,-0.04037048884531586,0.0017572137173601293,0.2692472982156902,0.009814031661952579,0.011514905117261443,0.001002557131043477,0.0011272620056931152,0.04924275101648035,0.08321431273033764,0.0226202572413886
1.4399999999998419,6,4,98.38438970618036,24.09653271921004,0.2449223173632832,0.742571070954817,1,30.33132594584022,4.374128195596615,0.14421157200338297,0.14421157200338297,1,34.15164937039315,2.83748265669585,0.08308479118890606,0.08308479118890606,2,18.505005295367383,6.683411511201946,0.3611677708017246,0.46616420583481427,2,15.396409094579603,10.201510355715627,0.6625902373110577,0.742571070954817,-0.040360815830635985,0.0017584706009795917,0.26924543064853257,0.009823887606743395,0.011525278941256158,0.001000974354549487,0.0010627068510448904,0.005700849575327377,0.074383882151204,0.014753246599534739
1.4499999999998407,6,4,98.68620070024082,21.114375915244803,0.2139546944296669,0.8039891522516567,1,30.334697789265682,4.373826355225788,0.14418559187932709,0.14418559187932709,1,34.133631349935335,2.919940494425787,0.08554438478844469,0.08554438478844469,2,18.550848391706502,6.69629058989034,0.3609695065420318,0.4791736548689585,2,15.667023169333303,7.124318475702889,0.4547333848109742,0.8039891522516567,-0.0403514577447954,0.0017588653386889053,0.2692434031294076,0.009833292868560236,0.011533986502078307,0.0009723198946879849,0.0011944117723603333,0.014725357284587431,0.06877729907528139,0.013278759736896819
1.4599999999998396,6,4,98.69214872442583,24.59371620550118,0.24919627876553016,0.7612483539966972,1,30.31790070527905,4.36307061140031,0.14391070984148313,0.14391070984148313,1,34.14277846924977,2.8478497202417383,0.08341001663958356,0.08341001663958356,2,18.75364760728712,7.010795697318768,0.3738363780811674,0.5507261662307577,2,15.477821942609895,10.372000176540366,0.6701201380270836,0.7612483539966972,-0.04034161090848375,0.0017596400732508102,0.26924187581488884,0.009843207331861361,0.011546888116646014,0.0009749202309731916,0.0012596908155209443,0.10344549310591666,0.13389960287572295,0.040850020228783285
1.4699999999998385,6,4,94.99359942467703,23.8235338324779,0.25079093725012724,0.7484942129197876,1,30.32747821351339,4.36603999402201,0.14396317304340125,0.14396317304340125,1,34.145259228022184,2.8472097231405376,0.08338521327739407,0.08338521327739407,2,15.070429068172881,6.321865466188083,0.41948808740549925,0.7214236987448159,2,15.450432914968578,10.28841864912727,0.6658984059378502,0.7484942129197876,-0.040332090474845116,0.001760630013052192,0.26924012103940753,0.009852857738253935,0.0115572580947158,0.0009342976319988309,0.001126522583276184,0.041054651708526374,0.06326531565679361,0.0129015020422214
1.4799999999998374,6,4,98.32731732881884,23.929643148406353,0.2433671923376353,0.736903083463586,1,30.298906398752184,4.355101247150483,0.14373790228052064,0.14373790228052064,1,34.134896666435544,2.8590977705049627,0.08375879377763815,0.08375879377763815,2,18.452399494663112,6.538109462489304,0.3543229954662691,0.43101962434165647,2,15.441114768968001,10.177334668261603,0.6591062122480292,0.736903083463586,-0.0403227642204079,0.0017617932891799586,0.2692382804633728,0.00986235540264606,0.011566882145491442,0.0009766983096451338,0.0009909540750161695,-0.01457607427270214,0.09948945854753115,0.03277210511002323
1.4899999999998363,6,4,98.70840084607607,20.99454828284521,0.21269261889455277,0.7993294515756241,1,30.30257766215142,4.356683715815665,0.14377271017631144,0.14377271017631144,1,34.11853999462394,2.939470186144162,0.08615462990524608,0.08615462990524608,2,18.562711693160463,6.617572392497885,0.356498150802836,0.46421745088926125,2,15.724571496140252,7.080821988387497,0.4503030171681024,0.7993294515756241,-0.04031371214279273,0.0017624625292324192,0.2692363348896972,0.009871504188903065,0.01157543450308214,0.0009405210987453376,0.001038919712677685,0.008978042907164665,0.06572119460938096,0.013061805977545134
1.4999999999998352,6,4,98.62358683531876,24.42621216929695,0.24767109930896888,0.7629713889016075,1,30.285363025874506,4.343912201550896,0.14343272682053193,0.14343272682053193,1,34.1245723106447,2.8723827168882092,0.08417344225563254,0.08417344225563254,2,18.669646635602604,6.799641634133905,0.3642083734550786,0.5024152490838686,2,15.544004863196948,10.410275616723938,0.6697293077520853,0.7629713889016075,-0.04030418471426227,0.0017626982644913137,0.2692348922250289,0.009881003299512508,0.011587612722984385,0.0009698972703542065,0.0013377535577738223,0.09044820549206237,0.11749167226799843,0.021029450293485717
1.5099999999998341,6,4,98.47772709556708,24.0845971496717,0.24456897879353937,0.741247015942949,1,30.276900437409484,4.339886691570795,0.14333986071468943,0.14333986071468943,1,34.12172617822992,2.873063117132059,0.08420040364092449,0.08420040364092449,2,18.58508750788433,6.632387671446276,0.3568660986198007,0.46288495445500843,2,15.494012972043343,10.239259669522571,0.6608526588946196,0.741247015942949,-0.040294679093755864,0.001763365853670139,0.2692332659685265,0.009890572459574405,0.011597720181218326,0.0009634801057576905,0.001022029718253097,0.022464943981160997,0.04986291017641976,0.007106571582520667
1.519999999999833,6,4,98.60021774032141,24.18932947624303,0.2453273433933918,0.7328669588780339,1,30.272246391691596,4.335101467604139,0.14320382476782215,0.14320382476782215,1,34.12082802461455,2.869361891371312,0.08409414593635806,0.08409414593635806,2,18.718011653800705,6.8230331664099975,0.36451698463520166,0.5089579397589364,2,15.48913167021456,10.161832950857583,0.6560621452007335,0.7328669588780339,-0.04028561296687782,0.0017642371500187178,0.2692315273485305,0.00989975568563545,0.011606833751718702,0.0009168497708863313,0.0009636348876277398,0.041729548249951995,0.08696595311639221,0.022975113151697223
1.529999999999832,6,4,98.6914369289424,20.76630030335854,0.21041643479474545,0.7933884219136877,1,30.27285384232404,4.334398146565746,0.1431777185309793,0.1431777185309793,1,34.10102106891757,2.953072443239305,0.08659777187525257,0.08659777187525257,2,18.551872280213303,6.4936440255791625,0.35002634383727554,0.439137185821164,2,15.765689737487486,6.985185687974329,0.44306248596057485,0.7933884219136877,-0.040276687343461355,0.001764359783385288,0.26922955717942537,0.009908685910200785,0.011614076833527906,0.0009304835407199533,0.0010985276246696062,-0.00418807171163311,0.08335747807056022,0.016096200264979547
1.5399999999998308,6,4,98.544424472156,24.21104676797008,0.2456866220250845,0.7538293775338755,1,30.255045668417395,4.325666342839504,0.14297338666240972,0.14297338666240972,1,34.10797046695031,2.8899705250374024,0.08473006413083724,0.08473006413083724,2,18.611100288175287,6.6296563554811545,0.3562205486417888,0.46231742925673097,2,15.570308048613,10.365753544612016,0.6657385012710391,0.7538293775338755,-0.040267329373007886,0.0017645700199256924,0.269228299592337,0.009918000861707377,0.011626525426134173,0.0009509539352701252,0.0011703390074304224,0.054028008257639856,0.07656842911609983,0.013563603646235935
1.5499999999998297,6,4,98.70419466081808,24.319643627546352,0.2463891601680871,0.7361710033177988,1,30.2510581299599,4.320637852617182,0.1428260074095765,0.1428260074095765,1,34.10789592566035,2.8828586482772294,0.08452173815003264,0.08452173815003264,2,18.814364594724402,6.895524127336554,0.36650316265637145,0.5291457758822861,2,15.53087601047342,10.220622999315388,0.6580841281858794,0.7361710033177988,-0.040258172457722126,0.0017650883729774401,0.2692266851396664,0.009927201328871359,0.011635662772878284,0.0009021728873432133,0.0009855871558492278,0.06475057181680063,0.10150082006022716,0.03971045567697467
1.5599999999998286,6,4,98.82155904866397,20.799460481791996,0.2104749275565411,0.7831249092092024,1,30.24958002934225,4.326076539777446,0.14301278019665495,0.14301278019665495,1,34.0911326295933,2.9656760496078656,0.08699259369967274,0.08699259369967274,2,18.633161049036296,6.549884223834001,0.35151760920205,0.45474904385070164,2,15.847685340692122,6.9578236685726855,0.4390435271141504,0.7831249092092024,-0.040249371908564605,0.00176574830306087,0.2692249320221263,0.009936088354609325,0.011643785588847266,0.0009009153691397725,0.000870159233323257,0.013308803270121778,0.05998310951232491,0.008674567839347171
1.5699999999998275,6,4,95.21486996578246,19.67536637853308,0.20664173973670136,0.7057240824919878,1,30.257915936425803,4.330805410066789,0.1431296662719978,0.1431296662719978,1,34.08951174478708,2.9772167592979257,0.08733527137575378,0.08733527137575378,2,14.798916731278718,5.895606170147865,0.3983809272801042,0.6131144066019872,2,16.068525553290854,6.471738039020502,0.4027586736292106,0.7057240824919878,-0.040240536924412824,0.0017655971731552688,0.26922321179243763,0.009944862801367733,0.011652320503115921,0.0009143109987018417,0.0013941890966830894,0.07183971302701599,0.1653836166626854,0.04335126276848216
1.5799999999998264,6,4,98.47831657070074,23.984298082386008,0.24354902599464026,0.7421382592835466,1,30.22734815607331,4.308927733392524,0.1425506369643865,0.1425506369643865,1,34.09395849648205,2.9035931482048776,0.0851644477863866,0.0851644477863866,2,18.568189468494474,6.481715118057142,0.34907631296282143,0.4288942439957925,2,15.588820449650907,10.290062082731465,0.6600924114795291,0.7421382592835466,-0.04023173474807941,0.0017659281331381482,0.26922166741583137,0.009953677242345596,0.011661693582530898,0.0009101190772453854,0.0009241371045594877,0.015230998937801896,0.06746089828367073,0.021278158896366778
1.5899999999998253,6,4,98.57110113193801,24.018909690892848,0.24367090775158728,0.7302519818313461,1,30.22329712125297,4.304116370352305,0.14241055014893322,0.14241055014893322,1,34.093571513641834,2.899358492641193,0.08504120759190849,0.08504120759190849,2,18.68334154356791,6.63287987105263,0.35501571576933055,0.4675319137420446,2,15.570890953475299,10.182554956846719,0.6539481258504385,0.7302519818313461,-0.040223268823414766,0.0017665373623954154,0.2692199645589479,0.009962223742766304,0.011669569528783327,0.0008652626762835411,0.0008426496939916128,0.02271404520092209,0.05925639874048945,0.007326013263681232
1.5999999999998242,6,4,95.27555302918621,20.6724014015487,0.2169748770202995,0.8476313619406785,1,30.21333707785538,4.307043215798719,0.1425543694395655,0.1425543694395655,1,34.09987063104561,2.85225875761015,0.08364426916662149,0.08364426916662149,2,18.785277950706806,6.548435628886006,0.3485940237918927,0.48936395375478947,2,12.177067369578417,6.964663799253826,0.5719491884107848,0.8476313619406785,-0.040214855888611345,0.0017663313781380613,0.2692181766111297,0.009970580687058186,0.011676795408078559,0.0008772204786271174,0.001408040882488666,0.04135498408894873,0.11388267278189107,0.030984550845496166
1.6099999999998231,6,4,98.57905261439299,24.079736458975013,0.24426828844832357,0.7450232580822909,1,30.208888833980613,4.296069090919139,0.1422120858045823,0.1422120858045823,1,34.08385488118562,2.9144723043392076,0.08550888138970465,0.08550888138970465,2,18.654045913165515,6.529081152671923,0.3500088497189704,0.44702522612816964,2,15.63226298606125,10.340113911044742,0.6614598232043989,0.7450232580822909,-0.04020617972438582,0.0017665665672555073,0.2692166724302965,0.009979252138702491,0.01168615700861329,0.0008792545293250529,0.000919491246124634,0.03697659024413655,0.054993672172172596,0.006913264926101496
1.619999999999822,6,4,98.66665830725584,24.1231371848339,0.24449127596591472,0.7306337351968326,1,30.205016480553233,4.291282916829029,0.1420718614602269,0.1420718614602269,1,34.08349256706242,2.910418679178128,0.08539085815374144,0.08539085815374144,2,18.772214308144047,6.711176049041125,0.3575058295669244,0.4882973884807905,2,15.60593495149614,10.21025953978562,0.6542549082460941,0.7306337351968326,-0.04019792914725758,0.001767096994360792,0.2692149902672273,0.009987572466360506,0.011693641013992574,0.0008347952262055358,0.0008124305257855377,0.03963306560598608,0.07940430225064372,0.021577988463882047
1.629999999999821,6,4,95.10217180284172,19.698736001453707,0.2071323464861724,0.7754481410829215,1,30.225950250771458,4.294410233830062,0.1420769305249702,0.1420769305249702,1,34.07105700191392,2.981140611660537,0.0874977436565315,0.0874977436565315,2,14.911002078971745,5.876808811148698,0.39412567847713426,0.6141365983469581,2,15.894162471184606,6.5463763448144086,0.4118729978180789,0.7754481410829215,-0.040189856853969835,0.0017669218020363283,0.26921310234118984,0.009995609510355727,0.011699368943359148,0.0008209740525449672,0.0011662475272055947,-0.010264654862047907,0.08643054231305193,0.01822382803861156
1.6399999999998198,6,4,98.61120783273024,24.160365774108968,0.24500628584826897,0.7496452988868425,1,30.191263782953136,4.282027789059316,0.14183002804530073,0.14183002804530073,1,34.07242556248616,2.9277424104412297,0.08592703225873895,0.08592703225873895,2,18.687002699458127,6.523304186260002,0.3490824232849905,0.4489418214915798,2,15.660515787832821,10.427291388348419,0.6658332030449298,0.7496452988868425,-0.04018140156595731,0.001766848382750417,0.26921168329025497,0.010004003822300916,0.01170896652532483,0.0008596132810094749,0.0009824991267080375,0.04956733249872443,0.0624488038400097,0.009360668696449779
1.6499999999998187,6,4,98.69290802489033,24.150917171724,0.24470772677640773,0.7346419687417337,1,30.187424082556166,4.276829301007989,0.14167586109075664,0.14167586109075664,1,34.072674443188376,2.9197571814288654,0.08569204587380336,0.08569204587380336,2,18.786322342588374,6.680969636630875,0.3556294582194619,0.48340675669540356,2,15.64648715655742,10.27336105265627,0.6565921762413437,0.7346419687417337,-0.04017336548229167,0.0017669324119850267,0.26920999302296245,0.010012036267725554,0.01171564808570876,0.0008112112796179354,0.0007778926250116066,0.04122643663379325,0.07489321745474448,0.02153967749440813
1.6599999999998176,6,4,91.50906385745823,20.352616956570625,0.22241094049736398,0.8118663610145878,1,30.18865807045064,4.299571584764485,0.14242340864342712,0.14242340864342712,1,34.08001581049323,2.87859907007584,0.08446589596914213,0.08446589596914213,2,14.97570963371083,5.972234189180561,0.3987947372949099,0.6381365133166153,2,12.26468034280353,7.202212112549739,0.5872319466341196,0.8118663610145878,-0.04016535914203461,0.0017663695737396678,0.269208254441593,0.010019929602823698,0.01172200226880576,0.0008451818527354063,0.0015178136970989365,-0.011974736225320408,0.09129550828615213,0.0192916816219439
1.6699999999998165,6,4,95.14032765012075,23.692738515054955,0.24902939794558174,0.7519418775251205,1,30.191842301257335,4.269647936544388,0.14141727072966923,0.14141727072966923,1,34.07063328557895,2.927406306763738,0.08592168751975675,0.08592168751975675,2,15.16132121496846,6.034541721825672,0.39802215362787075,0.6638243438685462,2,15.716530848316001,10.461142549921158,0.6656139736487745,0.7519418775251205,-0.040156971190539764,0.0017662495670513153,0.26920691132674307,0.010028244633560066,0.011731156068279132,0.0008046542814183183,0.0009947168453252582,0.05252912396133734,0.06276915588242361,0.012022117964496088
1.6799999999998154,6,4,94.73706344618466,23.310285123766715,0.24605243476865957,0.736504626344277,1,30.18447389963884,4.267051849598219,0.14136578506505873,0.14136578506505873,1,34.068882792872685,2.9302330088518627,0.08600907246259559,0.08600907246259559,2,14.792494990455804,5.809164092442643,0.3927102288147298,0.5925600709934007,2,15.691211763217336,10.30383617287399,0.6566628714442436,0.736504626344277,-0.0401489272727583,0.0017665606895024895,0.2692053137304361,0.010036318361770217,0.011737982281905633,0.0008039003178995131,0.0007842480378539078,-0.02240251235236452,0.09979725321522306,0.036407254174018557
1.6899999999998143,6,4,99.02279172994571,19.947370063652944,0.20144221057767464,0.6889229191772899,1,30.1633541919596,4.273458011104073,0.14167714849972535,0.14167714849972535,1,34.04196086149464,3.024376399582746,0.08884260257180611,0.08884260257180611,2,18.61276276173831,6.257135571144971,0.33617446540540313,0.3960696178143812,2,16.204713914753157,6.392400081821155,0.3944778115460194,0.6889229191772899,-0.040140927015408515,0.0017665196370123864,0.2692037814801549,0.010044282363834792,0.01174570470584717,0.0008642132578244206,0.0011608861209198022,0.07322063897363802,0.14685768943655864,0.04172328817353613
1.6999999999998132,6,4,98.6222057360286,24.0106504782474,0.24346089502919974,0.7386857281248228,1,30.153681602478226,4.262195458464652,0.14134909012617408,0.14134909012617408,1,34.05371928403861,2.9536393290932317,0.08673470596433906,0.08673470596433906,2,18.689599358412888,6.438371374058745,0.3444895340231353,0.4282005916918272,2,15.725205491098887,10.35644431663077,0.6585888065178508,0.7386857281248228,-0.04013296148504164,0.0017669772406532162,0.26920235218204563,0.01005229204871025,0.01175397404244181,0.0008207794704034913,0.0008018329629870654,0.021844882217474094,0.04445061827505304,0.008487641589300017
1.7099999999998121,6,4,99.02262730175056,20.353393256591318,0.20554285228737312,0.7528931541609286,1,30.15770756774442,4.262635677663096,0.14134481767514234,0.14134481767514234,1,34.04099760279044,3.0164308828225814,0.0886117063318766,0.0886117063318766,2,18.78030449829869,6.487852401860758,0.3454604478030957,0.4524995552678056,2,16.043617632917012,6.586474294244882,0.41053548176885496,0.7528931541609286,-0.040125279941872795,0.0017675605723691866,0.26920073104879455,0.010060060519457145,0.01176049408931106,0.000781440862832472,0.0007042179109460182,0.024664956433703616,0.0734578490528779,0.012829904041057565
1.719999999999811,6,4,94.94868914495223,23.605909196910556,0.2486175365820258,0.7621119049722204,1,30.160121743409583,4.256189514980774,0.141119772366662,0.141119772366662,1,34.05438471632208,2.9628022901989604,0.0870020796111728,0.0870020796111728,2,14.916646950737807,5.806229231622527,0.38924493224231865,0.6016200799513204,2,15.81753573448276,10.580688160108297,0.6689214007616902,0.7621119049722204,-0.04011742230046213,0.0017677608357184213,0.26919929060367814,0.010067920351277727,0.011768848045454718,0.0007945061797206357,0.0010561572053497835,0.05199877191291997,0.11766935362940664,0.025028318738107007
1.72999999999981,6,4,95.02845739258069,23.414865980652323,0.24639846445071756,0.7354430116359387,1,30.15710674785543,4.250904233360552,0.1409586227519272,0.1409586227519272,1,34.0547425246364,2.9560550532869856,0.08680303635091269,0.08680303635091269,2,15.064273094618471,5.878634340028447,0.39023684070946096,0.6268911933514136,2,15.752335025470387,10.32927235397634,0.6557296005496742,0.7354430116359387,-0.04010972538288147,0.0017683462780421723,0.2691978155087948,0.010075693007580927,0.011776344281929146,0.0007502952231365577,0.0007634235105777952,0.019230137050476846,0.044594411725042166,0.005398891251895252
1.7399999999998088,6,4,99.00671685935488,20.254294895657566,0.20457495751959975,0.7577710845134087,1,30.142638228190354,4.24893111325386,0.14096082370388285,0.14096082370388285,1,34.030430459334035,3.0306738439845504,0.08905775810288882,0.08905775810288882,2,18.80121874969886,6.448478745829512,0.34298195407852466,0.44877007027421256,2,16.03242942213163,6.526211192589643,0.40706314812031363,0.7577710845134087,-0.040102247219566324,0.001768524366114653,0.2691961071232139,0.010083198260916507,0.011781751210449616,0.0007712205225163596,0.0008601566301642534,0.02004451024370545,0.07738053148230088,0.016880516935748057
1.7499999999998077,6,4,94.85374467904109,23.40934382919448,0.24679409240410322,0.7458497353726683,1,30.142864924778085,4.244822159706921,0.14082344761521276,0.14082344761521276,1,34.0451160090614,2.9755416087661577,0.08739995504712604,0.08739995504712604,2,14.85946374694188,5.740657048684181,0.38633002821960005,0.5829309725804153,2,15.80629999825971,10.448323012037221,0.6610226943173033,0.7458497353726683,-0.040094250841933375,0.0017688321164073856,0.2691950070466112,0.010091186555534057,0.011792016276300587,0.0007904961312547831,0.0009309178305802858,0.014114353445944135,0.08990447976136531,0.03142664994945907
1.7599999999998066,6,4,98.6120326152425,23.79007943147972,0.24124925529425179,0.7237982883243648,1,30.119638292593148,4.243163339566771,0.1408769686523834,0.1408769686523834,1,34.035238873534176,2.9824869121959474,0.08762938092716403,0.08762938092716403,2,18.691485462982047,6.326349652896607,0.3384615773543393,0.4058373951234767,2,15.765669986133119,10.238079526820396,0.6493907037141726,0.7237982883243648,-0.04008660995942544,0.001769286613815196,0.26919352785156714,0.010098882055258598,0.011798623522417891,0.0007897952043652479,0.0007103922050342153,-0.0037594940386512033,0.07140298321520953,0.01659865551324636
1.7699999999998055,6,4,99.14941495245102,19.87622051331576,0.20046735044122832,0.6825423308326103,1,30.119902445940376,4.245849732214027,0.1409649231047324,0.1409649231047324,1,34.01777301614949,3.0603548103034197,0.08996340850562312,0.08996340850562312,2,18.72281922246875,6.279136530480959,0.3353734528903391,0.40878025460130174,2,16.28892026789241,6.290879440317357,0.38620604293321403,0.6825423308326103,-0.04007910488204435,0.0017691952409869488,0.2691920873297783,0.010106345802778919,0.01180572735826003,0.0008046789914228555,0.0011039157110186535,0.0863447268326546,0.11970137096284048,0.03959964680426233
1.7799999999998044,6,4,98.7560005961935,24.057844966443053,0.24360894346880174,0.7323623258977109,1,30.11191672683829,4.233666164764751,0.14059769768795052,0.14059769768795052,1,34.029061860996755,2.9876950000303863,0.08779833579411152,0.08779833579411152,2,18.817905251128888,6.484058496236075,0.3445685590242355,0.44595007026872324,2,15.797116757229574,10.352425305411842,0.6553363797019502,0.7323623258977109,-0.040071545816309485,0.001769120905532213,0.26919063419580713,0.010113866785574799,0.011812428248190884,0.0007571744258075893,0.0007126719284048236,0.03758514049271065,0.05083174336396527,0.011530139452875288
1.7899999999998033,6,4,99.15306776700439,20.208811318830953,0.20381428203834084,0.7508611747542421,1,30.11885464103696,4.22661689559052,0.14033126245882377,0.14033126245882377,1,34.013765893884454,3.0438311159521207,0.08948821266801833,0.08948821266801833,2,18.942895150721284,6.547165025879301,0.34562641949850026,0.47996115761771097,2,16.077552081361684,6.391198281409014,0.39752309611972425,0.7508611747542421,-0.0400642419289097,0.0017684397315624954,0.26918888478230074,0.010121055281537377,0.011816344246801504,0.0007456551168579408,0.0011132255622947687,0.04447051400407742,0.11911026768784698,0.03885253995944189
1.7999999999998022,6,4,98.93314823130527,24.42721793703706,0.2469063036377487,0.7460182080658356,1,30.104600743068705,4.223168136532793,0.14028314716995996,0.14028314716995996,1,34.02227014769609,2.990735775670961,0.08790523861834325,0.08790523861834325,2,18.969536024525663,6.684270416713319,0.3523686825060583,0.49411374692693866,2,15.836741316014816,10.529043608119988,0.6648491250831098,0.7460182080658356,-0.04005679653982556,0.0017679399278182095,0.2691875677367717,0.010128380182218802,0.01182396105502028,0.0007329125074341067,0.0008925295966606263,0.08809138427073618,0.11129583825455452,0.04425147024153418
1.809999999999801,6,4,95.49232902098376,19.201216333558,0.2010760082031162,0.7315987201623633,1,30.12553953192001,4.220646816120343,0.14010194943225127,0.14010194943225127,1,34.014581263426656,3.041622421103838,0.08942113376460312,0.08942113376460312,2,15.192021379781623,5.769049380565281,0.37974205251205406,0.6090887866648846,2,16.16018684585547,6.1698977157685375,0.38179618680280936,0.7315987201623633,-0.0400496205943695,0.0017673735255998688,0.2691859261790222,0.010135455418239113,0.011828208230890832,0.0007102783258905194,0.0009667075109594953,0.017309459139597257,0.06000546877410265,0.011787646990387151
1.8199999999998,6,4,94.87286367062589,23.458714703294703,0.24726474774427923,0.7575544992158536,1,30.10814167416557,4.215810836966477,0.14002228641643044,0.14002228641643044,1,34.022818344942806,2.9957779246513665,0.0880520212722666,0.0880520212722666,2,14.82973604727006,5.6116279261557285,0.37840376310600266,0.5527932814696183,2,15.912167604247458,10.635498015521133,0.668387757094903,0.7575544992158536,-0.04004219197248828,0.001766976264252138,0.26918459518968285,0.010142783611515526,0.011835407025607864,0.00074646889799743,0.0008489509266323018,0.013996685999203222,0.11668452932478622,0.04028977785078357
1.829999999999799,6,4,94.91526245077304,23.24664950423377,0.2449200360826104,0.7347079332057695,1,30.10491181125209,4.213200327828256,0.13995059524650455,0.13995059524650455,1,34.02355454609498,2.990354628855992,0.08789071773217202,0.08789071773217202,2,14.923360467539531,5.648313780387991,0.3784880618995896,0.5681281562838952,2,15.863435625886446,10.394780767161532,0.6552666781840755,0.7347079332057695,-0.040035163331190955,0.0017670857267346083,0.2691830982071517,0.010149821098508897,0.011840781720925024,0.0007012665799768472,0.0006316008976200792,-0.014774056412082716,0.08508839747910188,0.027827778152367158
1.8399999999997978,6,4,99.14876284112358,19.54055270643763,0.19708317226055053,0.6670285334554664,1,30.084759519937514,4.219528218268091,0.14025467664023578,0.14025467664023578,1,33.995518759653024,3.0802474362931895,0.0906074550022436,0.0906074550022436,2,18.685020561385336,6.101847622903922,0.3265636022640545,0.3709414177742952,2,16.38346400014772,6.138929428972428,0.3747027752444219,0.6670285334554664,-0.04002815998657511,0.0017668577728717943,0.2691816394792435,0.010156772201370332,0.011846827438673728,0.0007690642629006965,0.0010049849081352172,0.06511599746164334,0.13960971107100606,0.039148212537540236
1.8499999999997967,6,4,98.72533022274642,23.96175163206744,0.24271128369998227,0.7366661907238211,1,30.07647262798179,4.210272334716982,0.13998557566221828,0.13998557566221828,1,34.00672384658878,3.0139009437762816,0.08862661858791807,0.08862661858791807,2,18.75534651392465,6.276474476510694,0.3346498808673469,0.4005705681171919,2,15.88678723425121,10.461103877063483,0.6584782513175355,0.7366661907238211,-0.04002108561841487,0.0017666992126596974,0.2691802187842914,0.0101638022963906,0.011852792828047201,0.0007320147877215959,0.0006422103528841422,0.011018875494661995,0.04850509368384166,0.011863199980843283
1.8599999999997956,6,4,95.3931915796496,20.21796450612654,0.21194347490979298,0.7591760749399444,1,30.062968308747628,4.228672106670857,0.1406604984325653,0.1406604984325653,1,34.016781422797806,2.976520467967072,0.0875015314050914,0.0875015314050914,2,18.80054545736448,6.117421446498266,0.3253853171638684,0.402423827667706,2,12.512896390739686,6.8953504849903435,0.5510595045039555,0.7591760749399444,-0.04001425127992917,0.0017663632599635801,0.269178669534586,0.01017057662230467,0.011857719339518572,0.0007368752500389022,0.0011268682265292774,0.004056885341737041,0.06740258947044406,0.019249519704419397
1.8699999999997945,6,4,98.8634076829102,24.154039413360664,0.24431728563141564,0.740390680544477,1,30.068310414393043,4.2037757820441435,0.13980751575691755,0.13980751575691755,1,34.00259725407622,3.0201430333985586,0.08882095125943665,0.08882095125943665,2,18.86211066033681,6.4223898519663685,0.34049157952780706,0.43412808067494363,2,15.930389354104133,10.507730745951593,0.6596028830421834,0.740390680544477,-0.04000729166477855,0.0017664739653642323,0.26917735288246447,0.010177532966189739,0.011864590806571486,0.0007014889102165355,0.0006630943230073578,0.04299563574278052,0.05018172438092357,0.011770452362428569
1.8799999999997934,6,4,95.26630565417977,18.854528205678356,0.1979139222016333,0.7281241227107865,1,30.090956334433503,4.198611544886738,0.13953067819523596,0.13953067819523596,1,33.99503406859549,3.072473726156982,0.09038007492380554,0.09038007492380554,2,14.96324781949308,5.516108072334773,0.3686437689783344,0.54311645809445,2,16.217067431657707,6.067334862299865,0.37413267767855996,0.7281241227107865,-0.04000055361520122,0.0017663537696186648,0.26917573062142597,0.010184256656612767,0.011868617321045407,0.0006825612828407695,0.0008155635291478732,-0.023163920899956367,0.09097912531456101,0.0261065122529877
1.8899999999997923,6,4,98.72592425894597,23.964316361153518,0.2427358015742457,0.7436667228568931,1,30.0544899609042,4.201690918577597,0.1398024363096258,0.1398024363096258,1,33.99319463413941,3.0395088364530958,0.0894152158738418,0.0894152158738418,2,18.71180927326494,6.158694306824591,0.32913408943431305,0.37229161847770303,2,15.966430390637418,10.564422299298235,0.6616646326591022,0.7436667228568931,-0.03999337201900034,0.0017664653362529455,0.26917469885047746,0.010191408398128612,0.011877473449231638,0.0007512814775246808,0.0007928173447518653,0.013210432499221682,0.0762016035887895,0.02735112138692285
1.8999999999997912,6,4,99.07195711113256,19.59866243165287,0.19782250197872187,0.7226245807483148,1,30.060709080760333,4.195225173134353,0.1395584236507385,0.1395584236507385,1,33.98045116496152,3.094050960550555,0.09105385168461046,0.09105385168461046,2,18.774588773096028,6.1294003509228325,0.3264732146733493,0.3825672756096128,2,16.256208092314683,6.179985947045128,0.3801615919254128,0.7226245807483148,-0.03998657757915301,0.0017665348259186294,0.2691732326372131,0.010198208129369814,0.011882335530397355,0.0007153799845570116,0.0006472901464234612,-0.0067476752358717465,0.06526937364970077,0.013863401799362064
1.90999999999979,6,4,98.84462742518619,24.188116207958807,0.24470845647393813,0.7482703468024272,1,30.04781359122328,4.193524771261708,0.13956172746248005,0.13956172746248005,1,33.98774745122948,3.0478025074399655,0.0896735657993632,0.0896735657993632,2,18.841674529323996,6.28820125845648,0.3337389810374826,0.4098158621985731,2,15.967391853409424,10.658587670800655,0.6675221456737024,0.7482703468024272,-0.03997958791433088,0.0017663753899246298,0.2691720032240755,0.010205140893118777,0.011889550105983778,0.000725224270506862,0.0008101461519763527,0.05108649586545315,0.061568246551477565,0.009506890599659382
1.919999999999789,6,4,99.20023944281493,19.650113075388376,0.1980853391661005,0.7165328632422299,1,30.054231920250874,4.186441175729957,0.13929622912469397,0.13929622912469397,1,33.975736199272525,3.096211760928817,0.09113008597574147,0.09113008597574147,2,18.887296461964695,6.249886867124,0.33090426042234494,0.4162500996417329,2,16.282974861326835,6.117573271605602,0.37570366126003496,0.7165328632422299,-0.03997289873013776,0.0017661241611617155,0.26917047556604506,0.010211787241346052,0.011893803799745936,0.0006856685078461941,0.0007148105619187792,0.020074367399963405,0.06345715726862178,0.012666789679727862
1.9299999999997879,6,4,99.01466965289839,24.36490224552268,0.24607366091242078,0.751436639018738,1,30.03979716873731,4.18684555736255,0.13937662540943646,0.13937662540943646,1,33.98337951380997,3.0500482717143518,0.08975117587922327,0.08975117587922327,2,18.962984141636486,6.443199456277441,0.33977771684838837,0.44566334506158334,2,16.028508828714617,10.684808960168336,0.6666127881482528,0.751436639018738,-0.03996594067442453,0.0017658337038912856,0.2691693081520193,0.01021866179100196,0.01190117295862043,0.00070012570888086,0.0008280860118425734,0.07888673532303453,0.09638792549697445,0.02615954487005388
1.9399999999997868,6,4,99.35392622830094,19.774805952230388,0.1990339657719288,0.712797392235333,1,30.04619773482927,4.1799220940160176,0.13911650754966212,0.13911650754966212,1,33.97084020395723,3.1013470252628217,0.0912943867929869,0.0912943867929869,2,19.026075467763828,6.415165192810372,0.3371775332059249,0.45701353774527537,2,16.310812821750606,6.078371640141176,0.37265902727027905,0.712797392235333,-0.03995923056353284,0.0017656922252799198,0.2691678833905285,0.010225339824466242,0.011905860435475023,0.0006678158209330232,0.0007234072818334035,0.04841367650610773,0.10131658257405546,0.039289917776515866
1.9499999999997857,6,4,95.59369550892035,18.67069458150109,0.19531303274867984,0.6677373111131146,1,30.053874756981138,4.18257222326172,0.1391691506363971,0.1391691506363971,1,33.971017875641024,3.110785722605578,0.09157175489981924,0.09157175489981924,2,15.119013512684994,5.51239989719269,0.3646005007249802,0.5531598643672558,2,16.449789363613192,5.864936738441102,0.35653567403205155,0.6677373111131146,-0.03995235381858455,0.00176494528847839,0.26916660977060747,0.01023206495524675,0.01191196158860429,0.0007006437769690109,0.0010980264385901546,0.05676410867291068,0.09169618204381412,0.021155965980601144
1.9599999999997846,6,4,99.15380049701433,19.365159436588844,0.19530425802661955,0.7112358143998926,1,30.03645686394077,4.1694006147985,0.13881133296397316,0.13881133296397316,1,33.95818722626133,3.11115825144941,0.09161732429119235,0.09161732429119235,2,18.846635069056333,6.09389734366519,0.3233413986813253,0.38503846882574827,2,16.312521337755893,5.990703226675743,0.3672456944353571,0.7112358143998926,-0.03994547922735607,0.00176326746336786,0.26916505428555,0.010238651005740196,0.011915072090803619,0.0007430262296831383,0.0012493636614733775,0.005088642172536521,0.07049139455993612,0.016341622310075837
1.9699999999997835,6,4,98.92236019219744,24.433583698412185,0.24699758124391574,0.7682843188130677,1,30.022975376441238,4.170885460895969,0.13892312166264592,0.13892312166264592,1,33.96693467406325,3.0608190898877248,0.09011172539584297,0.09011172539584297,2,18.88272255450212,6.2201424803247924,0.3294091973427716,0.4018663262913872,2,16.04972758719083,10.9817366673037,0.6842319664084606,0.7682843188130677,-0.039938691778748606,0.0017616930926037282,0.26916368777176813,0.01024515478016297,0.011919904688917448,0.0007158942917759267,0.0009307305435467343,0.05164891448586966,0.06448399481977402,0.010462038329446121
1.9799999999997824,6,4,99.27996408096023,19.371010542753567,0.1951150035364337,0.696288925665955,1,30.029637153101262,4.160696139193523,0.1385529940964949,0.1385529940964949,1,33.954847700771445,3.1034716476735484,0.09139995782113428,0.09139995782113428,2,18.92134583401773,6.176344283872009,0.3264220387942951,0.40605899557360237,2,16.37413339306979,5.930498472014484,0.3621870134833833,0.696288925665955,-0.03993224287855406,0.0017603013215611164,0.2691620515511855,0.01025138031786242,0.01192207442445294,0.0006868717374583865,0.0009749330171796812,0.017408902264020226,0.068894675474329,0.013720716664721074
1.9899999999997813,6,4,98.99638546572982,24.58073549116594,0.24829932300584048,0.773173213109102,1,30.014582837631778,4.164774801913267,0.1387583770343642,0.1387583770343642,1,33.96156704668494,3.0649076088280456,0.0902463541984061,0.0902463541984061,2,18.93143191684878,6.286491463060443,0.3320663482124419,0.41468771544500577,2,16.08880366456431,11.064561617364182,0.68771810807375,0.773173213109102,-0.039925596832227565,0.0017590298899418798,0.26916080518636787,0.010257788925551195,0.011927693196540657,0.0006940032838171454,0.000897542115070168,0.06192406593762253,0.07856269362578752,0.010762113555250422
1.9999999999997802,6,4,99.42633487194476,19.468702018000634,0.195810315678187,0.6903906207802469,1,30.021314978568515,4.154571695102809,0.1383873990219501,0.1383873990219501,1,33.949544435785555,3.1084666794159483,0.09156136646532947,0.09156136646532947,2,19.047648426631618,6.318432122449983,0.3317171747886641,0.44146012952607394,2,16.407827030959076,5.887231521031895,0.358806288603822,0.6903906207802469,-0.039919018311313934,0.0017578747871919021,0.2691592971829236,0.010264173151661721,0.011930595443163295,0.0006740075333328953,0.0009326838726435114,0.042048399153749486,0.10184892041554881,0.034866595665499385
2.009999999999779,6,4,95.55003204368113,18.456773847169615,0.19316345010467414,0.6583726491579136,1,30.02889536387642,4.154758252580555,0.13835867760818688,0.13835867760818688,1,33.951574197116024,3.1163517315799028,0.09178813664094013,0.09178813664094013,2,15.051662116937555,5.386920116149136,0.3578953655946916,0.521623259933107,2,16.517900365751128,5.798743746860021,0.35105816226397435,0.6583726491579136,-0.039912245819750385,0.0017567589288958515,0.2691581225489279,0.010270727855215255,0.011936668232599203,0.0006938210259929352,0.0010400572092492968,0.026175965301369848,0.08516029673369253,0.023302550962692084
2.019999999999778,6,4,99.47680891247234,19.469506599842838,0.19571905062790734,0.6875371037279506,1,30.01402901826258,4.14622982437888,0.13814306042870922,0.13814306042870922,1,33.94272508467219,3.1131595818515256,0.09171802128690493,0.09171802128690493,2,19.092000044184175,6.35433929927202,0.33282732477301064,0.4509244168363382,2,16.428054765353394,5.855777894340413,0.35644986445322735,0.6875371037279506,-0.03990573937764954,0.0017551599374649996,0.26915656106444263,0.01027697104340316,0.011939046143362596,0.0006787518783815887,0.0011392419402402032,0.049062143828043775,0.11841351298889712,0.04236882051475449
2.029999999999777,6,4,95.40471949435542,23.945079071680198,0.25098421963388196,0.783834709445752,1,30.013885760804506,4.1469988288295605,0.13816934141347256,0.13816934141347256,1,33.962288123145036,3.060783590188192,0.09012300876460357,0.09012300876460357,2,15.268528534849215,5.5316732116498075,0.36229248935312913,0.5660658198731913,2,16.16001707555666,11.205623441012637,0.6934165594392876,0.783834709445752,-0.0398989970140862,0.0017543577206855217,0.2691553481281842,0.01028355398898221,0.011945015786001512,0.0006374684613941434,0.0006911907301067412,0.038481945374509045,0.04341510449803777,0.005842369863571483
2.0399999999997758,6,4,99.31538139095221,19.145808283597965,0.19277787604954189,0.6787167579831773,1,30.00126293430965,4.145332833705055,0.13817194438719524,0.13817194438719524,1,33.937408702308595,3.1244467202887773,0.09206497607686343,0.09206497607686343,2,18.901952875468645,6.042432032147662,0.31967236782129843,0.376824575149601,2,16.47475687886532,5.833596697456471,0.35409303702321177,0.6787167579831773,-0.03989277074764504,0.0017536674870897184,0.26915375555683524,0.010289680802511612,0.01194752465411605,0.0006638880807307645,0.0007012688774889112,-0.001561752839004036,0.06083791702403521,0.015191848081273319
2.0499999999997747,6,4,99.03984049931078,24.605109406367703,0.24843648053470896,0.777643742195546,1,29.98545080249689,4.152381136015493,0.138479863563356,0.138479863563356,1,33.945342652225406,3.0894272268348617,0.09101181444790404,0.09101181444790404,2,18.924715930878534,6.187209771036805,0.3269380525253453,0.391133394337909,2,16.18433111370996,11.176091272480543,0.6905500878570835,0.777643742195546,-0.03988615075157778,0.0017534715824046273,0.2691527285601784,0.010296232339713992,0.011955007928310559,0.0006783620492678772,0.0006985380334214987,0.035455779748121335,0.04083486303224675,0.005189892101429593
2.0599999999997736,6,4,99.38826411903065,19.18935540523648,0.19307466103095108,0.6768175532397901,1,29.992235271007267,4.141916898728854,0.13809964016695814,0.13809964016695814,1,33.93312441207783,3.1356474662894613,0.09240668286865412,0.09240668286865412,2,18.96604225853592,6.103363581015424,0.3218048076566171,0.3924308879484725,2,16.496862177409632,5.808427459202742,0.35209286449374894,0.6768175532397901,-0.03987986127244408,0.001753198687573114,0.26915126413086515,0.010302482372506356,0.011958472602392002,0.0006505217836651276,0.0006369218549702812,0.010338566418956845,0.06712431749332151,0.016000273428543973
2.0699999999997725,6,4,99.09890188588332,24.65323721992713,0.2487740706583853,0.7755786939041789,1,29.976615069955187,4.14845539608177,0.13838972100087657,0.13838972100087657,1,33.94182260888519,3.098423090462705,0.09128629084436994,0.09128629084436994,2,18.975832809150656,6.247065231553794,0.3292116501227441,0.40412165802027084,2,16.204631397892285,11.159293501828861,0.6886484010540551,0.7755786939041789,-0.03987337799919503,0.0017534053602036603,0.26915019007226404,0.010308972381718774,0.011965840038888243,0.0006565958976773855,0.0006403445774009149,0.044415596179274534,0.050233462953029544,0.00971335977439418
2.0799999999997714,6,4,95.8093707975431,20.44139626232759,0.21335487429014388,0.6527049098156814,1,29.961779192112832,4.169126004253681,0.13914814529275904,0.13914814529275904,1,33.95458770443025,3.06614006788385,0.09030120155114688,0.09030120155114688,2,19.028336517132743,6.091730270078598,0.32013992734434366,0.40680977096614823,2,12.864667383867264,7.114399920111461,0.553018566887564,0.6527049098156814,-0.03986704032416547,0.0017533656883881581,0.2691488625984261,0.010315298523798252,0.011970742479724248,0.0006660381041296958,0.001105871319886808,0.024223906982254084,0.0904739785669837,0.023567554326754777
2.0899999999997703,6,4,99.20672533591775,24.649323449324378,0.24846423834534231,0.7675141373343469,1,29.96786322516501,4.145288422845126,0.13832445749299166,0.13832445749299166,1,33.94011152507835,3.1033193814256,0.09143515568982609,0.09143515568982609,2,19.058114051186763,6.353157889762021,0.3333571135474659,0.4266979803816644,2,16.240636534487624,11.04755775529163,0.6802416722910897,0.7675141373343469,-0.03986073625105075,0.0017539489772628641,0.26914769516458986,0.010321684477187856,0.011977303721765248,0.0006279824903051785,0.0006410192381677114,0.051022195880426474,0.07146516162955376,0.02655348527190107
2.099999999999769,6,4,91.92208993632025,19.91343425250855,0.2166338283464153,0.649718229956939,1,29.965937363569196,4.178754011843981,0.13945013503646517,0.13945013503646517,1,33.95587367206422,3.0685113277697487,0.09036761525868905,0.09036761525868905,2,15.115039349933713,5.4351292585254445,0.35958419509832634,0.5363229717809643,2,12.88523955075311,7.231039654369376,0.5611878324719807,0.649718229956939,-0.03985455700700191,0.001754341861083236,0.2691463859700828,0.010327927268857038,0.011982563442234763,0.0006600116560986825,0.0012348924901360104,-0.030512454275769253,0.09680871445945174,0.02675146488159845
2.109999999999768,6,4,99.32332431846355,18.9089673929898,0.19037791498360823,0.6512823113651188,1,29.963403219171,4.140006666546892,0.13816877329535313,0.13816877329535313,1,33.91858444726587,3.1762570460202544,0.09364356142157011,0.09364356142157011,2,18.82060562537998,5.838432841621307,0.3102149292022813,0.32781155494619396,2,16.620731026646695,5.754270838801347,0.3462104542559519,0.6512823113651188,-0.03984808463638385,0.0017546259535904584,0.26914530961495403,0.010334420327613772,0.01198949221868612,0.0006883092372993039,0.0006205622924837531,-0.008795288326724875,0.07441229106911817,0.031402312822409184
2.119999999999767,6,4,99.70802162701693,19.244717185955054,0.19301072142364617,0.6060817055634704,1,29.961476768696972,4.137348078023544,0.1380889236523263,0.1380889236523263,1,33.91846402150935,3.173766942491503,0.09357047950281189,0.09357047950281189,2,19.042420073372476,6.142466869439028,0.3225675542169245,0.404291797257061,2,16.785660763438138,5.791135296000979,0.34500490493737374,0.6060817055634704,-0.039841974671538286,0.0017543162463610116,0.269144044556482,0.010340472441692894,0.011994848151607326,0.0006437519424514065,0.0009113029726980122,0.10672138820971497,0.12708049876411043,0.03665257496808823
2.129999999999766,6,4,95.7813985629949,18.298821641005258,0.19104775995696308,0.6537718584150624,1,29.97552477265367,4.134151109571554,0.13791755577013592,0.13791755577013592,1,33.92482995229211,3.1616953207600917,0.09319708677114456,0.09319708677114456,2,15.26544624124099,5.317846820862385,0.3483584257429526,0.5238992386323076,2,16.61559759680812,5.685128389811227,0.34215611907352333,0.6537718584150624,-0.039835514970621606,0.0017540138888218785,0.26914274651031356,0.01034687222209063,0.011999511610600946,0.0006211381934960903,0.0006984679830684779,0.008794170644164028,0.044565284020881835,0.008602810222898074
2.1399999999997648,6,4,99.46344604811378,18.902008546557905,0.19003975126112535,0.6207743565506847,1,29.951360071682874,4.13161616304796,0.13794419195521418,0.13794419195521418,1,33.90974699372893,3.1845692203505678,0.0939130929210266,0.0939130929210266,2,18.856429908951938,5.818545893273088,0.30857091832164796,0.3305058161806941,2,16.745909073750035,5.767277269886288,0.34439917501563144,0.6207743565506847,-0.03982935848010102,0.0017534515904893291,0.2691414819850415,0.010352927679779208,0.012004737123831736,0.000676797510933676,0.0007952675239763581,0.035811846995511175,0.10563451688975446,0.0263554105198034
2.1499999999997637,6,4,95.65639735617515,18.22092095760047,0.1904830357530103,0.6599521679701728,1,29.97081683915292,4.120723306365528,0.13749119113037808,0.13749119113037808,1,33.91839477202859,3.1602369685058913,0.09317177271349047,0.09317177271349047,2,15.162795291690259,5.242938617867211,0.34577652187525904,0.5008430427455267,2,16.60439045330337,5.697022064861839,0.34310335455454444,0.6599521679701728,-0.03982337241610928,0.0017521814185764903,0.26913994658457924,0.010358718779010909,0.012007241380549307,0.0006215035387434957,0.0010479440559897125,-0.011147078725537628,0.07990010378236305,0.017296026790880534
2.1599999999997626,6,4,99.74001410841129,19.29413414806921,0.19344426928893022,0.6273382677310962,1,29.950751181409665,4.117836204401383,0.13748690907483185,0.13748690907483185,1,33.907589738263646,3.171683885208712,0.09353905452116423,0.09353905452116423,2,19.153444687238732,6.233922230745611,0.32547264121628494,0.43049801090537215,2,16.728228501499252,5.770691827713504,0.3449673004643804,0.6273382677310962,-0.03981743156840338,0.0017510351826398633,0.2691386144534781,0.010364470141187063,0.01201170202642288,0.0006109244185640791,0.0008904970469876127,0.08730452856184688,0.10974518464110848,0.041018242585164955
2.1699999999997615,6,4,92.24913352080581,20.179101731027675,0.21874570481983435,0.6080748042045999,1,29.94218769196471,4.146982174972347,0.13849963862477666,0.13849963862477666,1,33.93623901996798,3.086667349798113,0.09095490363507658,0.09095490363507658,2,15.36614851994474,5.440965799418265,0.3540878049145546,0.5548025633090684,2,13.00455828892839,7.504486406838948,0.5770658441531226,0.6080748042045999,-0.039811413887893325,0.0017494140592805535,0.2691371261624004,0.010370230342442676,0.012014321766449634,0.0006171000137265711,0.0011380850141411885,0.0017405350636269627,0.06383785530652064,0.01845661413261821
2.1799999999997604,6,4,99.08654050540771,24.684603744493497,0.24912166292803734,0.7925539971557939,1,29.92945937752445,4.121815959291108,0.13771768835846024,0.13771768835846024,1,33.91125955762925,3.1327798600240264,0.09238170156139845,0.09238170156139845,2,18.87586765244253,5.923478586137732,0.313812254631444,0.33786946718666844,2,16.369953917811483,11.50652933904063,0.7029054203091459,0.7925539971557939,-0.039805437112817824,0.0017484515780287271,0.26913590021689066,0.010376040253876935,0.012018837690035726,0.0006419415108446866,0.0006234431882707135,-0.003786807353280338,0.06795143357220473,0.027174391214449593
2.1899999999997593,6,4,95.78276922369702,20.269541298261604,0.21161991308606729,0.6024911478623426,1,29.915639312975607,4.138296543186602,0.1383322114527453,0.1383322114527453,1,33.92421899053177,3.105069800634383,0.09152958838937475,0.09152958838937475,2,18.905011009755654,5.7333827500165775,0.30327317699301787,0.33256726552654187,2,13.03789991043399,7.2927922044240425,0.5593532896036236,0.6024911478623426,-0.039799616758882064,0.0017474446856285645,0.269134457063193,0.010381707550691578,0.012021577577163465,0.0006437350786430217,0.0009952451945960913,-0.022677573244816434,0.08718204231563798,0.020152430046208234
2.199999999999758,6,4,99.49172315940973,18.88428240145881,0.18980757194446857,0.6338658789528362,1,29.932175820406307,4.107690204971045,0.13723326461855878,0.13723326461855878,1,33.89437776081685,3.1864418044418117,0.0940109249660118,0.0940109249660118,2,18.93079477803453,5.824321594475427,0.3076638705752285,0.33828150631409837,2,16.734374800152047,5.765828797570526,0.3445499976203556,0.6338658789528362,-0.03979369827250939,0.0017466360790933482,0.26913316283658045,0.010387492629302525,0.01202593329163442,0.0006421100126988741,0.0007537006655164604,0.0036424190204390394,0.06178839202834591,0.016670058957648334
2.209999999999757,6,4,99.6321013687429,18.951345388774453,0.19021324581556973,0.5965372892723049,1,29.925886823247893,4.108298795664457,0.13728244111626225,0.13728244111626225,1,33.89206593621776,3.1919453496413963,0.09417972205201033,0.09417972205201033,2,18.9368737270349,5.81307027019568,0.3069709580360538,0.33713981739193927,2,16.87727488224234,5.83803097327292,0.3459107595276229,0.5965372892723049,-0.03978785669662084,0.0017457269584766517,0.26913185858106453,0.010393186492113139,0.012030382421090518,0.0006385312187581556,0.0007603710305431606,0.04687847625864029,0.09302672962772876,0.02286499164385697
2.219999999999756,6,4,99.51913542036253,18.848833164961576,0.18939908476239567,0.6302921673082594,1,29.92509720914965,4.101953781466933,0.13707403363798443,0.13707403363798443,1,33.891813695885865,3.1868635267119494,0.09403048049620323,0.09403048049620323,2,18.939016419909496,5.808183375171999,0.3066781952343729,0.3359412846867436,2,16.76320809541752,5.751832481610695,0.34312241719310554,0.6302921673082594,-0.03978229117143965,0.0017451748785160942,0.2691303510377241,0.010398686472163124,0.012032996953543183,0.000607678039622684,0.0005814013226255354,-0.009720014767043426,0.06997115172166704,0.016549902104068388
2.229999999999755,6,4,99.18338425843879,25.070395691131694,0.2527681010138413,0.8112322636901657,1,29.908538467689663,4.110787086589596,0.13744526804713306,0.13744526804713306,1,33.8984334952724,3.1559885977080833,0.09310131095433154,0.09310131095433154,2,18.942905939875892,5.952590400181204,0.3142385027447485,0.3467438826304594,2,16.433506355600834,11.85102960665281,0.7211503954305994,0.8112322636901657,-0.039776478795905935,0.0017448223016909782,0.2691292187079747,0.010404431341537465,0.012038922307948138,0.0006279580022981943,0.000687580911127705,0.02824131534513362,0.0717164875870536,0.01717933458958805
2.2399999999997537,6,4,99.5203651167507,18.835041219962495,0.18925816035608867,0.6321033050863293,1,29.916792122429726,4.097578980188952,0.1369658539398295,0.1369658539398295,1,33.886735935046495,3.195450143187113,0.0942979621676191,0.0942979621676191,2,18.947178631320543,5.795544053521679,0.30587900005024404,0.33320050608750323,2,16.76965842795393,5.746468043064752,0.34267054798717683,0.6321033050863293,-0.03977089325120725,0.0017443301818046166,0.26912774649044785,0.010409958649016707,0.01204158585530331,0.0006110466237893657,0.0006179689000888495,-0.015519725250796586,0.0770286688837265,0.017092575829667386
2.2499999999997526,6,4,99.58254415482875,18.886028764691837,0.18965200101062143,0.6146297829556694,1,29.90988679338591,4.098946162670857,0.13704318545188454,0.13704318545188454,1,33.88243939252854,3.2085267593416984,0.09469586065427198,0.09469586065427198,2,18.95295477400617,5.790065525620602,0.3054967204143616,0.3317774740308792,2,16.837263194908132,5.7884903170586774,0.3437904515746486,0.6146297829556694,-0.0397649238648632,0.0017441182856963982,0.26912673224909667,0.01041587187589949,0.012048379688857587,0.0006363489720083931,0.0006929832900926852,0.013459914081490061,0.055058337960435244,0.017398273331659542
2.2599999999997515,6,4,99.7691721303925,18.973296521098934,0.19017193503722712,0.5667611340119214,1,29.90367287910094,4.099537775313627,0.1370914466556618,0.1370914466556618,1,33.88053849677921,3.211136699256858,0.09477820724608964,0.09477820724608964,2,18.96014678557726,5.766500947608657,0.3041379907456814,0.32979895702656825,2,17.024813968935096,5.8961210989197905,0.34632514103697976,0.5667611340119214,-0.03975912469412507,0.0017433983445184508,0.2691254433048241,0.01042155608616479,0.012052748594513439,0.0006346505979815514,0.0008476052252934346,0.06639571716723983,0.11755492041964336,0.03811207569638451
2.2699999999997504,6,4,95.92441243321318,18.13964627445651,0.1891035432412592,0.600114937884812,1,29.92038874822899,4.093989029657661,0.13682940633249582,0.13682940633249582,1,33.89352272350464,3.187859550845381,0.09405512601481962,0.09405512601481962,2,15.216215644512648,5.104451816319511,0.3354613220245932,0.48151865235268737,2,16.894285316966897,5.753345877633957,0.3405498231911523,0.600114937884812,-0.039753577501345595,0.001743275477310632,0.2691241060783214,0.010427096930086631,0.01205662545210934,0.0005496120408535184,0.0004497174826882675,-0.004992324903285907,0.0684385004051223,0.017428975237853007
2.2799999999997493,6,4,99.96034497355066,19.277041923528188,0.19284689272159736,0.58187291361017,1,29.898793855826213,4.094061644963321,0.13693066231049764,0.13693066231049764,1,33.87954927025563,3.213194429241849,0.0948417112521286,0.0948417112521286,2,19.203818191425576,6.145918452554354,0.320036275666184,0.4122077259746769,2,16.97818365604325,5.823867396768666,0.3430206384117954,0.58187291361017,-0.03974793482457111,0.0017432814874846973,0.26912297446969263,0.010432736025712612,0.012062453633424362,0.0005799274513500624,0.0007878383953460453,0.10033346904261536,0.12097125259942379,0.03859806403552009
2.2899999999997482,6,4,99.82611824673317,19.13752818170519,0.19170862814082695,0.6172827218935822,1,29.897767894644144,4.087934837972388,0.1367304359435039,0.1367304359435039,1,33.87817055429751,3.2107807278260725,0.09477432444824795,0.09477432444824795,2,19.19658570736449,6.111250670238609,0.31835091736621246,0.40653738512145077,2,16.853594090427023,5.72756194566812,0.33984216748885754,0.6172827218935822,-0.03974229894497594,0.0017432804292620402,0.2691216828933665,0.010438380826415851,0.012066433145966213,0.0005624400732874938,0.0005242925838765883,0.04093752537322166,0.095687450791282,0.03548514814899689
2.299999999999747,6,4,99.90540909950815,19.193101000555576,0.192112731167927,0.5949475529951583,1,29.8917642337331,4.088672988912734,0.1367825919187009,0.1367825919187009,1,33.87492096984908,3.221134940509561,0.09508907617457128,0.09508907617457128,2,19.19964387669343,6.093618620003532,0.31738185661873736,0.403926203818259,2,16.93908001923254,5.789674451129748,0.3417939135157389,0.5949475529951583,-0.03973657692108019,0.0017433333130182302,0.26912056796038086,0.010444104555715645,0.012072509882172,0.0005735589100417917,0.0006386457247757061,0.07744745756729303,0.09276428658000017,0.0348567371296448
2.309999999999746,6,4,96.18180857282779,20.69659824902621,0.21518204488071127,0.5652022766779948,1,29.870435265149442,4.110234018951159,0.13760207986479087,0.13760207986479087,1,33.89994772465371,3.140265152079249,0.09263333317164657,0.09263333317164657,2,19.191451169056585,5.996771999785401,0.31247100320659027,0.3973958948245005,2,13.21997441396806,7.449327078210402,0.5634902795530025,0.5652022766779948,-0.039730996901358936,0.0017427455285056951,0.26911919093867404,0.01044960410514994,0.012076124639777265,0.0005727296387841021,0.0009547287664194864,0.034444369246095556,0.10932511772807652,0.034744116200333346
2.319999999999745,6,4,95.83979293732274,18.08875835685904,0.18873953920882025,0.6052629939921591,1,29.901437691828946,4.080395697193969,0.1364615219926032,0.1364615219926032,1,33.87919982301663,3.2106106007140807,0.09476642357216705,0.09476642357216705,2,15.155881969422728,4.996172560319401,0.3296523798746435,0.45472511973686713,2,16.90327345305444,5.801579498631588,0.3432222471430962,0.6052629939921591,-0.039725387659948444,0.0017422642974628964,0.26911790151419285,0.010455143035626073,0.012080526979027574,0.0005651213221877801,0.0006907352491737842,-0.010974253183274529,0.07977360435512386,0.028789846240123335
2.329999999999744,6,4,95.9279763109427,18.14836085412035,0.18918736276989648,0.5696102946036538,1,29.895228029860192,4.0810116459973225,0.1365104705647702,0.1365104705647702,1,33.876907590436076,3.2148769176566354,0.0948987716506993,0.0948987716506993,2,15.109923622487063,4.9615183643789145,0.3283615780158562,0.4458377345768927,2,17.045917068159362,5.890953926087478,0.34559325277320446,0.5696102946036538,-0.03971997316579101,0.0017416340770781906,0.2691165934728441,0.010460467663264172,0.01208482331705013,0.0005635969960086536,0.0006904831088018775,0.023975877290620118,0.11426367435976376,0.03539043344894377
2.3399999999997427,6,4,95.80384519881372,18.000090144686666,0.18788484018916551,0.6015380007829737,1,29.894417882286085,4.075086627170792,0.13631597187197553,0.13631597187197553,1,33.87650682963057,3.2093720468235882,0.09473739612422097,0.09473739612422097,2,15.101898016198422,4.9399355420560465,0.3271069329667986,0.44018529360012826,2,16.93102247069864,5.77569592863624,0.34113095878478933,0.6015380007829737,-0.03971474582507721,0.0017412810255162568,0.2691151220088819,0.010465668609564396,0.012087331909575031,0.0005423957114168477,0.0005255257150395845,-0.03358267876384385,0.09876437649460912,0.036976174406045566
2.3499999999997416,6,4,99.89758098968078,19.077823579131522,0.19097382929725018,0.5818009586934659,1,29.87335446783145,4.075131654156551,0.1364135942130228,0.1364135942130228,1,33.86359728099341,3.2306252254950354,0.0954011234745071,0.0954011234745071,2,19.141618402178615,5.929688338607494,0.30977988454375427,0.37185765809634397,2,17.019010838677303,5.842378360872443,0.3432854245321408,0.5818009586934659,-0.03970951643498377,0.001741139019448442,0.2691138991411267,0.010470885892765616,0.012092467695105103,0.000552040606851411,0.0005850673965335966,0.05876738605962964,0.06695997265819993,0.017236414493024457
2.3599999999997405,6,4,92.61347827070344,20.231359068649404,0.21844940333106158,0.5961401040872568,1,29.868948091357563,4.103217351766665,0.13737401595853022,0.13737401595853022,1,33.897366992279494,3.141111597487209,0.09266535652172136,0.09266535652172136,2,15.535972426297882,5.2989269933545105,0.34107469091442055,0.5407959717545254,2,13.311190760768504,7.688103126041019,0.5775668957205415,0.5961401040872568,-0.03970443595106281,0.0017404504291600841,0.2691124823486219,0.010475882634286886,0.012095619810889524,0.0005183208622886967,0.0010165880433676835,0.011606349428517057,0.07900398709895567,0.019264287845053515
2.3699999999997394,6,4,96.1708947400154,18.251202155003078,0.18977885361618665,0.5926055614285609,1,29.885388822182385,4.065896487538227,0.13604964324641217,0.13604964324641217,1,33.86994049254291,3.21638146701034,0.09496271384706109,0.09496271384706109,2,15.435159154470911,5.111144180765411,0.33113647417655095,0.4970034760343635,2,16.9804062708192,5.857780019689099,0.3449729014879747,0.5926055614285609,-0.03969909085717724,0.0017398571102759184,0.2691112605321961,0.010481138974191753,0.012100130405533786,0.0005215285029744758,0.0007140579173667623,0.023859700403172854,0.049376194370942275,0.007153339192088399
2.3799999999997383,6,4,96.30230450703414,18.327815653150022,0.1903154420547778,0.5581069524224954,1,29.879144804896328,4.067074185459487,0.13611748970783832,0.13611748970783832,1,33.86769755188394,3.2213506739563065,0.09511572698502245,0.09511572698502245,2,15.433585286693575,5.091297287518838,0.32988428760674415,0.4945394927899682,2,17.12187686356029,5.948093506215391,0.3473972832309317,0.5581069524224954,-0.03969378580212743,0.001739199040226433,0.26911000029137455,0.01048634875982328,0.0121044082577029,0.0005204990774625626,0.0006803480155229943,0.06321472952642812,0.07150186927300728,0.02175424132742268
2.3899999999997372,6,4,96.04753610100585,18.164807583134564,0.1891230980046383,0.5957046016690598,1,29.87991975563237,4.056532408256881,0.13576115469628142,0.13576115469628142,1,33.86557409765699,3.2154823310409912,0.0949484075411985,0.0949484075411985,2,15.322559581917616,5.012694941049691,0.3271447511266491,0.46991718060430476,2,16.97948266579888,5.880097902787002,0.34630606942053993,0.5957046016690598,-0.039688707645473886,0.0017381829123211073,0.26910847553218975,0.010491299021544135,0.012106163803119244,0.0005203147242733925,0.0007715624653902564,-0.007380134640519603,0.06992555626903245,0.016077105368795464
2.399999999999736,6,4,96.0986351384807,18.197085107693496,0.18935841369100623,0.5772517284258325,1,29.87380866810084,4.05798883532135,0.13583767909896463,0.13583767909896463,1,33.8631917828511,3.2233917805666,0.09518865797520541,0.09518865797520541,2,15.303297616787349,4.984290150711368,0.32570039971278625,0.46448416495321554,2,17.058337070741413,5.931414341094177,0.3477135148928311,0.5772517284258325,-0.03968347568175885,0.0017378031063199693,0.26910728635240805,0.010496477657757233,0.012111227904388181,0.0005173083699629775,0.0006018810195742719,0.0139254235766016,0.0479639147017737,0.013676722456987799
2.409999999999735,6,4,96.18910610672575,18.26179436376681,0.18985304160644348,0.5327229692965768,1,29.86722451917959,4.059431437218392,0.13591592464882635,0.13591592464882635,1,33.861243493290154,3.2270875555724228,0.09530327958014576,0.09530327958014576,2,15.215913062304722,4.925230174351878,0.3236894266012495,0.44846861438027,2,17.244725031951273,6.050045196624119,0.35083454131130004,0.5327229692965768,-0.039678470528874174,0.0017370959001566588,0.2691059046672636,0.010501395851367579,0.012114510956111572,0.0005178848154479005,0.0007347376749540044,0.05435616240984002,0.12362354212733204,0.03762597178092925
2.419999999999734,6,4,96.01332547010891,18.046508041811528,0.18795836883526973,0.5731172288675361,1,29.866319573665834,4.054311623443255,0.13574861855486478,0.13574861855486478,1,33.86089286833911,3.224204626799811,0.09521912606783425,0.09521912606783425,2,15.20062944405699,4.8945722942047425,0.3219980009524132,0.44078110288531597,2,17.085483584046983,5.87341949736372,0.34376665246091337,0.5731172288675361,-0.039673487678244974,0.0017369468546679595,0.269104529018744,0.01050638417110395,0.012117628374184558,0.0005021731199185523,0.00040477784547503535,-0.01916591014557595,0.08242679507744653,0.028202405792816333
2.429999999999733,6,4,96.0488667310137,18.113890954261485,0.1885903662454416,0.5473127166982638,1,29.859721432990288,4.0564249047715855,0.13584938874512992,0.13584938874512992,1,33.857733589938455,3.2354593099870113,0.09556042200498904,0.09556042200498904,2,15.136534136975976,4.84691903715734,0.3202132663459029,0.4278643881910506,2,17.19487757110898,5.975087702345547,0.34749230854571217,0.5473127166982638,-0.039668552677312924,0.0017369204608265775,0.269103273449004,0.01051133568628631,0.012122166018057013,0.0005199796792467452,0.0006403936862069795,0.019036427856373647,0.11218403092685543,0.03730693096479496
2.4399999999997317,6,4,96.30767349035304,20.675876620680466,0.214685661810235,0.593414473783509,1,29.823416838195357,4.077378121794369,0.13671733671282096,0.13671733671282096,1,33.872791970274484,3.174017314644376,0.09370403589493824,0.09370403589493824,2,19.154947394290964,5.7955167085583295,0.302559782037598,0.3571387452018342,2,13.45651728759224,7.628964475683392,0.5669345427674499,0.593414473783509,-0.03966364482900621,0.0017367282180694844,0.2691019590360703,0.010516238287971496,0.012126137541292516,0.0005360532096193294,0.001005643568356759,0.018013086213323575,0.0756195419373319,0.016478366297378314
2.4499999999997306,6,4,95.96913135082535,24.60124586587385,0.25634540523182797,0.8306626252931341,1,29.847620904637747,4.050080004243637,0.13569188704129956,0.13569188704129956,1,33.871143391776705,3.1850722261171596,0.0940349780719371,0.0940349780719371,2,15.505990544298161,5.092369235977065,0.32841302343303846,0.503140044001329,2,16.744376510112737,12.273724399535988,0.7330057582092289,0.8306626252931341,-0.0396587524426378,0.0017371755067376053,0.26910075200852057,0.01052122225767434,0.012131005955856226,0.0004631578143907077,0.0004849782591106515,0.028789970079169967,0.052611968868998826,0.010709418652465682
2.4599999999997295,6,4,96.46315387680576,18.271001100009087,0.1894091201221059,0.5236400707551588,1,29.84794286709317,4.056623326397534,0.13590964524626886,0.13590964524626886,1,33.85403277650661,3.2453794751539493,0.09586389593756516,0.09586389593756516,2,15.454716425791911,5.004571418077608,0.32382162701643813,0.48267685474745964,2,17.30646180741408,5.964426880379996,0.3446358329479477,0.5236400707551588,-0.03965387030059088,0.001737693371616795,0.26909955027866256,0.010526207428639469,0.012135951932935547,0.0005027068672911415,0.0009132683031803855,0.08170283039027615,0.09401280281299344,0.03624237225238428
2.4699999999997284,6,4,96.13030398329158,18.056690099766385,0.18783556642975788,0.5796173361657505,1,29.849266965426793,4.045572122010447,0.1355333826688699,0.1355333826688699,1,33.850813327634484,3.245114705957857,0.09586519161442636,0.09586519161442636,2,15.343409996715339,4.910758348352465,0.320056516081089,0.4552313992101378,2,17.086813693514973,5.855244923445618,0.34267623141861037,0.5796173361657505,-0.0396488767462244,0.001737769489840122,0.2690982992298621,0.010531233466834232,0.012140201161960896,0.0004909998191055541,0.0005116230645604475,-0.004384668613402509,0.06357597216850969,0.014265676098343777
2.4799999999997273,6,4,100.13319206338863,19.194873930619202,0.1916934188861973,0.5566494480079754,1,29.828418129182328,4.04397194910649,0.1355744690044462,0.1355744690044462,1,33.83775131151491,3.2640932206634825,0.09646306548605431,0.09646306548605431,2,19.274336776543983,5.975932654147625,0.3100460847721656,0.3874025107893996,2,17.19268584614741,5.910876106701606,0.34380178638732783,0.5566494480079754,-0.039643902974870436,0.0017378740209511472,0.26909715505172555,0.010536235726891371,0.012145675769369695,0.0005026125860373731,0.0005424997111750834,0.07701228147717326,0.09153407666019016,0.03640888500113008
2.489999999999726,6,4,100.25645734855766,19.25919891444165,0.19209933627999598,0.5218584938424731,1,29.82157643420721,4.045393735740448,0.13565324907170664,0.13565324907170664,1,33.83421064110123,3.2698376632395783,0.09664294219612839,0.09664294219612839,2,19.256143960736246,5.931763466863547,0.3080452389096467,0.37826151199275065,2,17.34452631251297,6.012204048598079,0.3466340873351299,0.5218584938424731,-0.03963884109431336,0.0017376646323205528,0.26909597792073586,0.010541275741577084,0.01215051510947102,0.0005278317872090466,0.0008656800361783897,0.11484710797895703,0.13746844361802227,0.03767782575164477
2.499999999999725,6,4,99.98446671625516,18.888044717504638,0.1889097910689149,0.5628317123258736,1,29.820972149322294,4.039084396092213,0.13544442400694856,0.13544442400694856,1,33.83332933009648,3.2659679762958826,0.0965310846127885,0.0965310846127885,2,19.15173782367884,5.759886044585267,0.3007500466857819,0.3410425583906178,2,17.178427413157543,5.823106300531274,0.33897784473980186,0.5628317123258736,-0.03963401085741653,0.001737800473134747,0.26909471717530864,0.010546152331206182,0.012154401977736673,0.0005033615308360611,0.0003806299007330686,0.01591888358417265,0.055542107770860924,0.00839312365893813
2.509999999999724,6,4,100.06307573060087,18.95504977828089,0.18943101278750857,0.5378167114345401,1,29.814139958199267,4.040876249395284,0.13553556316099574,0.13553556316099574,1,33.82896201180506,3.2770868397391903,0.09687222559756956,0.09687222559756956,2,19.13287827022226,5.7097010844460705,0.2984235306264635,0.3310712136869006,2,17.28709549037428,5.927385604700348,0.34287920767261376,0.5378167114345401,-0.03962906044825982,0.001737832895862806,0.2690935861913933,0.010551118952861397,0.012159526987960094,0.0005347668794001482,0.0007107709560758671,0.05699327779046463,0.06520464534476354,0.01909044906643534
2.519999999999723,6,4,96.55189606742464,20.815101663954678,0.21558459762839835,0.5905007568010288,1,29.79775709872182,4.0597001722347,0.13624180366276095,0.13624180366276095,1,33.85793997661737,3.1912319572206473,0.09425357713506918,0.09425357713506918,2,19.34159457478185,5.984539991186125,0.3094129580706312,0.3994127733856754,2,13.5546044173036,7.5796295433132075,0.5591922353438192,0.5905007568010288,-0.039624241063126946,0.001737578752612906,0.2690923493131875,0.010555918859477422,0.01216365576030344,0.0004891395761219647,0.000963586015488602,0.05200634392069739,0.12626748942015226,0.05009783344528726
2.529999999999722,6,4,96.28888572355382,18.065433755980518,0.18761701955765203,0.5628584922309116,1,29.82891204686512,4.031102204995079,0.13514077210263958,0.13514077210263958,1,33.837097965169065,3.2589967605348957,0.09631431052064847,0.09631431052064847,2,15.438442825094828,4.882571694565182,0.31626063262213694,0.4567080212570619,2,17.1844328864248,5.8927630958853605,0.3429128639176956,0.5628584922309116,-0.03961918126080293,0.001737383974258711,0.2690911587386354,0.010560960962112072,0.012168108546987997,0.00048593191144252876,0.0005492206875174733,0.010601620641865235,0.04635484749505385,0.008620206944488304
2.5399999999997207,6,4,96.18901300222635,18.012621896358173,0.18726277912781225,0.5304030210709864,1,29.82296997764325,4.031396772536227,0.1351775753909942,0.1351775753909942,1,33.83465935468963,3.2630826092719136,0.09644201157945563,0.09644201157945563,2,15.209075929047891,4.735589275887542,0.3113660092157878,0.4140583677446283,2,17.32230774084557,5.98255323866249,0.34536698736484045,0.5304030210709864,-0.03961450711208823,0.0017370324134161992,0.26908989092926505,0.010565605130559914,0.012172145542863786,0.0004917179112885095,0.000592419303763609,0.020921769040595513,0.10632752554809552,0.03436014603344937
2.5499999999997196,6,4,96.40298697863267,20.5431097138293,0.21309619502124552,0.5964051247080588,1,29.78694212690966,4.051515472189254,0.13601649524571696,0.13601649524571696,1,33.84943735657471,3.199953384042634,0.09453490615911506,0.09453490615911506,2,19.162976878521434,5.664546295123216,0.29559845169318383,0.33487264113543835,2,13.603630616626866,7.627094562474194,0.5606661028528718,0.5964051247080588,-0.0396099320503889,0.0017365358851688384,0.26908853533226584,0.010570135866232502,0.012175289753029159,0.0005007182003499601,0.0009167089387151718,0.007725330156175273,0.06817765059997179,0.017698450979196246
2.5599999999997185,6,4,100.0051696345166,18.87382601866547,0.18872850361278926,0.5585386944453099,1,29.802990246040956,4.0220189252066145,0.1349535362727873,0.1349535362727873,1,33.818213325480016,3.2783897464696383,0.09694154197080442,0.09694154197080442,2,19.153437122488867,5.655606985233442,0.29527895954470507,0.32561928228566456,2,17.230528940506765,5.917810361755775,0.3434491408933919,0.5585386944453099,-0.039605214076167704,0.0017362050031434642,0.2690872646323749,0.010574827145468972,0.012179078219262961,0.0005036251227538178,0.0005192730397807878,0.01510809426413453,0.042569077636275265,0.008527765613517629
2.5699999999997174,6,4,100.09911172241578,18.911802226648497,0.1889307697264357,0.5270411259165121,1,29.796249729790723,4.023904321444573,0.13504734179420624,0.13504734179420624,1,33.814769271238895,3.284643975925624,0.09713637108029517,0.09713637108029517,2,19.118835237944282,5.589594679384541,0.29236062813550096,0.31096379152460857,2,17.369257483441892,6.0136592498937596,0.3462243135969732,0.5270411259165121,-0.03960051163213076,0.0017356949631092175,0.269086045189373,0.010579469541225036,0.012183150365199708,0.0005237480414851674,0.0006641820212564003,0.046738755637134394,0.07367378930563544,0.01953027199760851
2.5799999999997163,6,4,92.64969432790093,20.045196713195867,0.2163546988320648,0.617226616603283,1,29.79346716472437,4.047457711421773,0.13585051008141763,0.13585051008141763,1,33.850910395819206,3.194881942704108,0.09438097544043293,0.09438097544043293,2,15.35360466928701,4.992528560189514,0.325169800038974,0.4690422980084682,2,13.65171209807034,7.810328498880471,0.5721134787177687,0.617226616603283,-0.039595925520955644,0.001735069747674203,0.269084764004862,0.01058398428837983,0.012186489413691593,0.0004879091437741006,0.0009947190841360664,-0.021990057768310138,0.08542235613025885,0.02180061772354436
2.589999999999715,6,4,96.16632018913519,17.95037719611352,0.18665970748188765,0.5505359096522758,1,29.810538772559486,4.01254854299794,0.1346016780713631,0.1346016780713631,1,33.823042109735084,3.2671058611295165,0.09659408667410094,0.09659408667410094,2,15.262966343826829,4.700550806872222,0.3079709868307074,0.4099964837792723,2,17.269772963013793,5.970171985113844,0.34570066427045687,0.5505359096522758,-0.03959109261365341,0.001734606608336647,0.2690836029037365,0.010588757984260245,0.012190652864217756,0.0004894156393905743,0.000567792675045199,-0.01645327100781474,0.07984003218407461,0.03071516528223809
2.599999999999714,6,4,96.22665262290037,17.99366643375911,0.1869925425367744,0.5191305114089231,1,29.804715030226273,4.013999947426396,0.13467667593384544,0.13467667593384544,1,33.82083154775257,3.2716576110067317,0.09673498436569744,0.09673498436569744,2,15.193979542494441,4.649095577075607,0.30598274560479966,0.39630843077305616,2,17.407126502427097,6.058913298250374,0.34807084887936973,0.5191305114089231,-0.03958640777182064,0.001734110018101186,0.2690823740159914,0.010593386762053668,0.012194481631701868,0.0004916761919573727,0.0005919795879683736,0.012836481888005631,0.1129434165727432,0.04076714030627705
2.609999999999713,6,4,96.4043121028931,20.46620827277531,0.21229556880123332,0.6066994577813569,1,29.768143166386793,4.036646973021861,0.13560291451365733,0.13560291451365733,1,33.83521464942892,3.2143753039494154,0.09500088405686141,0.09500088405686141,2,19.103468143020628,5.502011216615346,0.28801111795113926,0.30158324386506374,2,13.697486144056764,7.713174779188691,0.5631087849309765,0.6066994577813569,-0.03958205400555665,0.0017335988371699204,0.26908102417650037,0.010597698481044054,0.012197408090436223,0.0005042904856374399,0.000933817534943042,-0.013908098661162369,0.07529415700518771,0.017709917485978253
2.619999999999712,6,4,100.29018729631602,19.19967893142315,0.19144125112356247,0.5464587869798956,1,29.78854905903114,4.0049873709599195,0.13444721201503798,0.13444721201503798,1,33.807816281407995,3.281328598951597,0.09705828296150867,0.09705828296150867,2,19.381026779586513,5.934531920964636,0.3062031742928765,0.3874849404810855,2,17.312795176290372,5.978831040546997,0.3453417532909372,0.5464587869798956,-0.03957753753469375,0.0017333228025938154,0.26907976422732577,0.010602200969748324,0.012201094642944171,0.00044941347897555265,0.00048775133597985833,0.06049000548420204,0.10282452078882824,0.04598775189945862
2.629999999999711,6,4,100.35478807939789,19.194950117687895,0.19127089484261967,0.5159695893315365,1,29.781634494630378,4.007312384002959,0.134556496042065,0.134556496042065,1,33.804351007865804,3.2884324906477045,0.09727837963469649,0.09727837963469649,2,19.31840953469672,5.82545108542831,0.30154920750414477,0.36437732538212797,2,17.450393042204993,6.073754157608923,0.3480583012038253,0.5159695893315365,-0.039573015315626195,0.0017329079252062453,0.2690785535576401,0.010606682322065547,0.01220509538204978,0.00047070675731414986,0.0006138695012053231,0.08625207675040628,0.10128408495793914,0.031011075713000203
2.6399999999997097,6,4,96.52210659499696,20.583940491289297,0.2132562292455833,0.6105344069657748,1,29.760700907938823,4.0289850888124255,0.13537937501121394,0.13537937501121394,1,33.83002465997745,3.218890350300561,0.09514892119214632,0.09514892119214632,2,19.189738568264268,5.591660875408227,0.2913880694891613,0.32311767676883696,2,13.741642458816411,7.744404176768084,0.5635719456373574,0.6105344069657748,-0.039568614632803235,0.001732425790352381,0.2690772585469917,0.010611040765913408,0.012208268406924816,0.00048443574957592734,0.0009342851559710145,0.0037376114784525155,0.06484964029677544,0.017722197476485357
2.6499999999997086,6,4,100.11606133155158,18.872369685456977,0.1885049155395544,0.5411868049742599,1,29.77662076535665,4.00064862642077,0.13435536080290514,0.13435536080290514,1,33.79867782069692,3.293217617675259,0.09743628538210532,0.09743628538210532,2,19.186890291796576,5.576010252331978,0.2906156322119599,0.31428102373633715,2,17.353872453701428,6.0024931890289706,0.3458878244635647,0.5411868049742599,-0.0395640459109935,0.0017321854087532828,0.269076035442952,0.010615597755996653,0.012212080900780551,0.00048755409694881477,0.000465557353515022,0.011960335729357641,0.04390629634041639,0.008611058081662211
2.6599999999997075,6,4,100.10506529066177,18.81482203233174,0.187950749322241,0.5242930995730748,1,29.769835383071864,4.003122249549503,0.1344690757620317,0.1344690757620317,1,33.79473943669332,3.3029702562811742,0.09773622496686298,0.09773622496686298,2,19.104870070818812,5.451599011310651,0.285351273842869,0.2857392491863613,2,17.43562040007778,6.05713051519041,0.3473997699080091,0.5242930995730748,-0.039559454486636926,0.001732096668421716,0.2690749777562861,0.010620187553340047,0.012217348963418612,0.0005165281825894054,0.000567271051075652,0.016652365912688413,0.06734661703592613,0.02209071557404588
2.6699999999997064,6,4,96.57946658281668,20.64502717152695,0.2137620749212141,0.6131608509257438,1,29.75326773216512,4.021644577811195,0.13516648369562273,0.13516648369562273,1,33.82454207174909,3.223623429287589,0.09530427411107573,0.09530427411107573,2,19.23841135082658,5.630497452829864,0.29266956351819295,0.3326516412655403,2,13.763245428075884,7.769261711598302,0.5644934366824303,0.6131608509257438,-0.039555252074631474,0.0017316059822670325,0.2690736083557705,0.01062435677086685,0.01221986736127623,0.0004652688015501729,0.0008729005463457647,0.007298783587058839,0.08237332889588733,0.021105112162604564
2.6799999999997053,6,4,96.70345992858523,18.162673780409243,0.1878182413930405,0.5336904274172919,1,29.78851258631887,3.991276780124917,0.13398711226548493,0.13398711226548493,1,33.807860823635664,3.2742587539560852,0.09684903670885305,0.09684903670885305,2,15.722104840723821,4.866839703596685,0.3095539530426273,0.4757079099053972,2,17.384981677906882,6.030298542731555,0.3468682713882268,0.5336904274172919,-0.039550751643242406,0.0017313324634104788,0.26907236336016294,0.010628843629691454,0.012223415953239551,0.00041374777073398397,0.00048018428132331315,0.035558176534454485,0.0731313043106735,0.023671378773709232
2.689999999999704,6,4,96.6194152129431,18.101705712100966,0.1873506031081429,0.5159645325858053,1,29.78287055296381,3.9929264610260815,0.1340678848912611,0.1340678848912611,1,33.805371192961644,3.281496990441095,0.09707028423708923,0.09707028423708923,2,15.56291893985014,4.745716598345711,0.3049374360097649,0.44424587244053426,2,17.4682545271675,6.081565662288078,0.34814959060905165,0.5159645325858053,-0.03954636788373521,0.0017313164616564536,0.26907121160852604,0.010633249772140096,0.012228091954049312,0.00042475978222813543,0.00044637880156142155,0.04004371389095963,0.04350112217964639,0.007719653660258515
2.699999999999703,6,4,96.52623483260847,18.051993100314373,0.18701644305943707,0.48490587812560626,1,29.777019473937056,3.994252239677528,0.13413875230775124,0.13413875230775124,1,33.80308058577473,3.286430529459052,0.0972228114274908,0.0972228114274908,2,15.33374587192194,4.598892886362508,0.2999197276892186,0.40195428926792126,2,17.612388900974736,6.172417444815286,0.3504588434606779,0.48490587812560626,-0.039542154139620284,0.001731195988629137,0.26906995456426563,0.01063748112055077,0.012231841947866586,0.0004423365325804028,0.0007081485595225584,0.04959425522173342,0.12086097371823692,0.03615119939924641
2.709999999999702,6,4,100.25566808338607,18.970555051694266,0.18922177084208153,0.5361258264459444,1,29.76285627609801,3.9855718524667045,0.13391093299292792,0.13391093299292792,1,33.78862006735009,3.2991817125176373,0.09764180087678791,0.09764180087678791,2,19.300562081433036,5.67812277716508,0.2941946847562218,0.3399481332017105,2,17.40362965850493,6.007678709544845,0.3451968829162582,0.5361258264459444,-0.039537956319505546,0.0017309294887520182,0.26906858461089556,0.010641683072748938,0.012234380085144828,0.0004461786134835064,0.00045579358170548415,0.023980487320004424,0.07727009970455898,0.019682140056607577
2.719999999999701,6,4,96.63755505347768,18.067046780856312,0.18695678683983982,0.5217032454473313,1,29.77588191713427,3.9855992930141806,0.13385327440866504,0.13385327440866504,1,33.79964721193339,3.2864283010104214,0.09723262140588576,0.09723262140588576,2,15.603104069329152,4.736501090520081,0.3035614624804412,0.4454944302022732,2,17.458921855080874,6.058518096311628,0.34701559160415657,0.5217032454473313,-0.0395335848117355,0.00173105906266547,0.26906755636831786,0.01064609040162143,0.01223993826230732,0.00041715867006454795,0.0004368154699265519,0.029659671787232923,0.03972890926786627,0.00663352605287553
2.7299999999996998,6,4,96.64030871370223,18.06976329020231,0.1869795691954394,0.48172307404449594,1,29.770057851183534,3.9869364481561194,0.13392437690535478,0.13392437690535478,1,33.79751616233681,3.2894248898052094,0.09732741524570585,0.09732741524570585,2,15.432605155134866,4.618771044881835,0.2992865429039399,0.41332592925813544,2,17.640129545047014,6.1746309073591465,0.350033195141294,0.48172307404449594,-0.03952937391909502,0.0017307393299943062,0.269066267659297,0.01065028973391774,0.012243093257216016,0.0004280493447894614,0.000656217308595794,0.05680421249029922,0.10033473139779393,0.03371720952368722
2.7399999999996987,6,4,92.80489585495032,19.950399329140975,0.21497141013252696,0.6279495195171144,1,29.748511521753002,4.012279756349798,0.13487329453159022,0.13487329453159022,1,33.81959854178931,3.225300871094532,0.09536780476885842,0.09536780476885842,2,15.341916347170384,4.818957111495969,0.31410398821427304,0.4370243335114506,2,13.894869444237615,7.893861590200677,0.5681134048707716,0.6279495195171144,-0.03952507686670546,0.0017306133604953265,0.269065082933759,0.010654596275013686,0.012247154235872647,0.00046383055167598894,0.0010402724950897956,-0.02923290424485246,0.09341771655399281,0.03199089093467359
2.7499999999996976,6,4,96.7488892333064,17.95035236091372,0.18553548783001633,0.5035803771342163,1,29.76728999903965,3.9829377502039462,0.13380249765203495,0.13380249765203495,1,33.796379378404204,3.287269841381419,0.09726692331670225,0.09726692331670225,2,15.646851327486903,4.718740013945984,0.3015776091421377,0.44768685561383026,2,17.538368528375642,5.961404755382368,0.33990645969933314,0.5035803771342163,-0.039520860153487616,0.0017310045885756402,0.2690639837870874,0.010658900439899048,0.01225173793690058,0.000400553778308087,0.0003386519121206441,0.02423077044600921,0.0588182117762813,0.010672459394165446
2.7599999999996965,6,4,96.71137162913033,17.976055802111976,0.18587323806187678,0.4930266097170241,1,29.76182992502274,3.984956299201123,0.13389486833437975,0.13389486833437975,1,33.7926602495649,3.2992500946563785,0.09763215059988826,0.09763215059988826,2,15.56030701635514,4.6449925971659685,0.29851548509188836,0.4287919994630066,2,17.596574438187535,6.046856811088505,0.34363829348317965,0.4930266097170241,-0.0395165392732626,0.001731512108918296,0.26906289981377146,0.010663324588109436,0.01225666239237669,0.0004273003572683966,0.0006040311184290782,0.049261569697300854,0.05886292389551865,0.01794683893858838
2.7699999999996954,6,4,92.74729763789097,19.81692697688308,0.21366581541009858,0.6190262417682373,1,29.740042605419127,4.009421645019911,0.1348155985590057,0.1348155985590057,1,33.81425310531925,3.2312988999146373,0.09556026240917703,0.09556026240917703,2,15.302331970182387,4.775916653497307,0.31210384553174636,0.42654225527350864,2,13.8906699569702,7.800289778451227,0.5615488527633701,0.6190262417682373,-0.039512423390245396,0.001731679041161199,0.26906167632643707,0.010667504279959768,0.01226047079233005,0.0004626035913332794,0.0010205932570752881,-0.0425561532666619,0.10881958496841393,0.03813414272189419
2.7799999999996943,6,4,100.28862821833908,18.801125602663916,0.18747016423169985,0.5228580987916837,1,29.74176770694094,3.975965987390092,0.13368290770633,0.13368290770633,1,33.7736035254517,3.320640829423252,0.0983205960513164,0.0983205960513164,2,19.282368271706744,5.546336101462829,0.28763770213854056,0.31718890959170004,2,17.490888714239695,5.958182684387744,0.34064493701438187,0.5228580987916837,-0.03950811291690401,0.001731764207851026,0.2690605404319979,0.010671854348903173,0.012264800191586104,0.0004587014284099624,0.0004205951275230853,0.019519232472929027,0.05368983703837247,0.011067443251730842
2.789999999999693,6,4,100.23096581084202,18.675750673741213,0.18632715471370875,0.5058747961535561,1,29.735368245835907,3.9780278141347045,0.1337810173140123,0.1337810173140123,1,33.76925929214506,3.329317208835911,0.09859017575817337,0.09859017575817337,2,19.1528043534017,5.354208553420614,0.27955219792498226,0.2860191810705503,2,17.573533919459354,6.014197097349983,0.3422303746596125,0.5058747961535561,-0.039503788441738574,0.001731828870696348,0.26905951272354756,0.010676205427649618,0.012270071489767737,0.0004907406572428364,0.0005333822562896835,0.013684271180255433,0.0641697498607377,0.02222935278632835
2.799999999999692,6,4,100.57690244567388,19.063654675086774,0.1895430681550758,0.47463269333636443,1,29.733916501616466,3.9765447041071904,0.1337376697042587,0.1337376697042587,1,33.76989124950972,3.3247978957117015,0.0984545040772073,0.0984545040772073,2,19.355313779830734,5.651772647449478,0.29200108619984894,0.3379062221582952,2,17.717780914716965,6.110539427818405,0.3448817578923099,0.47463269333636443,-0.03949958426502446,0.001731619802172953,0.2690583623149826,0.010680404776340819,0.012274127859667038,0.00045527738447890864,0.0007676562238892436,0.10006421292556256,0.11703780268938493,0.034230259114568604
2.809999999999691,6,4,96.7212604178157,20.38943301057265,0.2108061135937905,0.6078606351690087,1,29.71433063444527,3.997328575987949,0.13452527755594768,0.13452527755594768,1,33.79556644628298,3.2522745634286956,0.0962337639346299,0.0962337639346299,2,19.243953345609548,5.437888749590353,0.28257648789358514,0.30181045339540186,2,13.9674099914779,7.7019411215656515,0.551422284179023,0.6078606351690087,-0.03949528352616486,0.0017314687096731038,0.26905725019374466,0.010684705182630155,0.01227842935731584,0.0004744072705528749,0.001003855479166872,0.0022664156807706386,0.0551198755660947,0.01617547567147707
2.81999999999969,6,4,100.52496741257835,18.994710728555184,0.188955154301084,0.5088820111718328,1,29.73429824787882,3.9674484778334014,0.1334300357371451,0.1334300357371451,1,33.76845380416045,3.319927971506221,0.09831447986218393,0.09831447986218393,2,19.45933888809894,5.784513292922296,0.2972615527272626,0.3664308494462319,2,17.56287647244014,5.9228209862932655,0.33723524706146063,0.5088820111718328,-0.039491126223608924,0.0017316760466025607,0.26905609707711425,0.010688926393584089,0.012282493439202957,0.00040612181966719974,0.00029573114180867714,0.056794074734701105,0.10126947096541355,0.0451886109299446
2.8299999999996888,6,4,100.54502692161992,18.960494245708208,0.1885771462420404,0.4878348999681004,1,29.728279610158356,3.9693689067790907,0.13352164870727098,0.13352164870727098,1,33.76431572048307,3.3283465594917194,0.09857586296270128,0.09857586296270128,2,19.386658994004407,5.647386377913072,0.2913027138745054,0.3399299672818289,2,17.66577259697409,6.015392401524325,0.3405111420122481,0.4878348999681004,-0.0394869477582751,0.001731689665525244,0.2690549633616387,0.010693135404469879,0.012286702802037265,0.0004357133587381792,0.0005671425607516156,0.07753305129491872,0.08895900542977786,0.027687684860677426
2.8399999999996877,6,4,100.51993235109026,18.83930178582064,0.18741856809075247,0.4682109164865466,1,29.723090605018996,3.970476870824052,0.1335822348889117,0.1335822348889117,1,33.76126706000209,3.3341351826946752,0.09875622193826718,0.09875622193826718,2,19.271507257531663,5.453315449327384,0.2829729598444422,0.29969303461906255,2,17.76406742853751,6.081374282974529,0.34234131948885543,0.4682109164865466,-0.03948280281178897,0.0017317314532083862,0.26905385353752653,0.010697314016574318,0.012291219738638021,0.00045679012113322264,0.0007705602856661853,0.07797361525231106,0.08778532562318098,0.035795738036147134
2.8499999999996866,6,4,100.19193620808873,18.485883902375452,0.1845047076840805,0.5182096480417293,1,29.72472953706664,3.9618694965103805,0.1332853000923,0.1332853000923,1,33.75741801523877,3.3320752354643113,0.09870646013152269,0.09870646013152269,2,19.168583811284222,5.274404262495297,0.27515878660740417,0.2871182354164848,2,17.541204844499102,5.917534907905462,0.3373505389375344,0.5182096480417293,-0.03947881525807247,0.0017314817191496083,0.2690525290282345,0.01070130983652147,0.012293715220203965,0.0004633745982830204,0.00045913048473035636,-0.02328565640718926,0.08437428288564625,0.02473646130741565
2.8599999999996855,6,4,100.39354478342055,18.74208815412318,0.1866861877878261,0.5059535601690884,1,29.72349697999756,3.960117454726698,0.1332318824192073,0.1332318824192073,1,33.75728530225929,3.3315231291330156,0.09869049300922444,0.09869049300922444,2,19.313107414310196,5.496758693474373,0.2846128577631949,0.3110455190463039,2,17.599655086853502,5.9536888767890925,0.33828440656410064,0.5059535601690884,-0.03947481386322046,0.0017315262709474352,0.2690514695844797,0.010705343556310556,0.01229868897392415,0.00043113552381367323,0.00042868016698908285,0.0293808556091498,0.04537352873473314,0.00910071897856775
2.8699999999996844,6,4,100.44425729241095,18.71979788025275,0.18637001641374196,0.4830385275961831,1,29.717798679873855,3.9618935117546696,0.13331719332353614,0.13331719332353614,1,33.75362083877184,3.33735075003705,0.09887385907361763,0.09887385907361763,2,19.262922729030073,5.3902004731344535,0.2798225663341931,0.290099753205382,2,17.709915044735183,6.0303531453265755,0.34050717522325347,0.4830385275961831,-0.03947064614162824,0.001731239803867367,0.26905035574342406,0.010709492146214401,0.012302805379821919,0.0004585693240157328,0.000591230720839236,0.046682408174814144,0.06206677993157786,0.016965158665358367
2.8799999999996833,6,4,96.72825845567223,17.78511063582239,0.18386675124490942,0.46066474667733215,1,29.732980045416088,3.9597127052807766,0.13317577650247145,0.13317577650247145,1,33.766620072281,3.317929572864967,0.09826063626630649,0.09826063626630649,2,15.428092152503595,4.409785991678847,0.2858283414494156,0.3781945077233266,2,17.800566185471546,6.097682365997803,0.34255552899067926,0.46066474667733215,-0.03946665971782417,0.0017310707472392207,0.2690492224397666,0.010713483370812309,0.012306921020161442,0.0004157464679619543,0.0006996502743809946,0.05077407577427604,0.11785549220634683,0.035635900291762015
2.889999999999682,6,4,96.36554221328261,17.509392713793154,0.18169765158421675,0.5102913979335277,1,29.73527795923417,3.9489331193676755,0.13280296638832495,0.13280296638832495,1,33.76339890224987,3.314723841379002,0.09817506380135564,0.09817506380135564,2,15.289889999189615,4.313157694375006,0.2820921337304329,0.34653546041631156,2,17.576975352608954,5.932578058671472,0.3375198485324665,0.5102913979335277,-0.03946269980587234,0.0017306436770186684,0.2690478927615818,0.010717424414794757,0.012309088111454739,0.000427042644827434,0.0005018017017415917,-0.045211059950733844,0.11292441303301178,0.04506967131114803
2.899999999999681,6,4,100.31499338471576,18.529499034317112,0.18471315612069125,0.5008532758333005,1,29.713256295073474,3.953037105653388,0.13303951160374203,0.13303951160374203,1,33.746750912471974,3.3397304038225584,0.09896450216747461,0.09896450216747461,2,19.212261681150054,5.276096537611969,0.2746213134702702,0.2821192607091192,2,17.642724496020254,5.960634987229199,0.3378522964848068,0.5008532758333005,-0.0394587243090744,0.0017305541741990604,0.26904683619309394,0.010721411196864818,0.012313834533661826,0.00045552820099162516,0.00045146447871457574,-8.31886702635223e-05,0.05606414546829573,0.01916534903416916
2.90999999999968,6,4,100.48722636218362,18.748600051190245,0.1865769484333773,0.4902121711359866,1,29.712029167703733,3.9513043938725856,0.1329866893832872,0.1329866893832872,1,33.74654658594823,3.339509750771834,0.09895856283446725,0.09895856283446725,2,19.33252169431374,5.465936988326597,0.2827327482029563,0.306809317329282,2,17.69612891421792,5.991848918219228,0.33859659065916325,0.4902121711359866,-0.039454835875999086,0.0017305072586815422,0.26904579321941197,0.010725318162746758,0.012318695014813662,0.00042630927164952003,0.00047202154325701163,0.04450548734771837,0.04946768264575697,0.009011141166122848
2.919999999999679,6,4,100.56628732982276,18.725330586765423,0.1861988851726503,0.46103608477926167,1,29.707128074005638,3.9525162741884214,0.1330494238400297,0.1330494238400297,1,33.7440362119288,3.342327073889382,0.09904941581078085,0.09904941581078085,2,19.279352060437713,5.34734196599992,0.27736108294702283,0.28423522030656917,2,17.835770983450605,6.083145272687698,0.3410643295617614,0.46103608477926167,-0.03945083018517273,0.0017301691731474935,0.2690445992601478,0.010729306945787897,0.0123220017232285,0.0004418162797802275,0.0006728578468289798,0.0659199055361436,0.08498708279814887,0.03236735589046707
2.9299999999996778,6,4,93.03640692733006,19.640755377183748,0.21110827498449045,0.6156409121754719,1,29.706313329908003,3.9735150267281516,0.1337599513813671,0.1337599513813671,1,33.781927828345594,3.2546228451557027,0.09634212889487105,0.09634212889487105,2,15.454556979977708,4.648840259904926,0.30080708660415006,0.41776260893997064,2,14.093608789098763,7.763777245394968,0.5508721975737084,0.6156409121754719,-0.039447018540160673,0.0017299469926575263,0.2690433924999215,0.01073312497045353,0.012325417476049969,0.00041408189621136305,0.0009328075825920708,-0.028414722301109283,0.09024312371240405,0.027029439017831947
2.9399999999996766,6,4,100.44753862095251,18.63195663606595,0.1854894295257473,0.5020493600689938,1,29.70806802190816,3.9424031079879582,0.1327047960534034,0.1327047960534034,1,33.740252888381896,3.3399621809069346,0.09899043116114331,0.09899043116114331,2,19.34606780526794,5.4161722214026735,0.27996243349916555,0.3019822534091769,2,17.65314990539452,5.933419125768383,0.3361110712573298,0.5020493600689938,-0.03944314521729852,0.0017297236595992275,0.2690422080669329,0.010737001580739222,0.012328826300123401,0.0004250815974646702,0.0004431536647830653,0.0162202165652851,0.05563945288163397,0.012423867620645018
2.9499999999996755,6,4,100.3781035863139,18.495209515941834,0.18425541881290905,0.4861098640193678,1,29.702042109636224,3.9447755873044437,0.13281159499887185,0.13281159499887185,1,33.73585960561494,3.348174693499886,0.0992467579792341,0.0992467579792341,2,19.2070662053442,5.213459492427026,0.2714344521276459,0.2878118763310559,2,17.733135665718535,5.988799742710478,0.3377180356369769,0.4861098640193678,-0.03943923827901815,0.0017295152593344396,0.2690411172101081,0.01074090542787502,0.012333062816078655,0.0004562429064500153,0.0004820929359996743,0.006600786758033781,0.0627618717472245,0.02496099408010353
2.9599999999996744,6,4,100.58864931923692,18.73814570699872,0.18628489231950718,0.47156508977664446,1,29.700987686053285,3.943038647602429,0.1327578291092981,0.1327578291092981,1,33.73594963790707,3.3467186696420437,0.0992033337007812,0.0992033337007812,2,19.346409720308216,5.4146341567080984,0.2798779843385761,0.29960962010280195,2,17.805302274968348,6.033754233046148,0.3388740129129245,0.47156508977664446,-0.039435417040095566,0.0017293616371370814,0.2690400418330305,0.010744732589159043,0.012337455838683236,0.00042599927093892964,0.0005769516040449342,0.05994454271255366,0.0675149439953806,0.017637194480642805
2.9699999999996733,6,4,97.06806174027028,20.513224776331782,0.21132826192841897,0.6047883122777594,1,29.686192014186418,3.9608947521401463,0.13342549122660516,0.13342549122660516,1,33.766137589798845,3.270025412826231,0.09684333614200946,0.09684333614200946,2,19.49843373537828,5.616977964616545,0.2880732904420424,0.3480674466534872,2,14.117298400906742,7.66532664674886,0.5429740470922201,0.6047883122777594,-0.0394317036780048,0.001728946604800704,0.2690387722976205,0.010748429111880675,0.012340031532907119,0.0003800549463617181,0.000795626540525169,0.03717239923595272,0.12349643446907374,0.04363420890678511
2.9799999999996722,6,4,100.56391269896604,18.700729509734007,0.18595865065149042,0.4961755505466053,1,29.70257790236469,3.932641754038105,0.13240068814784653,0.13240068814784653,1,33.733517700515364,3.339898746600101,0.09900831500146443,0.09900831500146443,2,19.435074646418705,5.5003887642824765,0.283013513678273,0.3220925250198996,2,17.692742449667275,5.927800244813323,0.3350413460025695,0.4961755505466053,-0.039427920568088734,0.0017286199017032295,0.26903751676377574,0.010752207315994241,0.012342781656585916,0.0003970034558821433,0.0004434182023826278,0.03142473116697665,0.08000138209889988,0.02478429530711678
2.989999999999671,6,4,100.48082585517348,18.53702957134696,0.18448325253680764,0.48903588716255264,1,29.697666025060787,3.9341718278009976,0.13247410838552404,0.13247410838552404,1,33.73006924430847,3.3475871790273155,0.09924637731338722,0.09924637731338722,2,19.319831040751986,5.306228503358831,0.27465191036951725,0.2820583208660229,2,17.73325954505224,5.949042061159815,0.3354736925857299,0.48903588716255264,-0.03942411682912797,0.0017286945493873627,0.26903642373447906,0.010756055903437695,0.012347280749050794,0.00041534738700272034,0.00036796450936597944,0.0159546948461681,0.03692418096897834,0.005686127913908949
2.99999999999967,6,4,96.69764675660565,17.520076888665507,0.18118410815895752,0.47707560453078984,1,29.712672642064337,3.9312359431930686,0.13230839213122833,0.13230839213122833,1,33.74232144339451,3.330698407823099,0.09870981797771729,0.09870981797771729,2,15.466777967439498,4.274040220270674,0.2763368187781799,0.3575261980534844,2,17.775874703707313,5.984102317378666,0.33664179215499473,0.47707560453078984,-0.039420370410373023,0.0017287483783945475,0.26903536050924687,0.010759842215780795,0.012351933270167132,0.00038896475723910687,0.00041362369227110183,0.005095914584730728,0.06851240835572055,0.02754991753241392
3.009999999999669,6,4,97.10005819098787,17.769249513411502,0.18299937038617262,0.4480196727944641,1,29.710918803948342,3.9314588439813303,0.13232370462602022,0.13232370462602022,1,33.74209847648041,3.327571223325827,0.09861779123326539,0.09861779123326539,2,15.732886923591394,4.434800669775491,0.2818809218748993,0.40723387453589927,2,17.91415398696772,6.075418776328855,0.339140702974231,0.4480196727944641,-0.03941681158017077,0.0017284839628050536,0.2690341322205572,0.010763407903718068,0.012355010065894954,0.0003600606361056648,0.0006122794363895056,0.07663131619755353,0.08594387340931389,0.03118554539783155
3.019999999999668,6,4,93.18232112439728,19.547013303246928,0.209771693464814,0.6135994079097372,1,29.690337345654488,3.9548501035750343,0.13320327275277224,0.13320327275277224,1,33.76428208232822,3.2660065412251416,0.09672963083478461,0.09672963083478461,2,15.538201637811579,4.582127110841679,0.29489430100400166,0.41351028291336195,2,14.189500058602995,7.744029547605073,0.5457577445027686,0.6135994079097372,-0.039413047765934045,0.0017281913519705129,0.26903296793563813,0.010767164960066373,0.012358397295220987,0.0003956275396988549,0.0009069241530237919,-0.023765234152446392,0.0833600060891611,0.020902555009967325
3.0299999999996667,6,4,96.51801275992293,17.346795094722587,0.17972598687739952,0.4884762418387892,1,29.70837667601452,3.921376347599962,0.13199564521362558,0.13199564521362558,1,33.73486096372205,3.332597360644365,0.09878793821703279,0.09878793821703279,2,15.341711960973651,4.16668869182844,0.271592160146644,0.3267643209966202,2,17.7330631592127,5.92613269464982,0.3341855065559313,0.4884762418387892,-0.039409209479201984,0.0017278937183370013,0.2690318069965838,0.01077099425293974,0.012361648038620455,0.0004108737662181694,0.0004539834607357988,-0.040703722879003514,0.106994366670519,0.04641197302819475
3.0399999999996656,6,4,96.73962756184045,17.455827058413572,0.18044132997364495,0.481435321828874,1,29.70714322547503,3.921364808630541,0.13200073729296927,0.13200073729296927,1,33.734338086215644,3.33277677372833,0.09879478782748527,0.09879478782748527,2,15.528375996636225,4.260383917157374,0.2743612028766088,0.36010772359202736,2,17.76977025351355,5.941301558897329,0.33434881116274295,0.481435321828874,-0.03940548974728987,0.0017279237284109222,0.2690307918172509,0.010774746584197756,0.012366489779214458,0.0003806517271860198,0.0003959171930960694,-0.004067183483887449,0.06035067476113157,0.021562068026923915
3.0499999999996645,6,4,100.6511050660866,18.631598530027347,0.1851107200243257,0.47459868115613313,1,29.686086773402764,3.925069689264853,0.13221916782853027,0.13221916782853027,1,33.717814346166904,3.3572485129345213,0.09956898387502329,0.09956898387502329,2,19.420632457709473,5.386734265678186,0.27737172192555426,0.3024733593806449,2,17.826571488807463,5.962546062149787,0.3344751998943495,0.47459868115613313,-0.039401606820637404,0.0017278907586853966,0.2690297797757807,0.010778649028308652,0.012371185407113136,0.00041166972252838617,0.0004335215389292924,0.046594469007023,0.051294770096329885,0.015080294113941437
3.0599999999996634,6,4,96.98859298703022,17.58948402302861,0.18135621397642876,0.4427944777159392,1,29.701495529198084,3.9221801350054797,0.132053287725858,0.132053287725858,1,33.731374607240745,3.334655276748343,0.09885915755216595,0.09885915755216595,2,15.597709074260646,4.276492498831409,0.27417439820623923,0.37044299416763665,2,17.958013776330734,6.056156112443377,0.33723975200562517,0.4427944777159392,-0.03939802920009046,0.0017275948211823064,0.26902853726842774,0.01078223004683655,0.012374002478614407,0.00036538769770471323,0.0005652098188724839,0.05418443402049096,0.0910306680258325,0.03043048594914016
3.0699999999996623,6,4,100.82199749827404,18.752493448229494,0.18599605159132573,0.44105783002454996,1,29.680412467575316,3.9251225206365987,0.13224622551740617,0.13224622551740617,1,33.71470058017601,3.3601128666352027,0.0996631382991111,0.0996631382991111,2,19.428758122028547,5.391599976384264,0.27750615569562354,0.3024049086425107,2,17.998126328494166,6.075658084573428,0.33757169905817386,0.44105783002454996,-0.039394367771367046,0.0017276288793164648,0.2690274710572541,0.010785930563431183,0.012378523317456053,0.00040642710357969875,0.000754186478519011,0.09404682172258075,0.10677941082700226,0.036390654303738584
3.0799999999996612,6,4,96.78423969467403,17.37917682098902,0.1795661863523983,0.48772244917109453,1,29.703100400683617,3.91143793405671,0.13168450031454254,0.13168450031454254,1,33.727383513273345,3.332123623584206,0.09879579369899404,0.09879579369899404,2,15.601154032302965,4.253388018711483,0.2726329097132579,0.36454861983189735,2,17.752601748414094,5.8822272446366215,0.3313445165952705,0.48772244917109453,-0.03939087608375238,0.0017273014608303848,0.2690261536092867,0.010789429082506732,0.012380535217086317,0.00036250709480187114,0.000485975158747172,-0.016453026125535827,0.07320071808325562,0.019100706494929644
3.08999999999966,6,4,100.64416356464318,18.539216678220146,0.18420558154186967,0.47878804191492647,1,29.682455941522313,3.914639978862129,0.13188396494462581,0.13188396494462581,1,33.71135986562527,3.3557139988385094,0.09954252845967976,0.09954252845967976,2,19.43384312580479,5.3601071154029025,0.27581302785580303,0.2998313549876705,2,17.81650463169081,5.908755585116607,0.33164505088200674,0.47878804191492647,-0.039387365046995255,0.0017273023952678072,0.26902500339574564,0.010792984235185184,0.012384405280936536,0.00037985933061954603,0.0003606319903196619,0.03044453247637788,0.05729697382123314,0.015718093697522324
3.099999999999659,6,4,96.8473909118567,17.392229571804975,0.17958387322621927,0.4750792529548292,1,29.69784103628496,3.911727348736674,0.13171756640347382,0.13171756640347382,1,33.72353522996264,3.339101279194334,0.09901397514895217,0.09901397514895217,2,15.604436464355839,4.229172456163972,0.2710237223769269,0.36214525848882073,2,17.821578181253273,5.912228487709994,0.33174550691190396,0.4750792529548292,-0.03938376971544566,0.001727512183559306,0.26902399501215857,0.010796642947837536,0.012389433283080502,0.0003575551264898905,0.0003474758553725204,0.003075689953467936,0.051251047254118616,0.014659391939719857
3.109999999999658,6,4,100.75150766450079,18.593069630984424,0.1845438352436247,0.4570243372662792,1,29.677172342938245,3.914311261614797,0.13189636857522974,0.13189636857522974,1,33.707699324247194,3.360721157003027,0.09970188486241587,0.09970188486241587,2,19.438021835952252,5.346526605213638,0.27505507763782777,0.2973993000434402,2,17.928614161363093,5.971510607152961,0.3330715109047198,0.4570243372662792,-0.03938031615187347,0.001727372079911031,0.26902278133393387,0.010800124950505434,0.012392608455615177,0.000377880424611773,0.00042382525542939835,0.06045372086318898,0.0667670249158915,0.01528865425465066
3.119999999999657,6,4,96.96588536284723,17.451471730160737,0.17997537654461845,0.4509265016617705,1,29.692445754042307,3.9118876559315865,0.13174689913844584,0.13174689913844584,1,33.719824542273315,3.343809042007192,0.09916448520706804,0.09916448520706804,2,15.608644694004461,4.210822125345833,0.26977500019353245,0.3606874005027605,2,17.944970372527145,5.984952906876126,0.3335170124347929,0.4509265016617705,-0.03937683658726846,0.0017274889633922777,0.26902171572084344,0.010803660323525333,0.012397155980630287,0.00035859169569868796,0.000497240334097373,0.03656499067371318,0.07442790907459672,0.017592040060247404
3.1299999999996557,6,4,97.09255568769132,20.116390164393923,0.20718777069892427,0.5976047671710574,1,29.65764509348289,3.933448171517497,0.13262847266258004,0.13262847266258004,1,33.7333166955173,3.291837256910702,0.09758415653650038,0.09758415653650038,2,19.43070840288089,5.288703008552043,0.27218271711431347,0.2944079918744752,2,14.270885495810234,7.602401727413682,0.532721093561129,0.5976047671710574,-0.0393734152563649,0.0017271875253320622,0.2690204280815528,0.010807091766202334,0.012399440968223995,0.0003792717960921329,0.0007772029931772685,0.004596537015066571,0.08624807733444861,0.024083797788170096
3.1399999999996546,6,4,93.37266195079302,19.370844292009462,0.2074573423023734,0.6063143807851133,1,29.671817203997108,3.9344942256216697,0.1326003796320116,0.1326003796320116,1,33.74255098137082,3.277775525770281,0.0971407149263828,0.0971407149263828,2,15.626704533208908,4.481192380091489,0.28676502909287976,0.40500668290237396,2,14.331589232216185,7.6773821605260215,0.5356964978641674,0.6063143807851133,-0.03937004564044131,0.0017271914226763552,0.2690192908137248,0.01081050767498667,0.012403360649270183,0.00036319744243477675,0.0009232862130759671,-0.012731129527151367,0.06904056398214785,0.01548323167484198
3.1499999999996535,6,4,100.66181072978702,18.427908396610263,0.18306752345313443,0.47891091082869236,1,29.67374578001867,3.903783407499013,0.1315568124239877,0.1315568124239877,1,33.69943107451753,3.362780247214352,0.09978744863016939,0.09978744863016939,2,19.449950215826,5.302381518138857,0.2726167141458503,0.2933239815332406,2,17.83868365942483,5.8589632237580425,0.3284414554132495,0.47891091082869236,-0.039366559848618476,0.0017270562621600736,0.26901811106430246,0.010814019521934164,0.012406517359129869,0.00037984659532080885,0.0004104575035469841,0.019850654959554875,0.06661760251170572,0.014636305913217832
3.1599999999996524,6,4,100.55014021809289,18.232325312944297,0.18132570748681653,0.4639873948381387,1,29.66795322580144,3.9063484175763774,0.13166895565209158,0.13166895565209158,1,33.6945919264593,3.370595107645527,0.10003371208655905,0.10003371208655905,2,19.272390877855,5.041680649963546,0.2616012036034774,0.2889145372026097,2,17.915204187977153,5.913701137758849,0.3300939847354639,0.4639873948381387,-0.03936312339150387,0.0017268300913859196,0.26901697431314775,0.010817464559254149,0.012410066651854635,0.0004169995504586408,0.0004256252180854441,-0.00010135937816674215,0.0614610260746339,0.027014306991539512
3.1699999999996513,6,4,100.70326105248851,18.412608250103673,0.18284023831667837,0.46135707730817016,1,29.667714773602825,3.9041907506729037,0.1315972861565563,0.1315972861565563,1,33.6943481006731,3.3699841502722663,0.10001630363060637,0.10001630363060637,2,19.408444462303404,5.222834111261587,0.26910111840265116,0.2767200913475556,2,17.93275371590918,5.915599237896915,0.329876790347533,0.46135707730817016,-0.03935960514138107,0.0017268364454198766,0.26901596673364564,0.010821015484934787,0.01241474197104506,0.0003924434444990126,0.00041861279637586603,0.03589075057898472,0.03813000438751883,0.005660076893218595
3.17999999999965,6,4,96.8993612988074,17.28466331919623,0.1783774741909363,0.44681790390261306,1,29.683917569197664,3.900077899782399,0.13138689968029765,0.13138689968029765,1,33.707655029606016,3.3494850628542707,0.099368676341097,0.099368676341097,2,15.523962843926501,4.0872854626591595,0.26328879447545467,0.3333762481027501,2,17.98382585607723,5.9478148939004,0.3307313439031367,0.44681790390261306,-0.03935622704609098,0.0017267973511919683,0.2690148395195647,0.010824432332136341,0.012418492285643118,0.00035723561978141864,0.00043107835071300404,0.01716521350011909,0.08818746638534605,0.029511632360143168
3.189999999999649,6,4,100.81956576685451,18.442699536912393,0.18292778189068162,0.43278998782364253,1,29.663191499430088,3.903328676864819,0.13158829106233605,0.13158829106233605,1,33.69136304013061,3.371619433176501,0.10007370224708576,0.10007370224708576,2,19.38652629698553,5.165611498210961,0.2664536915524767,0.2673565326942507,2,18.078484930308278,6.002139928660112,0.3320045873201257,0.43278998782364253,-0.039352871199482956,0.0017266857752404785,0.2690136439356405,0.010827822064198762,0.012421669987568083,0.0003841230840163519,0.0006110112012915861,0.06653427490180447,0.07972485253647019,0.030992257936496733
3.199999999999648,6,4,93.27320571581444,19.23548692716788,0.20622735950316448,0.6026393908521426,1,29.663336745964262,3.9223846712070247,0.13223005573507068,0.13223005573507068,1,33.7300427973508,3.2844369168150322,0.09737422915671474,0.09737422915671474,2,15.527544664133547,4.387318826475303,0.28255071367525314,0.3805612223693677,2,14.35228150836584,7.641346512670522,0.5324133663499031,0.6026393908521426,-0.039349619184838314,0.0017264970990004097,0.2690123991521911,0.010831102032002929,0.012424407426948177,0.000362010900090706,0.0008261375880685115,-0.03755252094093179,0.10025970353751346,0.031068499483465767
3.209999999999647,6,4,93.58909799901018,19.322960171560766,0.20646593016384376,0.6023210808309757,1,29.662770624537465,3.922300659326889,0.1322297471458147,0.1322297471458147,1,33.729384585504405,3.283991775388653,0.09736293192849972,0.09736293192849972,2,15.801050554734424,4.473064200044451,0.2830865064667615,0.4180435308897061,2,14.395892234233887,7.643603536800771,0.5309572628380782,0.6023210808309757,-0.039346271544806216,0.0017264863441735446,0.26901132485480245,0.01083448893943797,0.012428597238312777,0.0003473710144102207,0.0009167790249619202,0.005487255826468841,0.054944094694520905,0.01579713806513764
3.219999999999646,6,4,96.68915001648512,17.062939824519116,0.1764721255860658,0.4702951208896676,1,29.680820390352782,3.888074917651743,0.13099620787151464,0.13099620787151464,1,33.69856659461524,3.3514554894966593,0.09945394799172838,0.09945394799172838,2,15.425567236936637,3.9943433776598205,0.2589430467163201,0.3073124632872561,2,17.884195794580457,5.829066039710893,0.3259339199069441,0.4702951208896676,-0.03934290756375917,0.0017263094690506326,0.26901015486666663,0.010837874262676876,0.012431643793980086,0.00037150641882302397,0.0004358701296348299,-0.041856343956760654,0.10709801782926512,0.044869725393973346
3.2299999999996447,6,4,100.56862120432126,18.11218992869877,0.18009782486627668,0.46691035098401407,1,29.659189098809023,3.89382973376188,0.13128577860944413,0.13128577860944413,1,33.680585691483266,3.377665231744201,0.10028522848990432,0.10028522848990432,2,19.30274430351683,4.9985405846613675,0.2589549188480245,0.28690767347116997,2,17.926102110512147,5.842154378531321,0.32590210311841245,0.46691035098401407,-0.0393394598533713,0.0017262696656080425,0.26900911476438844,0.010841351975353963,0.012435894890682803,0.0004116354417657958,0.00040738871031153334,-0.012728606850430878,0.06998156463793305,0.025337083035476014
3.2399999999996436,6,4,100.74251714388814,18.299701858738814,0.18164824919553862,0.45668546802236226,1,29.658937720742067,3.891758294651144,0.13121704935269585,0.13121704935269585,1,33.6803709076624,3.3753007190160025,0.10021566354686759,0.10021566354686759,2,19.42643185586592,5.162856816477875,0.26576454465666177,0.2697857284557372,2,17.976776659617755,5.869786028593792,0.32652049584503223,0.45668546802236226,-0.03933606874698342,0.0017261044838692333,0.26900802810265434,0.010844758425967535,0.012439703968443452,0.0003837251882966133,0.00039807908667465315,0.029541163338445236,0.03150206114149928,0.005674985733530654
3.2499999999996425,6,4,100.8850308283633,18.487745065830683,0.18325558226060382,0.4547417093964799,1,29.659455518114555,3.88922603299608,0.1311293806665038,0.1311293806665038,1,33.68060767029687,3.3734310112081856,0.10015944617837862,0.10015944617837862,2,19.556112735018633,5.361050692327467,0.2741368269332775,0.30922011433273466,2,17.988854904933234,5.864037329298952,0.3259816903459935,0.4547417093964799,-0.039332726424322416,0.0017261785972395999,0.2690069665582641,0.010848152792824157,0.012443977640048816,0.0003506772437411118,0.0003394439823250846,0.0612697721136676,0.07123963989642881,0.03138742789965897
3.2599999999996414,6,4,100.77437496569527,18.26515722793047,0.18124803288681407,0.4438175402539776,1,29.654288283424396,3.891275902768279,0.13122135542680863,0.13122135542680863,1,33.6758816282061,3.380376111329078,0.100379736116478,0.100379736116478,2,19.395323079995478,5.090469508789846,0.26245860859313064,0.2695494212457944,2,18.048881974069296,5.903035705043266,0.3270582473487342,0.4438175402539776,-0.03932930549982811,0.0017260534227065327,0.269005861752622,0.0108515967630695,0.012447641835698952,0.0003908435242472681,0.00047742012975995283,0.038491499058483696,0.055548724954812,0.013018966498553169
3.2699999999996403,6,4,100.97457165103025,18.495213427841282,0.18316704023029717,0.4263454219177783,1,29.653887926054292,3.8894825606848316,0.13116265126460808,0.13116265126460808,1,33.67562585852924,3.3768962478532054,0.1002771637278396,0.1002771637278396,2,19.508260378427096,5.26688738700574,0.26998242205286765,0.29115235421177826,2,18.136797488019617,5.961947232297504,0.32872105652807276,0.4263454219177783,-0.03932606403548984,0.0017257965665573604,0.2690046884437118,0.010854849757425806,0.012450708399753877,0.00036583105993859646,0.0006048940555466317,0.08678852757911143,0.09886985771667836,0.02958033352187455
3.279999999999639,6,4,101.09313917893505,18.664170785526906,0.18462351586976924,0.42295969433346375,1,29.653555682570875,3.8877605057245406,0.13110604837212167,0.13110604837212167,1,33.67488010809747,3.3762580242949,0.10026043191414494,0.10026043191414494,2,19.605574238244373,5.429194642254421,0.2769209703464718,0.32123410159812565,2,18.159129150022327,5.970957613253043,0.3288129933943282,0.42295969433346375,-0.03932274335033942,0.0017257031272696509,0.2690036391303357,0.01085819535796846,0.012454860191518976,0.00034755481415254884,0.0006573060742522388,0.1145485610458406,0.13459461411393114,0.040856917322001966
3.289999999999638,6,4,93.75819948548279,19.249894369845876,0.2053142495854612,0.5971499076979441,1,29.653644971067198,3.9078715692901285,0.13178385230898274,0.13178385230898274,1,33.71324553614417,3.290940808620848,0.09761566281397058,0.09761566281397058,2,15.96251316855609,4.456776457585815,0.2792026800870579,0.4278849121993398,2,14.428795809715329,7.594305534349085,0.5263298222874301,0.5971499076979441,-0.03931930274039764,0.0017254089544602685,0.2690025136356107,0.010861634039487542,0.012458029738708997,0.00032569317850673365,0.0007980257652455404,0.012370666493985688,0.0875825850924663,0.022044061947948786
3.299999999999637,6,4,97.35497057993749,19.998335936750014,0.2054166912857266,0.5870730797507274,1,29.63507041163046,3.906211767971305,0.13181044329283217,0.13181044329283217,1,33.700007576805966,3.30841320570834,0.09817247661348764,0.09817247661348764,2,19.548819561718062,5.271204580149236,0.26964311392344614,0.3000683041950709,2,14.471073029783007,7.512506382921131,0.5191395529177134,0.5870730797507274,-0.03931596729903169,0.001725305941219952,0.2690014569488487,0.010864993493488942,0.012462052969131585,0.00035933809684668893,0.0008759783594577274,0.029242212646449245,0.09179423080287594,0.028521754569452128
3.309999999999636,6,4,100.68274067976294,18.06375490565517,0.17941262607371547,0.4653696733559897,1,29.65152688861766,3.8790861581648,0.1308224757779292,0.1308224757779292,1,33.66539919966774,3.379937245041135,0.10039795533078048,0.10039795533078048,2,19.409592004105697,5.034455864096818,0.25937978825273,0.2694874873781048,2,17.956222587371844,5.770275638352418,0.3213524231098865,0.4653696733559897,-0.039312617386843655,0.0017250541138194853,0.26900025250517867,0.010868357216434437,0.01246464656087739,0.0003853075123496051,0.0004422740932020084,-0.006416455650166793,0.06067951354141082,0.0168737461434074
3.319999999999635,6,4,100.7651776843591,18.168245487087212,0.18030281794369635,0.45858112674614826,1,29.651042154416537,3.8773198114104304,0.13076504330667857,0.13076504330667857,1,33.66451448532069,3.3789777987523855,0.10037209359504587,0.10037209359504587,2,19.458828118512137,5.124874549750257,0.2633701535641148,0.2667142102869322,2,17.99079292610974,5.787073327174139,0.32166860854562196,0.45858112674614826,-0.03930946965540723,0.0017249613891240853,0.26899913772605594,0.010871539310997345,0.012468321870669305,0.0003635171823683273,0.000402256288592337,0.015529919245080336,0.046810942120121324,0.010453719843288889
3.3299999999996337,6,4,100.92602291569887,18.379914762510246,0.18211274190267615,0.4571068807523558,1,29.651739643943348,3.8747804436496374,0.13067632760093717,0.13067632760093717,1,33.66458648271215,3.3769715461879337,0.1003122835898227,0.1003122835898227,2,19.609671078990907,5.348573611638098,0.27275182689669725,0.31176452360517015,2,18.000025710052462,5.779589161034576,0.3210878281027595,0.4571068807523558,-0.039306203241817085,0.0017250156558171396,0.26899806217391603,0.0108748578726588,0.01247237753155607,0.00033444889477969066,0.0003561336983783395,0.050090090539237624,0.08834249739575695,0.037277419481442
3.3399999999996326,6,4,100.77434071184635,18.103461568555435,0.17964356244532906,0.44875602731372033,1,29.646627134650252,3.876938223831445,0.13077164583421277,0.13077164583421277,1,33.65962292172777,3.3842976844515973,0.10054472958064498,0.10054472958064498,2,19.421147718854428,5.03250233497805,0.25912486778999155,0.2689899025492648,2,18.046942936613906,5.809723325294344,0.32192285118314923,0.44875602731372033,-0.039302945753107325,0.0017248435911028381,0.2689969442371342,0.010878135756526035,0.012475861831484657,0.00037506562814744086,0.000376568639105545,0.018158734248863977,0.03543015835182434,0.006410951119157743
3.3499999999996315,6,4,96.94557449550126,16.984985341946487,0.17520124492876848,0.44421954631230337,1,29.662929138329364,3.871117746936017,0.1305035564385278,0.1305035564385278,1,33.67173629060987,3.3657665110522563,0.09995821070833454,0.09995821070833454,2,15.558549641454121,3.9363115565790796,0.2529999034158808,0.31011299491704436,2,18.052359425107902,5.811789527379135,0.3219407164747606,0.44421954631230337,-0.039299579744336774,0.0017247646700807367,0.26899591942771267,0.010881526606102851,0.01248005924094786,0.0003558318008957349,0.00037863527757441093,-0.007786035932436946,0.07169019830012402,0.03437511098848325
3.3599999999996304,6,4,100.76471971067528,18.01948879334345,0.17882735986447065,0.4355061226194896,1,29.642008723558003,3.876759579691856,0.1307859941560168,0.1307859941560168,1,33.65451641200769,3.389251389562253,0.10070717843840396,0.10070717843840396,2,19.34805166031364,4.906535652329328,0.25359326812185035,0.2863443311964246,2,18.12014291479594,5.846942171760011,0.32267638281073985,0.4355061226194896,-0.03929644469792383,0.0017245536422269355,0.26899475192796635,0.010884682718519759,0.012483135173416461,0.00038875268625626413,0.00043389652187386944,0.017189942391120573,0.07649495659319828,0.025110755358226957
3.3699999999996293,6,4,100.83989915245787,18.12881565208486,0.1797782009348924,0.44474226077795725,1,29.642346320974216,3.8743752508986176,0.13070406805675847,0.13070406805675847,1,33.65357534877062,3.389973133762855,0.10073144082406364,0.10073144082406364,2,19.46310099059428,5.06128159300977,0.2600449741002567,0.2628383285781674,2,18.080876492118755,5.8031856744136165,0.32095709944941875,0.44474226077795725,-0.03929313010103113,0.001724737057751644,0.2689937950487328,0.010888058481202601,0.012488128238438069,0.00037388509119261446,0.0003882302713407184,0.0318175142846834,0.03378114950025583,0.0056373500338084736
3.379999999999628,6,4,93.74367136826487,19.039795137531538,0.2031048588094566,0.590682672078614,1,29.637421962782344,3.9004416169249745,0.1316052935313677,0.1316052935313677,1,33.694002324076834,3.303949532875864,0.0980574970315993,0.0980574970315993,2,15.581311230307879,4.255379487431856,0.27310791913035753,0.3629044561486519,2,14.83093585109782,7.580024500298842,0.5110954950113786,0.590682672078614,-0.03928990135965975,0.0017246638950100914,0.2689927158646532,0.01089132056282509,0.012492030425553267,0.00039935771376463944,0.0014881406251048002,0.026941229451344695,0.10878230419827671,0.03312109895801205
3.389999999999627,6,4,100.33723552814186,25.493007902220064,0.254073253743073,0.8156334368000876,1,29.623935301367585,3.888484592405164,0.13126158131413596,0.13126158131413596,1,33.661844529899184,3.3593007649822075,0.09979550472935027,0.09979550472935027,2,19.35494395518982,5.139555583974829,0.26554226123691316,0.2938931783590484,2,17.696511741685264,13.105666960857862,0.7405791125483011,0.8156334368000876,-0.03928647360309731,0.0017263419581510337,0.26899200470088885,0.010895021657875974,0.012498774526375316,0.000430803964668339,0.0009681782946342847,-0.011661032479437694,0.08969363109076896,0.025700040184276456
3.399999999999626,6,4,97.2214999829783,19.27070231689456,0.19821441060124054,0.5476967427691574,1,29.616925536319027,3.903871829549574,0.1318121904571858,0.1318121904571858,1,33.68041306974589,3.3228052657866636,0.09865690361058667,0.09865690361058667,2,19.451729010665858,5.046794666214569,0.25945224012977397,0.26344965767722484,2,14.472432366247522,6.997230555343753,0.48348683747609916,0.5476967427691574,-0.039283267366933036,0.0017278680418425188,0.2689909374274824,0.010898513945601596,0.01250221426628204,0.0004236023589871766,0.0012228766494903585,-0.02709607150454957,0.08940425620034588,0.031409827337440716
3.409999999999625,6,4,96.5744349722704,24.196381602976476,0.2505464475140241,0.8042797381962786,1,29.63697549312784,3.886092177722536,0.13112310257919654,0.13112310257919654,1,33.67394791378605,3.351378009012407,0.09952435685868478,0.09952435685868478,2,15.583919043652081,4.124714147696761,0.26467759080004416,0.34092569773283105,2,17.67959252170442,12.834197268544774,0.725932865974644,0.8042797381962786,-0.0392794913434886,0.0017305191806065115,0.26899056848932995,0.010902680370321442,0.012512710102541283,0.00044681331132024205,0.0010972116780406163,-0.007588580532679992,0.09565834397355198,0.033893060586526365
3.419999999999624,6,4,93.49466102375243,18.262228853277815,0.1953291092059072,0.5321803599083423,1,29.629149848046143,3.9149691264826374,0.13213234758879877,0.13213234758879877,1,33.688743777960575,3.3118807917340334,0.09830823059364684,0.09830823059364684,2,15.729668075074311,4.228574097307677,0.268827929306938,0.37392061964704065,2,14.447099322671392,6.806804837753467,0.47115373721226905,0.5321803599083423,-0.039276101914614274,0.001732504419103554,0.26898962354117095,0.010906414652064792,0.01251759570136675,0.0004252247619241147,0.0012262923561683283,-0.040262275755804364,0.10240498437845452,0.032495874334337926
3.4299999999996227,6,4,97.42697256956615,16.74307549086086,0.17185256863961096,0.4081120481674809,1,29.646402351303305,3.8885858858775326,0.13116552355320052,0.13116552355320052,1,33.659424413577085,3.3989472853367357,0.10098055283339052,0.10098055283339052,2,15.927913383188198,4.052523053677771,0.2544289987133645,0.364740191152568,2,18.193232421497562,5.4030192659688225,0.29697962081683105,0.4081120481674809,-0.039272486906250716,0.0017339691512578944,0.2689888950613334,0.010910268131248554,0.012524949510303059,0.0003750376200357904,0.0008631144467584037,0.08153874019356938,0.0945436475704346,0.029417835124942216
3.4399999999996216,6,4,101.04682190859012,17.885646517356566,0.17700355319968836,0.4142746971730863,1,29.628189139551107,3.8809749552347896,0.13098927298442342,0.13098927298442342,1,33.641145460237276,3.41968812764014,0.10165195271611957,0.10165195271611957,2,19.587469675256536,5.173491656706277,0.26412251007804155,0.2846662760838549,2,18.190017633545192,5.4114917777753595,0.2974978852024715,0.4142746971730863,-0.039268853889321026,0.0017346440892553787,0.26898802456505105,0.010914027013599708,0.012530814660314906,0.00038842299186769527,0.0007166031290466605,0.09293940966114843,0.10923139838423522,0.02687254384111298
3.4499999999996205,6,4,101.12048371363699,17.987735844072745,0.17788419500654484,0.41373792489427963,1,29.630050976787402,3.8760819535712487,0.1308159056698156,0.1308159056698156,1,33.639475962622974,3.412362485700573,0.10143922840807834,0.10143922840807834,2,19.65529412872864,5.276675455473159,0.2684607730067313,0.30534112714232314,2,18.195662645497972,5.422615949327766,0.29801695354411545,0.41373792489427963,-0.03926541237524192,0.0017347314154044944,0.2689870284072731,0.010917515964968778,0.012535430164204725,0.0003527261735029997,0.0006232207318062614,0.10710872370756079,0.12905872237536134,0.039505927999883894
3.4599999999996194,6,4,97.49420884004988,16.75860660442708,0.1718933545265385,0.41000012851439926,1,29.64773919337766,3.8730399781072746,0.1306352552835592,0.1306352552835592,1,33.65052020397632,3.387718258879815,0.10067357765481154,0.10067357765481154,2,15.997803373351793,4.064801352456969,0.25408496764173744,0.36909180242255296,2,18.198146069344105,5.433047014983022,0.29854947829742523,0.41000012851439926,-0.03926188858330457,0.0017343359071110961,0.2689859921589349,0.010921012898219052,0.012539290856947041,0.000322877913876498,0.0005802527922605382,0.08292728492497588,0.09679373519758785,0.02689854692336451
3.4699999999996183,6,4,97.0203647004574,16.47276623966325,0.16978668643971392,0.4092945873812419,1,29.64574062048497,3.867972143707923,0.13047311562306477,0.13047311562306477,1,33.646073397121704,3.3886968594978706,0.10071596823502622,0.10071596823502622,2,15.519992366457387,3.765609657202903,0.2426296075596876,0.28118772071894715,2,18.20855831639334,5.450487579254553,0.2993365803347224,0.4092945873812419,-0.03925872671538993,0.0017337112280410225,0.2689848447010897,0.01092412815845306,0.01254227307870571,0.00035201196479456694,0.0005452156231988351,0.02022793291792758,0.13260877639359275,0.045427813650498194
3.479999999999617,6,4,97.15552797224713,16.53733696819254,0.17021509031288984,0.40805817433978386,1,29.647514690957866,3.863516558308183,0.13031502298189293,0.13031502298189293,1,33.64523084846397,3.3821056371273737,0.10052258676304429,0.10052258676304429,2,15.644680948100381,3.8285679207706824,0.24472010221694915,0.3023875485564623,2,18.218101484724915,5.463146851986301,0.29987465250245265,0.40805817433978386,-0.039255817517264514,0.0017329701496191971,0.26898361533351367,0.010926984385255597,0.01254464390516866,0.00032070397027409646,0.0005033223142893467,0.03690130034302494,0.11053236952685341,0.029073076753216708
3.489999999999616,6,4,97.33588199675249,16.635248338029,0.1709056105186782,0.40690948096227647,1,29.649183860808325,3.8594854023599323,0.13017172480965253,0.13017172480965253,1,33.6444260242218,3.376410809314533,0.10035572629129523,0.10035572629129523,2,15.814935772800371,3.9240420205258726,0.2481225391553416,0.3319762505882315,2,18.22733633892199,5.475310105828662,0.30039002978931617,0.40690948096227647,-0.039252986214509865,0.001732142083279364,0.2689823590835807,0.010929752975080058,0.012546742528038933,0.0002922371003050308,0.0004759881807579262,0.05901121260575812,0.0832702425841495,0.027904751558937138
3.499999999999615,6,4,100.97418464115529,17.704723934620166,0.17533911264091587,0.4252822544314519,1,29.630746452944887,3.8587384090501597,0.13022751266756072,0.13022751266756072,1,33.626873528093796,3.399937968054947,0.10110776326602132,0.10110776326602132,2,19.545660986546583,5.007691375179822,0.2562047596459721,0.26007185206373334,2,18.170903673570017,5.438356182335237,0.2992892527544157,0.4252822544314519,-0.03925009296461788,0.0017315570862799848,0.26898122469190544,0.010932609845170924,0.012549973255002135,0.000334906929159722,0.0004468865988359151,0.058095361473736215,0.06580400793778464,0.013706217830586948
3.509999999999614,6,4,97.14191792545688,16.508900991803547,0.16994621214367897,0.4091073117513676,1,29.64831469411556,3.8520734869667477,0.1299255464166834,0.1299255464166834,1,33.639101251329706,3.375860735480464,0.10035525950167949,0.10035525950167949,2,15.626466838582388,3.795698014763384,0.24290186988344992,0.29452252412292557,2,18.228035141429235,5.485268754592951,0.30092485076056635,0.4091073117513676,-0.0392474180818776,0.0017305931335121379,0.2689798730415997,0.01093521249894245,0.012551114872059978,0.00030866256018353825,0.0004622747779900001,0.02719430114707494,0.10910390396891523,0.03298876959079218
3.5199999999996128,6,4,100.81759467759457,17.482880688970116,0.17341100772021756,0.42464014926265553,1,29.628655073809643,3.85494341963626,0.13010861984902755,0.13010861984902755,1,33.62068506045562,3.4014596001494155,0.10117163270269543,0.10117163270269543,2,19.382718039235947,4.7652735258129315,0.24585166621970708,0.28723065975016593,2,18.185536504093363,5.461204143371511,0.3003048132312321,0.42464014926265553,-0.03924475256471567,0.001729937623265839,0.2689786749624415,0.01093784068156388,0.012553825621170295,0.0003579124169681101,0.00045443706601252495,0.01848664707525592,0.08509932008085416,0.027620069885436183
3.5299999999996117,6,4,101.14118087712788,17.972031732760158,0.17769252422110451,0.4259475638866059,1,29.63427264515599,3.847653413852177,0.12983795687933355,0.12983795687933355,1,33.62345566219815,3.390241182858014,0.10082964752101795,0.10082964752101795,2,19.704472659120405,5.280560855881621,0.26798793082328254,0.31032382893994565,2,18.178979910653347,5.453576280168345,0.29999352587283573,0.4259475638866059,-0.03924222459445175,0.0017292338544693928,0.2689774366286414,0.010940329972927399,0.012556112109063308,0.000289791746735768,0.0004577738934018414,0.08898083721438206,0.10777036690265335,0.04620571450385905
3.5399999999996106,6,4,97.47996724523456,16.695447095560237,0.1712705447834095,0.4229517027642214,1,29.65074936308828,3.841990388147664,0.12957481583688044,0.12957481583688044,1,33.63437902619999,3.3708124613683643,0.10021925657502465,0.10021925657502465,2,16.01705758009153,4.023658538531251,0.25121084309096037,0.3621858748531458,2,18.177781275854766,5.458985707512957,0.3003108918888816,0.4229517027642214,-0.03923938094587207,0.0017283845599714424,0.26897624858151775,0.010943102107934073,0.012558412001321956,0.0002824570184079029,0.00047714362612419776,0.056519506689491655,0.06392890561065204,0.016322830311418818
3.5499999999996095,6,4,101.05834446735355,17.795302117925512,0.17608938887450512,0.4250770105125905,1,29.63128278372285,3.845081589631954,0.12976426358916013,0.12976426358916013,1,33.6167402573131,3.3937845993787996,0.10095519593517115,0.10095519593517115,2,19.616054080230676,5.083463569706025,0.25914812168208734,0.27688898606348233,2,18.19426734608693,5.472972359208735,0.3008075156368314,0.4250770105125905,-0.03923654670745931,0.0017275051869440187,0.268975056052731,0.010945860896923437,0.012560632838393685,0.000328204679783974,0.0004838685333869588,0.06426166600998462,0.07427444571232684,0.02385652343676665
3.5599999999996084,6,4,97.157484486306,16.474398018363836,0.16956385918663675,0.433659966387001,1,29.64860342853475,3.8369849710495494,0.12941536960748426,0.12941536960748426,1,33.628238789074686,3.3752493132950336,0.10036949405722674,0.10036949405722674,2,15.740605953630194,3.8274534350060274,0.24315794743107186,0.30811136689966445,2,18.140036315066368,5.434710299013224,0.29959754239848885,0.433659966387001,-0.03923369399636554,0.0017269526995216436,0.2689739432244645,0.010948682169849556,0.01256377880376196,0.000313096537634912,0.0004659183319083787,0.0044795975007623405,0.05452803507600051,0.020268566207625575
3.5699999999996073,6,4,97.59363715111121,16.804700664651524,0.17219053572756596,0.37894614443706115,1,29.64243235610336,3.845182356649409,0.12971885405543274,0.12971885405543274,1,33.62753254569404,3.380605240990736,0.10053087411028669,0.10053087411028669,2,15.893247893400934,3.90948744474378,0.24598417333986503,0.33701329970471433,2,18.430424355912876,5.669425622267598,0.30761232149539325,0.37894614443706115,-0.03923083398982536,0.0017266713566234733,0.26897295483839284,0.010951541854834738,0.012568344520695034,0.0003082871936583646,0.0009112775830422099,0.10914764659750578,0.12699843418140583,0.0591350387729478
3.579999999999606,6,4,96.5084312892211,23.775039218237556,0.24635193941747305,0.7857521960586522,1,29.63185917427724,3.843805387424247,0.12971867086763728,0.12971867086763728,1,33.63636386727327,3.3432731920205896,0.09939460772909078,0.09939460772909078,2,15.514307154017104,3.94255415239501,0.25412376545440307,0.3022146876278272,2,17.72590109365348,12.64540648639771,0.7133858199696954,0.7857521960586522,-0.039227773694779866,0.00172733891623908,0.2689719387300777,0.010954750677589088,0.012571622519569368,0.00033909436486260954,0.0005140001552448047,-0.05713062215393793,0.136314222346251,0.05159291632834601
3.589999999999605,6,4,101.19881950682824,17.707654025030486,0.17497885954920342,0.37750255986429915,1,29.618455216578884,3.8548023462110987,0.1301486629881149,0.1301486629881149,1,33.610126229065926,3.413708186673954,0.10156784783872042,0.10156784783872042,2,19.540651022422736,4.983164821663138,0.25501529175998267,0.26086488083043996,2,18.42958703876069,5.455978670482294,0.2960445428867941,0.37750255986429915,-0.039224935313237896,0.0017284120985210287,0.2689710993824241,0.010957788786602434,0.012577494844653286,0.00039236563557043286,0.0012528408819999707,0.10976626241421913,0.1324671867200079,0.05501481006776949
3.599999999999604,6,4,101.05126484369228,17.470541235468783,0.1728879026154942,0.4311090492915104,1,29.62321424181883,3.8483883468793447,0.12991123500185908,0.12991123500185908,1,33.610751900931376,3.407489752659558,0.10138094389269328,0.10138094389269328,2,19.669482475979063,5.1613652506579175,0.2624047306257867,0.2865855566993794,2,18.147816224963012,5.053297885271963,0.2784521191216913,0.4311090492915104,-0.03922172996485272,0.001729890539018784,0.2689702103114285,0.010961256291470066,0.012582245203093763,0.00033644741207129356,0.0003924860509048856,0.026528997261125332,0.11454444419876277,0.03311678488455254
3.609999999999603,6,4,97.60460543236692,18.891363895423694,0.1935499233026875,0.5034920217638825,1,29.603987238365654,3.874137779571036,0.13086540500025276,0.13086540500025276,1,33.63800545236928,3.3364247677382175,0.09918616525770312,0.09918616525770312,2,19.679023767500738,5.146288871850268,0.2615113906386553,0.2901175320858035,2,14.683588974131247,6.534512476264174,0.4450214785892145,0.5034920217638825,-0.03921862568845937,0.001731050147333888,0.26896937169658003,0.010964569490117794,0.01258823528788297,0.0003753192717457369,0.0012017761305168492,0.0500920995048869,0.09388378070954874,0.03825645722918834
3.6199999999996018,6,4,97.33267975714374,16.243449240012396,0.16688587307512415,0.4545841214023427,1,29.64284492226339,3.840409648986138,0.129556041569471,0.129556041569471,1,33.6173842745452,3.392768208330796,0.10092302781866855,0.10092302781866855,2,16.03024462824962,3.9388699796044877,0.24571490148460587,0.34978207811208484,2,18.04220593208553,5.0714014030909755,0.2810854405598043,0.4545841214023427,-0.03921529946478684,0.001731377609145086,0.2689683193902695,0.01096798962994705,0.012592035312753958,0.00030619646421985386,0.0005558576455436789,0.007715151275286582,0.07775988328503239,0.02484894282270394
3.6299999999996007,6,4,96.5879905061537,23.811112299567903,0.24652249389173156,0.7841426646802717,1,29.622585492168703,3.849908159216351,0.1299652982766865,0.1299652982766865,1,33.62389611207993,3.3658193359329243,0.10010200259700716,0.10010200259700716,2,15.555028284217737,3.8834735669351126,0.24966033465045626,0.29851151209666377,2,17.786480617687324,12.711911237483516,0.7146951390058847,0.7841426646802717,-0.03921187129486262,0.0017324892528244014,0.2689677531445848,0.010971588131987134,0.01260071401507204,0.0003769389957331631,0.0006510109264313132,-0.004549788788560936,0.11674801772525854,0.048674324570122496
3.6399999999995996,6,4,97.43882894020763,18.47129936646412,0.1895681584781653,0.48407781293482244,1,29.60017739867046,3.8730100830440746,0.13084415106302832,0.13084415106302832,1,33.63031568706538,3.3400130574615674,0.09931554281383617,0.09931554281383617,2,19.606438345588465,4.970837194457463,0.25353086097740557,0.26201460000231197,2,14.601897508883319,6.287439031501013,0.4305905467201054,0.48407781293482244,-0.039208956076994136,0.0017334565376145776,0.26896664427481815,0.01097471065850851,0.012603674136674037,0.00036233530911845347,0.0009693068495323424,-0.00574991567468696,0.11059262361410864,0.030213951109579182
3.6499999999995985,6,4,101.19179580159215,17.48853324749366,0.17282560418024023,0.4026061379105746,1,29.61696878593852,3.8483420811018947,0.129937067797735,0.129937067797735,1,33.59777710930214,3.4229366753638795,0.1018798554507994,0.1018798554507994,2,19.692155234663623,5.121451551084302,0.26007572508209437,0.2855298282483183,2,18.28489467168786,5.0958029399435825,0.2786892148650914,0.4026061379105746,-0.039205848442958754,0.0017341025736133883,0.26896572572237176,0.010977953759370726,0.012608835479590554,0.00033117660599251645,0.0006312997022627633,0.10068365187681588,0.11883827606597547,0.035297775374503834
3.6599999999995974,6,4,97.27754257035488,16.072693101356258,0.16522511441663798,0.4214305130779986,1,29.635385638997793,3.8428956915426236,0.12967253871283121,0.12967253871283121,1,33.607359954670336,3.4039128764877455,0.10128474480229774,0.10128474480229774,2,15.84399530313523,3.775770592843462,0.23830924716926088,0.3109222630853838,2,18.190801673551523,5.050113940482426,0.27761909733890555,0.4214305130779986,-0.039202676838858544,0.0017342269516529524,0.26896479147887625,0.010981178875409198,0.012613759377137945,0.00031496484087408536,0.0004884196774874305,0.030639898146959478,0.06043378955400237,0.011391928593944592
3.6699999999995963,6,4,100.90923468540808,17.127305754172884,0.16972981519053745,0.4263591221965046,1,29.61696133583299,3.8409487115081795,0.12968746752763896,0.12968746752763896,1,33.58851562953641,3.4232818253452364,0.10191822297544277,0.10191822297544277,2,19.512101358506143,4.791999549270248,0.2455911570580897,0.26731258871728986,2,18.191656361532534,5.071075668049222,0.278758325644956,0.4263591221965046,-0.039199613471829355,0.0017336636998175176,0.2689636736855903,0.01098420641206727,0.012616776050557289,0.00036725776171257145,0.0005575248099454433,0.028853899388075664,0.0486358454083434,0.007259338666930462
3.679999999999595,6,4,100.89174332573148,17.130156335144083,0.16978749469953106,0.43772055369537743,1,29.619157513081966,3.8358558914792225,0.12950590811993995,0.12950590811993995,1,33.58635898388414,3.4177824649992155,0.10176102942981054,0.10176102942981054,2,19.53937554498722,4.822417648681027,0.24680510580176687,0.2613830567738486,2,18.146851283778155,5.0541003299846174,0.27851114504380065,0.43772055369537743,-0.039196693295681116,0.0017329022301723247,0.2689625505151551,0.010987062607013796,0.012619723066726136,0.00036592685150631373,0.0006607896448662796,0.018709593727278165,0.04017669511407195,0.0067576285633764634
3.689999999999594,6,4,94.17890185785323,17.875165464559657,0.1898001050334939,0.5043096342432198,1,29.619898475955306,3.857849248699231,0.13024518810660127,0.13024518810660127,1,33.629243391345,3.322498559201842,0.09879789802398403,0.09879789802398403,2,16.19715893772994,4.143253129819861,0.2558012269774359,0.3972376128319807,2,14.73260105282299,6.551564526838725,0.4446984278844193,0.5043096342432198,-0.039193660131582875,0.0017320101888905941,0.2689615060377349,0.010990002069111599,0.012623238555306884,0.00027595103188686275,0.0008265345523448451,0.0467054191627939,0.08233067266659452,0.03108030736263982
3.699999999999593,6,4,97.06005332620558,15.933710503547045,0.16416342210318,0.4514842259639905,1,29.639767768430776,3.820711099407454,0.12890489322513793,0.12890489322513793,1,33.59550662835005,3.388868994836465,0.10087268611025259,0.10087268611025259,2,15.744937192687097,3.6931743692913463,0.23456266126019737,0.28454644028323484,2,18.079841736737652,5.03095604001178,0.27826327869834394,0.4514842259639905,-0.039190716091736646,0.001730756639624265,0.26896024356869,0.010992817820730513,0.012624411571310532,0.00036818858830653443,0.0009415830440777552,-0.03377239146976602,0.09622585274397462,0.026618685123901812
3.709999999999592,6,4,96.86483698627985,23.84320801248264,0.246149260704995,0.7804480829945009,1,29.623482656086075,3.831040208365899,0.12932443672617341,0.12932443672617341,1,33.606177164915394,3.356337138704535,0.09987262526868206,0.09987262526868206,2,15.812859111856303,3.9226138023572403,0.24806480438544531,0.32676825141475596,2,17.82231805342208,12.733216863054967,0.7144534636228226,0.7804480829945009,-0.039187703359680345,0.0017307015921252675,0.2689594854778269,0.010995842315016182,0.012630736060664746,0.00030318976607357815,0.0003987023416360945,0.024148119548916668,0.0704914395812186,0.018149434840363278
3.7199999999995907,6,4,93.77922241203972,17.560383213946537,0.18725238664051955,0.49189882439231675,1,29.616995251532042,3.8533729467903464,0.13010681583544562,0.13010681583544562,1,33.62233193309177,3.3254011306762394,0.09890453575004157,0.09890453575004157,2,15.929977077770417,3.9877056371219917,0.25032714219574487,0.35263702075301284,2,14.60991814964549,6.3939034993579575,0.43764129503443566,0.49189882439231675,-0.039184988545790396,0.001730535830127671,0.2689582333996582,0.010998603292861966,0.012631773556315869,0.00028714838938593575,0.0006360499081113477,-0.031581147426455,0.09020223928110033,0.0337153919828159
3.7299999999995896,6,4,96.9627464552814,23.47740763476306,0.24212812129440547,0.7588027553766697,1,29.622025725268117,3.832392012927988,0.12937643253948325,0.12937643253948325,1,33.60457419403261,3.3571846940934877,0.0999026107192766,0.0999026107192766,2,15.95518454652338,3.9915804691808905,0.25017450957974985,0.34939176956823015,2,17.780961989457303,12.296250458560696,0.6915402252055538,0.7588027553766697,-0.03918193443495682,0.0017314884907858976,0.2689575747911204,0.011001817682591218,0.012638765539123022,0.00030119301808585107,0.00045690339223464243,0.017246999957023633,0.044376900177963786,0.007362175324998979
3.7399999999995885,6,4,94.27077029745395,17.456983104382633,0.18517917111847457,0.47944840220662677,1,29.61088752858128,3.863586907335998,0.13047859182223948,0.13047859182223948,1,33.61960112802195,3.330150432244736,0.09905383527792823,0.09905383527792823,2,16.10442444156762,4.072692399879879,0.25289276339288036,0.3784839122233009,2,14.935857199283108,6.190553364922019,0.41447593414451994,0.47944840220662677,-0.03917890299853195,0.0017320911584582798,0.2689566371097683,0.011004981152008424,0.012642972514635371,0.0003573785140514082,0.0014634355805619348,0.06411051573991398,0.07893199587293799,0.017985502989340117
3.7499999999995874,6,4,97.53154513468694,15.893606277341014,0.16295862282703116,0.42800800037644987,1,29.63179673789244,3.8332208313507525,0.1293617415527463,0.1293617415527463,1,33.59038214821313,3.4001094220400554,0.10122270735228676,0.10122270735228676,2,16.13142182826276,3.89448053372231,0.24142202560837245,0.3522524220653902,2,18.17794442031861,4.765795490227896,0.2621746100676198,0.42800800037644987,-0.0391757616051625,0.0017331128251050888,0.2689558274316322,0.011008306564667182,0.012648434575529447,0.0002853957896257355,0.00016793487746520004,0.021990551427997537,0.08732000287489831,0.021305944600476148
3.7599999999995863,6,4,93.78833435175827,17.24910215096532,0.18391522005574407,0.4691489645295105,1,29.609144120525123,3.860267335569212,0.1303741614366106,0.1303741614366106,1,33.61218679977632,3.3355449756816156,0.09923617869765655,0.09923617869765655,2,15.85570383983353,3.9064604218753396,0.24637571824855387,0.33404753448851987,2,14.711299591623288,6.146829417839152,0.4178304832660194,0.4691489645295105,-0.039172417160361954,0.0017335827222299302,0.2689549645170599,0.011011749802509218,0.012653610851263396,0.0003578342249912504,0.001010377841115896,-0.008149480547575007,0.06188360760237985,0.015138284217893701
3.7699999999995852,6,4,93.59699435055839,17.255825775268704,0.18436303318286798,0.47224801067273586,1,29.61159925961794,3.853750900805693,0.13014328834515693,0.13014328834515693,1,33.60913988046113,3.3342873105038566,0.09920775486558239,0.09920775486558239,2,15.758840792926602,3.844636583768688,0.24396696649758423,0.31658964782820864,2,14.617414417552727,6.223150980190467,0.42573541410426524,0.47224801067273586,-0.03916946090108157,0.0017334972745945173,0.2689539183058175,0.011014741478007543,0.012657499019536273,0.00032518947247555595,0.0007208747446360668,-0.03849496500279061,0.10091643485452871,0.0288864129555476
3.779999999999584,6,4,97.38567484223866,15.849431214214134,0.16274910288283825,0.41746336933953704,1,29.629869818614566,3.825954700307426,0.12912492439989803,0.12912492439989803,1,33.57877111217373,3.4079908685585183,0.10149242380472276,0.10149242380472276,2,15.939648085253761,3.723914042164048,0.23362586314619774,0.30863405192956106,2,18.2373858261966,4.891571603184142,0.26821670878716486,0.41746336933953704,-0.039166342973246275,0.0017332223210758937,0.26895296883786246,0.01101785316441608,0.012662229829869151,0.0003116240912309254,0.0005362805789542585,0.039768038442558176,0.057810043964200586,0.010288133463788252
3.789999999999583,6,4,97.39692318223368,15.857314542928197,0.16281124726351473,0.4237012456096883,1,29.63274723725003,3.819428399961393,0.12889214656277825,0.12889214656277825,1,33.57694721127911,3.4000353407081305,0.10126100265500004,0.10126100265500004,2,15.974453502661136,3.7458321188768844,0.23448890556743474,0.31384799857140183,2,18.212775231043395,4.892018683381789,0.2686036928102763,0.4237012456096883,-0.03916357387339802,0.0017323303702634657,0.26895171652488936,0.011020553828528531,0.012664141298000019,0.00030531958207244826,0.0006381217422894315,0.03166220796043796,0.03882191115280284,0.005720154301033121
3.799999999999582,6,4,97.35327903248607,15.836470894634441,0.16267013347696208,0.4355451538394816,1,29.635347184322995,3.8131493917306782,0.12866896304652783,0.12866896304652783,1,33.57498627447759,3.3940411470583745,0.10108838524346304,0.10108838524346304,2,15.976024313149276,3.7485812739557023,0.23463792996799482,0.31350890420555017,2,18.166921260536217,4.880699081889686,0.26865856970999097,0.4355451538394816,-0.039161027241535695,0.0017312600971322433,0.26895041571279965,0.011023012662859502,0.012665687063781982,0.00031367689593773165,0.000798078730817077,0.014589620673869345,0.044550360360436615,0.009464004338573232
3.809999999999581,6,4,93.96220057397736,17.456321710765728,0.1857802563598135,0.4836971735118633,1,29.616276915032657,3.8390575525525716,0.1296266091638257,0.1296266091638257,1,33.60211172536418,3.3292213459655438,0.09907774169599341,0.09907774169599341,2,16.03544814657336,3.9395407436159586,0.24567699683889443,0.3538698014123213,2,14.708363787007162,6.348502068631652,0.4316253092842108,0.4836971735118633,-0.039158430120865284,0.0017303585635587053,0.2689492653280797,0.01102553358441067,0.012668637444988834,0.0002640824575292965,0.0006573911956947863,0.006069114238997642,0.06822609023808876,0.020118100679576402
3.8199999999995797,6,4,94.01408818621218,17.535005399925993,0.1865146568798784,0.48734231971558695,1,29.618004233222035,3.833838006698768,0.1294428205394884,0.1294428205394884,1,33.59975163287185,3.328624975728772,0.09906695180663949,0.09906695180663949,2,16.13094209778168,3.974280918586401,0.24637624352597126,0.36643266485941517,2,14.665390222336608,6.398261498912052,0.4362830720431133,0.48734231971558695,-0.039155841953132466,0.0017290033786905765,0.2689479639648756,0.011027989197178364,0.012669748152123263,0.0002636416581582614,0.0006155141965945786,0.0042132947300934295,0.09911853315843022,0.028488373619912626
3.8299999999995786,6,4,97.17240119639662,23.533941045281423,0.24218750134327355,0.7558498110880911,1,29.622781563496694,3.8137435595165012,0.1287436006420163,0.1287436006420163,1,33.58246068024735,3.3535945486314107,0.09986148961990565,0.09986148961990565,2,16.149604320277337,4.012021336844313,0.24842846036833519,0.36664572231813186,2,17.817554632375238,12.3545816002892,0.6933937824352401,0.7558498110880911,-0.039153093344506305,0.0017289745519388645,0.26894709516030574,0.011030769443641708,0.012674907434036944,0.00025063624863668453,0.00019494531811274356,0.038363338323816276,0.061752544171982365,0.020009161889499832
3.8399999999995775,6,4,97.83425135107656,18.150485695871854,0.18552281481399743,0.46761632241079554,1,29.593009162301154,3.8449293307361665,0.12992694692347348,0.12992694692347348,1,33.58490457697858,3.350555183509008,0.0997637249743955,0.0997637249743955,2,19.664189999044574,4.8444588317421395,0.24635943977237393,0.2501713545413049,2,14.992147612752248,6.110542349884539,0.407582856553983,0.46761632241079554,-0.03915047404970028,0.001728846438105437,0.2689459640491108,0.0110334320880602,0.012677267830523293,0.00033394745891559733,0.0012949830099630766,0.06384937541220198,0.07860395743968952,0.019758419518201994
3.8499999999995764,6,4,101.03446358617143,16.93071707556243,0.1675736820349659,0.4434668029581249,1,29.61463990133857,3.81447900536165,0.1288038287167975,0.1288038287167975,1,33.551112538488965,3.4182557580682356,0.10188203905747988,0.10188203905747988,2,19.703542232215458,4.920458511539441,0.24972456493099246,0.26022953806332666,2,18.16516891412843,4.777523800593105,0.26300464494317266,0.4434668029581249,-0.039147730425659215,0.0017288833166200551,0.2689449146254205,0.011036235090393733,0.012680646237661304,0.0003114914613601169,0.00043422768938291385,0.022112842485390256,0.08785968673219952,0.024978182576145026
3.8599999999995753,6,4,101.21363050748789,17.091471110379487,0.16886531018285172,0.40318180236141427,1,29.610190474852338,3.819211837665434,0.12898302160227762,0.12898302160227762,1,33.54865072292972,3.4261525740913155,0.10212489922134543,0.10212489922134543,2,19.706718187703515,4.927786316388277,0.2500561620383392,0.2601885991343772,2,18.348071122002324,4.918320382234462,0.26805653572688604,0.40318180236141427,-0.039144965968962206,0.0017289660957752865,0.2689440240521424,0.011039050654291374,0.012686009857944667,0.00031058920292865387,0.0005424338118989656,0.09019537991593092,0.10571469633091649,0.025665420930719218
3.8699999999995742,6,4,97.54792647830769,18.245248851831658,0.1870388178460048,0.46587511807674353,1,29.59744236501682,3.834981530942894,0.12957138267716378,0.12957138267716378,1,33.5777485734641,3.349454452238888,0.0997522047945139,0.0997522047945139,2,19.72847085876422,4.880670819080941,0.24739225123029449,0.26413320256101885,2,14.644264681062545,6.180142049568934,0.4220179151474146,0.46587511807674353,-0.03914228608382499,0.0017283804003185386,0.26894272632041977,0.011041717417845216,0.012687035660261583,0.0002891914493635544,0.0005141041057438595,0.006858974290742566,0.1287242446280903,0.036393817224042516
3.879999999999573,6,4,101.14411609928644,16.99780231524892,0.1680552756876466,0.42778006142385006,1,29.61338318359332,3.812479599440756,0.1287417778578228,0.1287417778578228,1,33.5455534070455,3.4195687138266333,0.10193806232179876,0.10193806232179876,2,19.74782302354846,4.9764687783945565,0.2520008799177673,0.2708676156762416,2,18.23735648509915,4.7892852235869725,0.26260852155300374,0.42778006142385006,-0.0391394943781931,0.0017285412388161356,0.26894181579027643,0.011044574029452756,0.012692234009152962,0.00029602398447247947,0.00035404448488108236,0.048508672388860266,0.08151621085715054,0.03385566429772994
3.889999999999572,6,4,97.55336013190811,15.817393938495695,0.16214094437247462,0.37140069158690897,1,29.624676826319767,3.8135824098912607,0.12872992445619252,0.12872992445619252,1,33.55597514535499,3.4066538356277145,0.10152152696713637,0.10152152696713637,2,15.888848854197015,3.6127995917266897,0.22737956820404734,0.2888715813041157,2,18.483859306036333,4.984358101250029,0.26966003250318354,0.37140069158690897,-0.03913671848778349,0.0017281980881068049,0.26894077423117946,0.011047348847376336,0.012696046760590078,0.00029472735935919046,0.0007596955685992841,0.08216463729935006,0.13113823787194168,0.05009372276981638
3.899999999999571,6,4,93.86287456257385,17.205565931164383,0.18330533782762282,0.47058102819123926,1,29.61118302393949,3.8313519970323737,0.12938868379337884,0.12938868379337884,1,33.58245626057568,3.33562975781885,0.09932655705517085,0.09932655705517085,2,15.970332733901582,3.8284435087881397,0.239722213217335,0.33127173669827026,2,14.698902544157097,6.210140667525019,0.4224900905947967,0.47058102819123926,-0.03913397580669415,0.0017277937099919255,0.2689396183476265,0.01105009251153923,0.01269847881638774,0.0002851482233134114,0.0006093101895362307,-0.022944834796082676,0.07785286900323768,0.029733868723832935
3.90999999999957,6,4,97.53596141992796,15.777546390811661,0.16176132537294177,0.3974201213193792,1,29.627914709426886,3.804990322359923,0.1284258564828819,0.1284258564828819,1,33.55099350472623,3.4017277997546795,0.10138977849569457,0.10138977849569457,2,15.99144529740673,3.668570115177725,0.22940828967927263,0.30355261406389583,2,18.36560790836811,4.902258153519334,0.26692599439007236,0.3974201213193792,-0.039131271517316504,0.0017271026115316256,0.2689384749242066,0.011052752578295685,0.01270115207019194,0.0002881810539786742,0.0005210656118590909,0.05550102047362454,0.06994122776578979,0.02282860687471357
3.9199999999995687,6,4,97.40257538856198,15.692962502456403,0.16111445143881928,0.430708086343347,1,29.63060851103852,3.7994369733837807,0.12822676159243732,0.12822676159243732,1,33.54834933253394,3.400338406936372,0.10135635506927461,0.10135635506927461,2,15.995850487650294,3.6663120487358545,0.2292039458337308,0.3022219083538312,2,18.227767057339232,4.826875073400396,0.2648089071040055,0.430708086343347,-0.03912857370663467,0.0017264643029958808,0.26893737493763964,0.011055410531671323,0.01270435749626471,0.00030286539042291506,0.0006415470475867874,0.015930229036666042,0.040897064757599036,0.006761077588834664
3.9299999999995676,6,4,94.00435895270981,17.288748539752977,0.1839143283605638,0.47859323805810844,1,29.6114759732541,3.8252103260723476,0.1291799952669493,0.1291799952669493,1,33.57588326806623,3.336076838061036,0.09935931726430422,0.09935931726430422,2,15.991701641701042,3.8213816976836847,0.23896029223799373,0.33160622992028466,2,14.825298069688433,6.306079677935907,0.4253593855781704,0.47859323805810844,-0.039126000912154346,0.001725614509317354,0.26893620298750537,0.011057919666741306,0.012706991320336501,0.0002747930972892731,0.00073389753721964,0.0053396905671099695,0.0508935110184606,0.012894974340357085
3.9399999999995665,6,4,97.4470349059584,18.027302982852927,0.18499591085814193,0.4743481131306206,1,29.593813567338326,3.8278897124498816,0.12934763219143178,0.12934763219143178,1,33.559203710429465,3.3559795117723787,0.1000017622804743,0.1000017622804743,2,19.558683539497125,4.540000264167247,0.23212197564315087,0.2639722032214483,2,14.735334088693492,6.303433494463419,0.42777676139016624,0.4743481131306206,-0.039123345709416224,0.0017245503248949007,0.26893496501042374,0.01106048296089357,0.01270870596336714,0.0003303226312593985,0.0006046771055177241,-0.02419231801632497,0.08569626096088943,0.02870525991972485
3.9499999999995654,6,4,100.5903624438343,24.417837051395548,0.24274529346715007,0.7473944362898465,1,29.597129681098625,3.8198169040285337,0.12906038339481116,0.12906038339481116,1,33.53875050942983,3.386603959339559,0.10097585353954595,0.10097585353954595,2,19.592673769007487,4.82880533902329,0.2464597428586647,0.27138838127644926,2,17.861808484298347,12.382610849004166,0.6932450798523151,0.7473944362898465,-0.039120493105763335,0.0017246811731707048,0.2689341178484113,0.011063389186430513,0.01271396286480857,0.0003269293477138027,0.00030490909753686803,0.009042992525007279,0.04706998926060862,0.006137089798486045
3.9599999999995643,6,4,101.02632235067468,16.676163256187053,0.16506750783525562,0.4193657778332204,1,29.60712404771793,3.8084980131936423,0.1286345140127582,0.1286345140127582,1,33.525239212451346,3.4257357612889634,0.10218378277869641,0.10218378277869641,2,19.59340746280577,4.6577802644301105,0.23772180889270994,0.2659193220617857,2,18.300551627699623,4.784149217274338,0.26142103880809114,0.4193657778332204,-0.03911786871955385,0.0017246419029084074,0.26893294496085546,0.011066075945323713,0.012715819823594668,0.0003282448231756488,0.000312872424166921,0.016249897205191814,0.04311653624234037,0.005524987054807558
3.969999999999563,6,4,97.51604970398651,17.930906307522136,0.18387646302277472,0.46258428246404626,1,29.589228207763256,3.831117628626233,0.12947676775229547,0.12947676775229547,1,33.55382536005171,3.3591854113786628,0.10011333656692448,0.10011333656692448,2,19.58473557900274,4.580338910855933,0.23387290026864715,0.261754112549299,2,14.788260557168805,6.160264356661307,0.41656449944513846,0.46258428246404626,-0.03911501944353323,0.001724739945102831,0.2689320492273059,0.01106897856716728,0.012720863087814397,0.00034030382065542705,0.0008034831942499025,-0.008226709269649454,0.06357778048920827,0.02187458220189848
3.979999999999562,6,4,101.12525815910502,16.763051810759258,0.16576523131723608,0.3994316693632308,1,29.605175090312866,3.80875730265569,0.1286517404824252,0.1286517404824252,1,33.520214232258795,3.4308515613062025,0.10235171939934858,0.10235171939934858,2,19.597439593638242,4.636119468160128,0.23656761109064034,0.26582966693493154,2,18.402429242895106,4.887323478637239,0.2655803434497192,0.3994316693632308,-0.03911226496017262,0.0017244275133818667,0.26893097415068973,0.011071741411833211,0.012724393350557169,0.0003328888159547069,0.0005032607848464286,0.05503046623619996,0.07460178474154204,0.02324404528986748
3.989999999999561,6,4,101.03675187778663,16.709213760633713,0.1653775824152093,0.4199543164259359,1,29.60717282833596,3.8047978412946253,0.12850932655255723,0.12850932655255723,1,33.51718711311675,3.4283737597280037,0.10228703704035863,0.10228703704035863,2,19.597444860254804,4.6319134262221136,0.23635292556000537,0.265642192290758,2,18.31494707607912,4.84412873338897,0.26449045761730944,0.4199543164259359,-0.03910958220002891,0.0017237453624474688,0.26892979744112716,0.011074386122061129,0.012726918999996164,0.00034420926400766886,0.0005434751159219324,0.02677787208264899,0.04318951135635051,0.00619616001375212
3.99999999999956,6,4,97.60415026924574,17.984819580779806,0.1842628569704036,0.46934271077484885,1,29.58933177832395,3.8269898514272196,0.12933681233824723,0.12933681233824723,1,33.546909259591494,3.359454163915879,0.10014198738607694,0.10014198738607694,2,19.58848699526834,4.5533798172607,0.23245183859072846,0.2616896151070422,2,14.879422236061957,6.244995748176008,0.4197068709456041,0.46934271077484885,-0.03910686572564557,0.0017230770813850707,0.2689287260901414,0.011077056143400531,0.012730437195113239,0.0003330216925049977,0.000818060522575146,0.005000174638198664,0.05166588217693008,0.011475488938386593
4.009999999999559,6,4,97.49483474737977,18.00679145978115,0.1846948251816499,0.47185719651451213,1,29.591162640979974,3.8232096581536026,0.129201062646283,0.129201062646283,1,33.54441411904819,3.3585717726099804,0.10012313110285673,0.10012313110285673,2,19.590030887258486,4.534690449364363,0.2314794946195701,0.2611362161856894,2,14.769227100093122,6.290319579653205,0.4259071606809772,0.47185719651451213,-0.03910424110315075,0.0017221867253476755,0.2689274959036568,0.011079616870311976,0.012732359464436929,0.0003250417069485784,0.0005939483801982641,-0.021576032388274546,0.08238272498856737,0.02944086525370615
4.019999999999557,6,4,100.6074827950869,24.397375446055353,0.24250060500715345,0.7446680020170746,1,29.594247462093556,3.815622495823401,0.12893122221508505,0.12893122221508505,1,33.523548273992745,3.389908849156464,0.10112022812890376,0.10112022812890376,2,19.60455349630366,4.796552554339687,0.2446652281697746,0.27230984912934436,2,17.88513356269693,12.395291546735802,0.693049984965653,0.7446680020170746,-0.0391014066681926,0.0017224142866727962,0.268926640610186,0.011082521490514348,0.012737611366066763,0.00032647220520689896,0.00029864774380003315,0.006484941804191482,0.049795108516940266,0.0068043760039577204
4.029999999999557,6,4,97.67986520985603,17.886929257188363,0.18311787407527613,0.46236811083814094,1,29.585648928539737,3.8288797549208624,0.12941679136966103,0.12941679136966103,1,33.54139525293844,3.3614968271571577,0.10021934990503023,0.10021934990503023,2,19.592195522504802,4.562279653799692,0.2328620928960808,0.26373492901885026,2,14.960625505873047,6.13427302131065,0.41002784401645087,0.46236811083814094,-0.039098722065518676,0.0017223424104362013,0.2689255561277108,0.011085254507116083,0.012740604400429624,0.0003484974348430066,0.0010670435757673788,0.012538949071365112,0.042724353762305003,0.006954412622663119
4.039999999999555,6,4,97.50294570253838,17.918164367500893,0.18377049265942755,0.464036498709764,1,29.587798709355006,3.824893515808377,0.1292726624707985,0.1292726624707985,1,33.53842387096514,3.361068280102467,0.100215451180227,0.100215451180227,2,19.59570692805346,4.530270732814231,0.2311868997350965,0.26238593335058713,2,14.781016194164774,6.201931838775819,0.4195876492730051,0.464036498709764,-0.039095958867853345,0.0017221357188137848,0.2689244810166323,0.011088043031266103,0.012743965599551616,0.0003320075671706573,0.000663074864951815,-0.02095531994315177,0.07888239399796271,0.029307979445997757
4.049999999999555,6,4,101.0732393736606,16.669171634864085,0.16492171160399183,0.4154942117267218,1,29.603553667078078,3.8030566773827994,0.12846622132437277,0.12846622132437277,1,33.503966563084944,3.4335657375323105,0.10248236521688309,0.10248236521688309,2,19.60961065771229,4.598751025146456,0.23451516225477972,0.266652128280278,2,18.356108485785285,4.833798194802521,0.26333458415468325,0.4154942117267218,-0.03909317195859055,0.0017218188611494523,0.26892344726210615,0.01109083385341597,0.012747853174455814,0.0003430459764160089,0.00047300699864419,0.03136847688274759,0.05052621592851701,0.007072692276140362
4.059999999999553,6,4,101.28690182040597,16.83722254028564,0.16623297028218012,0.372427558721006,1,29.59914250051688,3.8078198779005814,0.12864629027121602,0.12864629027121602,1,33.50236009993817,3.436272295078709,0.10256806639377775,0.10256806639377775,2,19.613359657719656,4.588983852064821,0.23397235007917858,0.26702819131685085,2,18.572039562231268,5.004146515241529,0.26944517851545674,0.372427558721006,-0.039090364043092775,0.001721426054345331,0.2689224632248019,0.011093628825210316,0.012752237877189892,0.0003468482309384038,0.0008152905224398905,0.09236408687065875,0.1214641661733209,0.05123635877086478
4.069999999999553,6,4,97.39417127351794,15.411397793084543,0.15823737284856382,0.4357517673794689,1,29.62514225551134,3.789455051721552,0.1279134803484894,0.1279134803484894,1,33.51741441205962,3.401800550886183,0.10149352539741877,0.10149352539741877,2,16.008230617508186,3.5729561124301426,0.22319494251428412,0.2887871363707027,2,18.243383988438797,4.647186078046666,0.25473267903540714,0.4357517673794689,-0.03908779989797091,0.0017213275147594305,0.2689212037891319,0.011096256617341463,0.012753354925757332,0.00028571794092640645,0.00045700966680277475,-0.02682268778434984,0.08558131257203976,0.026517604126151482
4.079999999999551,6,4,101.02258188920136,16.54975035823444,0.1638222865496125,0.42128654667332394,1,29.600449137507315,3.8043964083033464,0.12852495550422985,0.12852495550422985,1,33.49743980645731,3.4400402924090785,0.10269561830053475,0.10269561830053475,2,19.588636729588536,4.555143266314304,0.23254008582607402,0.2734013368709478,2,18.336056215648206,4.7501703912077105,0.25906172708795794,0.42128654667332394,-0.03908483389629362,0.0017218400737845528,0.26892045275580667,0.011099324965402642,0.01275979560185084,0.0003478290252429492,0.0003771138917550251,0.016704626634279223,0.04761051977016026,0.013272329707966097
4.08999999999955,6,4,101.48270118456313,17.10232923667576,0.1685245764750816,0.3730592058207431,1,29.600490559068547,3.805038045300538,0.12854645221867136,0.12854645221867136,1,33.49919815036752,3.4348652839375258,0.10253574633397133,0.10253574633397133,2,19.81885295020632,4.940561852413566,0.24928596346248855,0.26819006628635356,2,18.56415952492074,4.92186405502413,0.2651272226150052,0.3730592058207431,-0.039082126397097475,0.0017217957767690917,0.2689194855342344,0.011102073849818208,0.012764422937571834,0.00030639969128301716,0.0007994475595349624,0.13642227097245693,0.16165023987842825,0.04855657927550484
4.0999999999995485,6,4,97.5102308851896,15.409796774696261,0.15803261498621665,0.4374765290251256,1,29.62249126888961,3.791073875882401,0.12797957610891073,0.12797957610891073,1,33.51035410338569,3.4073976785646494,0.10168193591903543,0.10168193591903543,2,16.134906442613953,3.6215973583687004,0.2244572889994384,0.305651991784596,2,18.242479070300345,4.589727861880511,0.2515956216363605,0.4374765290251256,-0.03907908293255442,0.0017217525115346703,0.26891832584820674,0.01110517196978864,0.012766011437165931,0.0002954602449635856,0.000447432552846739,-0.015707837015366398,0.08611348948156924,0.02821682701657103
4.109999999999548,6,4,100.94554994520945,16.417698988574067,0.16263915544058313,0.42196281116863205,1,29.596984250442848,3.8061513999152985,0.12859929808079512,0.12859929808079512,1,33.48901339911853,3.4473899027151984,0.1029409215980647,0.1029409215980647,2,19.52207831180636,4.468159175370598,0.22887722833630839,0.2895705767539243,2,18.337473983841715,4.695998510572972,0.2560875349958728,0.42196281116863205,-0.039076142632085774,0.0017222777049438612,0.26891759270132104,0.0111082153477929,0.012772601462976556,0.0003708310193114175,0.0004154615813570333,-0.00041773733465370015,0.06776059617216264,0.029205192582107704
4.119999999999546,6,4,101.47516145423695,16.999569490343895,0.16752443895356917,0.3723574676429368,1,29.597852756212436,3.8058633653335003,0.128585792918193,0.128585792918193,1,33.49142341931982,3.439654266579381,0.10270254039412328,0.10270254039412328,2,19.81831341685983,4.890344958983087,0.24675888690017256,0.2622810583268293,2,18.56757186184487,4.863706899447927,0.26194630809225644,0.3723574676429368,-0.039073230528440896,0.0017221380998913387,0.26891665723996483,0.011111147684857126,0.012777302033771316,0.000321290092956243,0.0007999748548609265,0.13224133866615956,0.1566401524684648,0.04781535630501704
4.129999999999546,6,4,97.700771439544,17.91604768707473,0.1833767269500114,0.44618130047950255,1,29.584600034464337,3.822852928865923,0.1292176647449187,0.1292176647449187,1,33.52082931258663,3.362293324531508,0.10030459846854121,0.10030459846854121,2,19.780956596874677,4.756462574392629,0.24045665087522278,0.2487446800215102,2,14.814385495618351,5.974438859284671,0.4032863098541435,0.44618130047950255,-0.03907036363460996,0.0017221230477085236,0.26891557044134606,0.011114069684966466,0.0127800591976412,0.0003051617878777258,0.0006263064144256245,0.008430190179494992,0.1194245738731998,0.0321116889368664
4.139999999999544,6,4,101.24936738208555,16.73885951237528,0.16532310220969296,0.41458923804396064,1,29.601128523894037,3.799633414038849,0.12836109984697996,0.12836109984697996,1,33.486201101190275,3.436277748511206,0.10261772418218747,0.10261772418218747,2,19.79217320691315,4.814161600135807,0.2432356239917243,0.2517023578327607,2,18.36986455008808,4.688786749689418,0.2552434035049505,0.41458923804396064,-0.03906748578742556,0.0017219148383121467,0.2689145544475754,0.011116965713743553,0.012783922108508114,0.00031203755210276306,0.00045044267638200515,0.06397557377713207,0.0766571614080629,0.029563419759075008
4.149999999999544,6,4,97.8126918902789,17.96201394096907,0.18363684296837374,0.45150203067479294,1,29.583966937468848,3.821627940308055,0.12917902282630886,0.12917902282630886,1,33.51535772493186,3.36399823090026,0.10037184321615648,0.10037184321615648,2,19.784319114511966,4.723934849526734,0.23877166670151856,0.24556686407538889,2,14.929048113366232,6.0524529202340185,0.40541452303413467,0.45150203067479294,-0.03906459807507396,0.0017214646475205966,0.2689135368260336,0.011119834231796301,0.012787844028835609,0.0003092222291788005,0.0007880352708826537,0.037384210668124015,0.0873381923296362,0.029421469574561973
4.159999999999542,6,4,101.30913839307743,16.754263044243068,0.16537760867372953,0.3959957500268814,1,29.599826751752666,3.7992634075279588,0.12835424475256418,0.12835424475256418,1,33.48097259000624,3.4353753432360046,0.1026067965618607,0.1026067965618607,2,19.764052071910363,4.743228018218972,0.23999268980677702,0.24016632972505095,2,18.464286979408158,4.776396275260131,0.25868295269602826,0.3959957500268814,-0.039061858948735664,0.001720875586706251,0.26891244010104776,0.011122543034263433,0.012791087315663505,0.00031467173434420647,0.0005187805930183577,0.08079352772631122,0.09477562478536812,0.022194161344246153
4.169999999999542,6,4,97.73868546031426,15.572411359448953,0.15932699816974685,0.41447811625491043,1,29.622103010540314,3.785328230168378,0.12778728872900955,0.12778728872900955,1,33.493760837037684,3.406719500718844,0.10171206265232732,0.10171206265232732,2,16.259008186785916,3.6633245739192795,0.22531045755278914,0.32161558069106727,2,18.363813425950347,4.717039054642451,0.2568659866679265,0.41447811625491043,-0.03905931290382704,0.0017198838685472573,0.26891118984284773,0.011125014928339177,0.01279281727735142,0.0002804740949874028,0.0006462098248930508,0.048731246492900865,0.05811031785163369,0.020518652303409386
4.17999999999954,6,4,94.22504882462702,17.06506238859749,0.18110961577063464,0.46553353712505857,1,29.60378963342553,3.810333496797737,0.128711004367343,0.128711004367343,1,33.52123429153543,3.3446166145035776,0.09977605792839613,0.09977605792839613,2,16.20981007228137,3.6976239398883086,0.22811025689999984,0.33120141228517336,2,14.89021482738469,6.212488337407866,0.41721952365539,0.46553353712505857,-0.03905667261659373,0.00171916738142537,0.2689101081894098,0.01112760575528685,0.012796210421753126,0.00025501086437419425,0.0006151451467721286,0.008963295835055698,0.08290910474730173,0.022945465256572737
4.189999999999539,6,4,94.53641158169657,17.155300618463112,0.18146765179084282,0.4714616218349709,1,29.599672113458553,3.8144883115253587,0.12886927587927452,0.12886927587927452,1,33.5178095759418,3.3493194673627067,0.09992656172158577,0.09992656172158577,2,16.206125927223592,3.7043235090822084,0.22857551062586537,0.331291682603301,2,15.212803965072634,6.28716933049284,0.4132814269432296,0.4714616218349709,-0.039053956628852464,0.0017184041992997403,0.26890907263234465,0.011130259462172576,0.012799885491930842,0.0002772813901816225,0.0011157367373056714,0.06860290986227971,0.07849267695252013,0.021128089466216936
4.199999999999537,6,4,97.5937920556,15.340855505807365,0.1571908948580208,0.41673531659460233,1,29.619489944311866,3.7856819070807455,0.12781050295593455,0.12781050295593455,1,33.48816593977865,3.4058873762098876,0.10170420746046982,0.10170420746046982,2,16.131508932236386,3.560609613311754,0.2207239030315641,0.2964209831283385,2,18.354627239273093,4.5886766092049776,0.25000107871363697,0.41673531659460233,-0.039051249191992515,0.0017182936524457561,0.2689080038540058,0.011133008882977214,0.012802617621693041,0.00027421534561693017,0.00027897785677095244,-0.004746784081261552,0.06884126585895893,0.01508359454911933
4.209999999999537,6,4,97.68762968486163,15.46086739353336,0.15826842603725583,0.3943399811761148,1,29.615274805247537,3.7914811163755906,0.12802451239465715,0.12802451239465715,1,33.484696076976675,3.417070861982065,0.10204873456598479,0.10204873456598479,2,16.12060996925541,3.533469779474304,0.2191895831617537,0.29273938602067506,2,18.46704883338201,4.7188456357014,0.2555278690318599,0.3943399811761148,-0.03904844904963657,0.0017184740947987014,0.26890712093714825,0.011135876204906922,0.01280759374384431,0.0002800830922683193,0.00045858726009503014,0.05506621163449875,0.06178397146934375,0.019398777902702755
4.219999999999535,6,4,94.32635794318226,16.93798744332495,0.17956791519002135,0.46247835749619093,1,29.59699667936017,3.8158938576406225,0.1289284145611194,0.1289284145611194,1,33.51111142923421,3.351537888917491,0.10001273446256688,0.10001273446256688,2,16.053043703097803,3.615146920671137,0.2252000921154604,0.304757279740184,2,15.16520613149007,6.1554087760957,0.4058902149252155,0.46247835749619093,-0.039045752571581764,0.001718075374771301,0.26890601288799815,0.011138574398930137,0.012810605533121223,0.00030528039973370106,0.0011101553823086262,0.03591506057672204,0.05526336647644117,0.012698725858130637
4.229999999999535,6,4,97.4105548788569,15.285852236574197,0.15692192961619206,0.44407331379900494,1,29.62049945678989,3.7802295690045273,0.12762207384514535,0.12762207384514535,1,33.47793760831203,3.4123707970624766,0.10192894308445213,0.10192894308445213,2,16.052844767623235,3.478895887469645,0.21671522635577858,0.2753415587369877,2,18.259273046131746,4.614355983037548,0.2527130171819795,0.44407331379900494,-0.03904295641935785,0.0017174148159398888,0.26890482509169156,0.011141338184531904,0.012812667916652226,0.00033347331986712626,0.000861512608108492,-0.02139694723961973,0.07874292054486279,0.028047780389125334
4.239999999999533,6,4,100.97505816190329,16.333530463447016,0.16175806937647763,0.4202950738752297,1,29.595037586932776,3.7986843005545543,0.12835544774681426,0.12835544774681426,1,33.457740487410575,3.4461609586804616,0.10300040912736404,0.10300040912736404,2,19.53181769742949,4.372541156245504,0.22386760023983626,0.29332938044154055,2,18.39046239013046,4.716144047966495,0.25644510441985896,0.4202950738752297,-0.039040061962996114,0.0017171735577090645,0.26890395943720635,0.011144231743689195,0.01281804246515147,0.0003814482359734629,0.0005191830969282901,-0.006752130226012551,0.07459050788121312,0.03436032136230585
4.249999999999533,6,4,98.1041875320428,15.724297915745314,0.1602816180564101,0.3675699529309363,1,29.61548337160399,3.788967639819044,0.12793874043102715,0.12793874043102715,1,33.476304245620106,3.412846924816208,0.10194813919050608,0.10194813919050608,2,16.39557439907469,3.6437655835144223,0.22224080076877722,0.3337649358536337,2,18.616825515744015,4.87871776759564,0.26205959568508447,0.3675699529309363,-0.03903735718121669,0.0017165050936327384,0.26890288596905976,0.011146893538160091,0.012821434034425304,0.00025323315157920644,0.0006520019107774957,0.12661579377719356,0.1493490380567536,0.046975729382122314
4.259999999999531,6,4,97.67736343921325,17.94764300870313,0.18374413862913425,0.46013430862347876,1,29.584463714258494,3.8115889461047487,0.12883752035929993,0.12883752035929993,1,33.489188680251075,3.366350195208422,0.10052050610570909,0.10052050610570909,2,19.748018512632605,4.566567081042687,0.23124178651754357,0.24058193184742632,2,14.855692532071082,6.203136786347271,0.41755958350347405,0.46013430862347876,-0.03903467939455721,0.0017154160031734292,0.26890158857972335,0.011149486274097738,0.012822394102674514,0.00031111578538053187,0.0005345879004720916,-0.009644348055923388,0.10906747835456782,0.03623585059601899
4.269999999999531,6,4,101.12301722904988,16.517157335514415,0.16333726769744256,0.43341239741117465,1,29.600527420933773,3.7899854115880034,0.12803776627668093,0.12803776627668093,1,33.45397640277047,3.433930645444972,0.10264641201697604,0.10264641201697604,2,19.72647882108187,4.594320763400616,0.23290120883057058,0.2513460014149987,2,18.342034584263757,4.6989205150808235,0.2561831673304217,0.43341239741117465,-0.039031941105670764,0.0017149082610634018,0.268900565230281,0.011152201171197315,0.012826228445103538,0.00034922975726587745,0.0006802888226216314,0.01272748884667245,0.060060716014142757,0.015906483780070063
4.279999999999529,6,4,101.2145780450011,16.573333006182295,0.16374452501114622,0.3980099699750423,1,29.59553797076882,3.795731956810688,0.1282535212084906,0.1282535212084906,1,33.451175019574535,3.439457517871966,0.10282023025676401,0.10282023025676401,2,19.65490172287022,4.505821201068804,0.2292466919753601,0.26794208572211997,2,18.512963331787525,4.832322330430838,0.26102370775690675,0.3980099699750423,-0.039029266485846974,0.00171435176421584,0.26889955574695656,0.011154844739793935,0.012830257382430432,0.0003379002677577998,0.0004963744361834898,0.04808113293445708,0.07169816638739566,0.020294591742661166
4.289999999999528,6,4,94.35671698212069,17.077135699078298,0.1809848439546088,0.4748807067456823,1,29.597591215561515,3.8080005712872427,0.12865913795326397,0.12865913795326397,1,33.49492472011326,3.3522107521325917,0.1000811549852397,0.1000811549852397,2,16.040513405624743,3.552751361645309,0.22148613774416387,0.29444199948041916,2,15.223687640821169,6.364173014013153,0.4180441141572101,0.4748807067456823,-0.039026735186742365,0.0017134642835877386,0.26889833484324444,0.011157317549767521,0.012832210023215905,0.0002800073148990145,0.0009982205356898176,0.03172928937191326,0.05846006472188084,0.013339825541096773
4.299999999999526,6,4,97.39105419531559,15.286883347329962,0.15696393753652627,0.43962653086339615,1,29.620426510802467,3.7737902279354927,0.12740499285380663,0.12740499285380663,1,33.46170880320799,3.4082222215717315,0.10185439845932147,0.10185439845932147,2,16.002822285528374,3.413936358064985,0.21333339189502004,0.260785715445397,2,18.30609659577676,4.690934539757752,0.256249851802921,0.43962653086339615,-0.039024116622098266,0.0017125451179193156,0.2688970640718616,0.011159876451773862,0.012833484538900698,0.0003359133008912254,0.0008891468174578019,-0.030520188277976014,0.09001971691611652,0.02755007922243249
4.309999999999526,6,4,97.4415565191827,15.336261453647932,0.15738933163109706,0.41381746304444444,1,29.615960477276765,3.779418234112693,0.12761423817446343,0.12761423817446343,1,33.45932068898431,3.414760532568676,0.10205707893205689,0.10205707893205689,2,15.93741447735583,3.361889958880821,0.21094324701522044,0.2490478143283501,2,18.42886087556579,4.780192728085742,0.2593862290437951,0.41381746304444444,-0.03902140669851986,0.0017122424113211621,0.2688961291829145,0.01116258677417174,0.012838298409839459,0.0003059847920475387,0.0004706973556080326,9.724151257137057e-05,0.06173557930431302,0.026292011431579533
4.319999999999524,6,4,97.5741615611546,15.472243821059116,0.15856906760466385,0.3670862891398447,1,29.611250187199538,3.7852014742713074,0.12782984339876297,0.12782984339876297,1,33.45777498492829,3.417154716648218,0.1021333522084939,0.1021333522084939,2,15.842006627232522,3.302149216794949,0.2084426104909293,0.23355545548896015,2,18.663129761794238,4.967738413344642,0.266179278435615,0.3670862891398447,-0.03901884769314945,0.001711641407622125,0.26889500533598226,0.011165121746609726,0.012841347566680733,0.0003003850986623494,0.0006719787271709506,0.051256092036298335,0.153957937533108,0.04693701793609869
4.329999999999524,6,4,97.7016737856006,18.021905385129838,0.18445851219169113,0.46973536980792613,1,29.583623379689392,3.80840074564514,0.12873341094045274,0.12873341094045274,1,33.47405278240176,3.367547778609151,0.10060173473764623,0.10060173473764623,2,19.732748551302812,4.5083364686232335,0.22846976724515047,0.24691023806064652,2,14.911249072206633,6.337620392252314,0.4250227704978202,0.46973536980792613,-0.039016401797263595,0.001710734386891943,0.2688936585020902,0.011167520849162697,0.012842125102744026,0.000302327213813536,0.0004951862114029204,-0.01664458693456739,0.09970222451031946,0.03597130119741591
4.339999999999522,6,4,101.0845848767587,16.467291016788632,0.1629060557241778,0.4300636182165086,1,29.59881575950371,3.7882460605359305,0.12798640632504307,0.12798640632504307,1,33.43809638301903,3.43464921423126,0.10271664914440191,0.10271664914440191,2,19.661547134447652,4.4823137015162375,0.22797360100228747,0.26870484587852334,2,18.386125599788304,4.762082040505205,0.25900410690983394,0.4300636182165086,-0.039013811293255825,0.0017104187964025854,0.2688926147498539,0.011170122909294766,0.01284594780990918,0.00034510426869841985,0.0005965816894968563,-0.004194958397033979,0.05951713513206108,0.01577712191762349
4.349999999999522,6,4,97.6686524214129,15.49662208762923,0.15866525956317737,0.39215523484685644,1,29.614196403667865,3.780730494170872,0.12766615182246208,0.12766615182246208,1,33.45203468816964,3.414599568921302,0.10207449563983861,0.10207449563983861,2,16.05455589310357,3.4157061719030617,0.21275619174058374,0.2679277759487253,2,18.54786543647183,4.885585852633994,0.26340421054743907,0.39215523484685644,-0.039011216706133646,0.0017100605305879852,0.268891600811537,0.01117271960102556,0.012850049868610786,0.00027988503763919103,0.0004307182498421776,0.04260727166841155,0.0747695604652206,0.020266454076107998
4.35999999999952,6,4,101.34202168952976,16.782570975760507,0.16560327785028206,0.4131039468025623,1,29.600138035321788,3.7859724457702506,0.1279038780580164,0.1279038780580164,1,33.436659704800114,3.4295186499833674,0.1025676212953482,0.1025676212953482,2,19.83846364199432,4.74534634524654,0.23919928633997287,0.24436608258827433,2,18.466760307413537,4.821733534760347,0.2611033800457489,0.4131039468025623,-0.03900867985494075,0.0017093477719197243,0.2688903645590365,0.01117522745306454,0.01285179214523479,0.00030292061957958895,0.0004910159046145136,0.05463049632538078,0.06906907050341562,0.030546920067475298
4.36999999999952,6,4,97.87698764189082,18.213669487300432,0.1860873523604958,0.4745027039836226,1,29.58197941450813,3.8090242060434774,0.12876164074995558,0.12876164074995558,1,33.46596287390594,3.36854633651334,0.10065589175501839,0.10065589175501839,2,19.811489849369714,4.6218591244519,0.23329185031477784,0.23452364156273134,2,15.017555504107047,6.414239820291714,0.4271161054498868,0.4745027039836226,-0.03900597698131423,0.0017089236646057274,0.26888929444341036,0.011177926372135275,0.0128552179788076,0.000292628339885496,0.000612418181722559,0.016339032391425777,0.1004162682917473,0.02578376036030247
4.379999999999518,6,4,97.86023210903087,15.575489889177346,0.15916056556890168,0.40374724801548506,1,29.616922190106028,3.7770110987923173,0.12752881864456814,0.12752881864456814,1,33.446937803057416,3.4096425092389304,0.10194184380392671,0.10194184380392671,2,16.29894960512788,3.5416673990652905,0.2172942112754942,0.306585722214454,2,18.497422510739547,4.847168882080807,0.2620456379404512,0.40374724801548506,-0.03900343046733593,0.0017085313601998026,0.26888818270560233,0.011180480661808318,0.012858392608600612,0.0002601372747974786,0.0004097125188929172,0.05109929715981258,0.058228336060200385,0.018012470197211368
4.389999999999517,6,4,94.40880152411344,17.200290240136972,0.18218947770186192,0.4834806703155162,1,29.59812965238078,3.8029706119632425,0.12848685564350662,0.12848685564350662,1,33.47438534155757,3.351235530210761,0.10011342989621053,0.10011342989621053,2,16.24206942069862,3.544302772767926,0.2182174377515667,0.3112619484886842,2,15.094217109476464,6.501781325195042,0.4307465089469985,0.4834806703155162,-0.03900076861724005,0.0017080989993058515,0.26888708649927956,0.011183140817274968,0.01286161576087245,0.00026206749372254874,0.0007078907372479678,0.014879652974350021,0.06311013395401659,0.014768480561251348
4.399999999999515,6,4,101.26289155660884,16.58366118268186,0.16376839459903356,0.3907888634430348,1,29.59329002248093,3.792648205365534,0.12815905911388695,0.12815905911388695,1,33.42525599280897,3.4384911407387047,0.10287104881046995,0.10287104881046995,2,19.650020496183608,4.42281560903288,0.22507943998795685,0.274814457781441,2,18.594325045135324,4.92970622754474,0.2651188583386874,0.3907888634430348,-0.038998096896141955,0.0017076354398478115,0.2688859611248337,0.011185808942784464,0.012864474057115393,0.0003339096297995119,0.00044078596564237164,0.039486103221893644,0.07570890017994811,0.021013474150107535
4.409999999999515,6,4,101.34069891350987,16.779095978979974,0.16557114919150345,0.4212829798404124,1,29.599795443065002,3.7844116036610322,0.12785262691900426,0.12785262691900426,1,33.425959600194076,3.429790665677488,0.10260859244434598,0.10260859244434598,2,19.869343286692974,4.755147437721895,0.2393208154446928,0.24787120113645725,2,18.44560058355782,4.809746271919559,0.2607530316040188,0.4212829798404124,-0.03899556365610999,0.0017071767424477128,0.2688847913532776,0.011188346199116702,0.01286702864238828,0.000304093145499259,0.0005381626389724341,0.04438301153875193,0.08955201375581824,0.03474158081434222
4.419999999999513,6,4,100.93581623430788,25.039666364619972,0.2480751362479104,0.7531649003569593,1,29.582916695320243,3.8033592206640043,0.12856606601152556,0.12856606601152556,1,33.4352259946913,3.4020560169858407,0.10175065117029579,0.10175065117029579,2,19.83566976411028,4.875353820943293,0.24578720451197103,0.24590983726710827,2,18.082003780186064,12.958897306026834,0.7166737416694361,0.7531649003569593,-0.03899266675213126,0.0017077639086135782,0.2688840478779001,0.011191358227362107,0.012873544136617782,0.00030818130049067757,0.0004133639069207332,0.05642159323155781,0.07188329719010392,0.02616004401487972
4.429999999999513,6,4,94.18873915547393,16.921673133724006,0.1796570724425137,0.47233202391258117,1,29.58893003630035,3.8133643585656483,0.12887807547915145,0.12887807547915145,1,33.46483366822714,3.3573850635024938,0.10032576575123187,0.10032576575123187,2,15.82750269785367,3.40889134080198,0.2153777134572374,0.25221461977934007,2,15.307472753092759,6.342032370853885,0.41430956456038937,0.47233202391258117,-0.038989943699561797,0.0017081612579202495,0.2688829632288932,0.011194204368490732,0.012876362463806426,0.00035895266891631085,0.0013272064967525237,-0.010874597416320379,0.10594097865202812,0.04427441752653987
4.439999999999511,6,4,97.72030270551926,17.866507436594823,0.18283311596399424,0.4644828840043765,1,29.575084852069597,3.8156574481556893,0.12901594254897558,0.12901594254897558,1,33.44964878636077,3.373647042114182,0.10085747278428228,0.10085747278428228,2,19.681442170844306,4.388965691957697,0.22300020770121323,0.26301405153967683,2,15.014126896244592,6.288237254367254,0.418821373884891,0.4644828840043765,-0.038987216302577184,0.0017085615456696123,0.2688819667711354,0.011197046492910347,0.012880595228321625,0.00033633088193216334,0.0007254567505928084,-0.02280091185174836,0.07741105624327607,0.03004444207046389
4.449999999999511,6,4,97.60814087544406,15.179317122361894,0.15551281876920428,0.4030572888876965,1,29.60921004314344,3.7876743716873316,0.12792216901998835,0.12792216901998835,1,33.432168120688104,3.422981223137431,0.10238585815854585,0.10238585815854585,2,16.077139273098688,3.363495629207881,0.20920983342079397,0.2622714434097302,2,18.489623438513835,4.605165898329251,0.24906758721417244,0.4030572888876965,-0.03898432340704597,0.0017095573819891493,0.2688811645997057,0.011200122871847965,0.012886597499127295,0.00029349520452863064,0.00012646186580377375,-0.00896591158621982,0.06860197711435076,0.01287890979353244
4.459999999999509,6,4,97.22441330656034,23.64433255054927,0.24319336827465163,0.7501519520205385,1,29.593949370210193,3.7970592817159163,0.1283052570718427,0.1283052570718427,1,33.439547570069834,3.3945959980509586,0.10151441166893363,0.10151441166893363,2,16.084553871812126,3.5813603766386146,0.22265835939129655,0.28918112977362664,2,18.10636249446819,12.87131689414378,0.7108725950933652,0.7501519520205385,-0.03898129932631854,0.0017105376229446358,0.26888038826145755,0.011203323325066345,0.01289286175280796,0.0003306282189673079,0.0006750019538196244,0.03756371760742162,0.07618146630855936,0.017537048814477093
4.469999999999509,6,4,94.2401285253801,16.693057938272133,0.17713322551100377,0.4562048110739015,1,29.585269485282655,3.8220548994638057,0.12918776695156037,0.12918776695156037,1,33.456511257207666,3.360532539768244,0.10044479873986477,0.10044479873986477,2,15.884866312568438,3.3845359319048764,0.21306669287024224,0.25485323535809323,2,15.313481470321339,6.1259345671352055,0.40003539227887014,0.4562048110739015,-0.038978485158619416,0.0017114007084874873,0.26887942149532884,0.011206318556425421,0.01289725468467951,0.0003797804255732842,0.0014011023478876627,-0.0004191008451211401,0.09647432688624712,0.03807088147091692
4.479999999999507,6,4,97.7028834739333,17.65368810489977,0.18068748308344143,0.4485470785858733,1,29.572173480043432,3.8200683177278485,0.12917780021498232,0.12917780021498232,1,33.441115279047736,3.3758119543293366,0.10094794764349335,0.10094794764349335,2,19.686679234923247,4.367313387919198,0.22184103960874157,0.26299581971520847,2,15.002915479918876,6.090494444923388,0.4059540596009757,0.4485470785858733,-0.038975713394699685,0.0017119652089733945,0.26887844306884795,0.01120922772126635,0.012901904070811515,0.0003401161149222076,0.0007168561822116879,-0.0235344689910509,0.07914360001718432,0.03200611536401727
4.489999999999506,6,4,101.16721421149275,16.275054001365376,0.16087280971621837,0.4070830352024531,1,29.58827951798197,3.797851196474009,0.12835660803345814,0.12835660803345814,1,33.405209375795756,3.4549472381178132,0.10342540288405278,0.10342540288405278,2,19.66726618502192,4.39477116513437,0.22345612876696172,0.27484883223526946,2,18.506459132693102,4.627484401639184,0.2500469899973665,0.4070830352024531,-0.03897286447621811,0.0017119570326730438,0.2688773942591511,0.01121213239065305,0.012905761430698043,0.0003484684066301316,0.00042419308802639673,0.014286631956565925,0.04586481083273777,0.0136385023121619
4.499999999999504,6,4,97.9300780441044,17.93222957531056,0.18311258331923813,0.45122598410877496,1,29.575976759320305,3.8155393283836028,0.12900805810855287,0.12900805810855287,1,33.43811292239741,3.371166045148926,0.10081807107275072,0.10081807107275072,2,19.869758341126342,4.61981058070525,0.23250461839504036,0.23626332731334168,2,15.046230021260355,6.125713621072784,0.4071261447164597,0.45122598410877496,-0.03897014402716411,0.0017118344468448675,0.2688763558747152,0.011214892314212905,0.012909808338288446,0.0002918576567074658,0.0006166973932569418,0.022296387871374546,0.11442544166586793,0.03381569340792695
4.509999999999504,6,4,97.93622883195124,15.321118827318646,0.15643974666012667,0.4013582598590379,1,29.611916874002258,3.7850641313024167,0.1278223273220623,0.1278223273220623,1,33.4185364294594,3.4199986875971646,0.10233837423778791,0.10233837423778791,2,16.3911285278132,3.476930002978273,0.21212267337654406,0.30609570882246623,2,18.514647000676376,4.639126005440792,0.250565187943973,0.4013582598590379,-0.03896751069991928,0.001711382581603979,0.26887522987503004,0.011217525200631904,0.012912908013073496,0.0002605566956564402,0.0005067750698744373,0.05457053275655845,0.06538956096758419,0.025127383405762177
4.519999999999502,6,4,94.37298583689532,16.821109482145772,0.17824072570107793,0.46053219870160583,1,29.594177901921736,3.808934350860272,0.12870552996888399,0.12870552996888399,1,33.445702374973834,3.3525850925931326,0.10023963781671831,0.10023963781671831,2,16.27338280364933,3.442549653454065,0.21154480878321552,0.29997834567477943,2,15.059722756350428,6.2170403852383025,0.4128256864899244,0.46053219870160583,-0.03896485315943816,0.001710939207646554,0.2688741530716596,0.011220178389839021,0.012916395861619386,0.00025635828699100457,0.0005691351406894325,-0.0011479812737591293,0.08206750864054635,0.026616081240164208
4.529999999999502,6,4,101.12669623541628,16.236305520690035,0.1605540982263772,0.4173759668449902,1,29.590422279723253,3.793797881338368,0.12821033256892914,0.12821033256892914,1,33.39490955830395,3.448818073862205,0.10327376595648317,0.10327376595648317,2,19.662222538470857,4.360184761411368,0.22175442032965934,0.27656841668047755,2,18.47914185891822,4.633504804078092,0.25074242296819194,0.4173759668449902,-0.03896212115454564,0.0017105097202855296,0.2688731223966685,0.01122290240729972,0.012920133329924309,0.0003545172604907819,0.000550293255921181,-0.0019227175623162058,0.057369260255591664,0.016195263837660123
4.5399999999995,6,4,101.4812744898104,16.64454183328825,0.16401589275427858,0.39102778919156866,1,29.591451457573573,3.793261686248985,0.1281877535371164,0.1281877535371164,1,33.39652855981779,3.4433972243026134,0.10310644168105718,0.10310644168105718,2,19.885793998082093,4.677626153127481,0.23522451019952334,0.23860091650356188,2,18.607500474336952,4.730256769609172,0.2542123686162489,0.39102778919156866,-0.03895948416713828,0.0017101463091518086,0.26887213591943193,0.011225538744956238,0.012924436488502958,0.0002947757988510678,0.00044444763746911693,0.08561756760941788,0.10249849420371912,0.03293647697608544
4.5499999999995,6,4,94.69782212010269,16.950068320754553,0.17899111026288694,0.46669081756209396,1,29.593061481496395,3.808836730581814,0.12870708672583128,0.12870708672583128,1,33.43852671201524,3.3542784813299997,0.10031179035542644,0.10031179035542644,2,16.32604929998434,3.4584376437827937,0.21183555067337148,0.30628667212500604,2,15.340184626606709,6.328515465059947,0.41254493469938325,0.46669081756209396,-0.038957084247841424,0.0017092503628072476,0.2688708688232801,0.011227889205115466,0.012925984416024652,0.0002465417955403688,0.0009048683812800778,0.05393818590083078,0.06286167813826365,0.017020483596996094
4.559999999999498,6,4,94.35788810254589,16.85412381376922,0.17861912928204332,0.4650527545376011,1,29.595374716124912,3.8034705581286947,0.12851570877581728,0.12851570877581728,1,33.43574251976231,3.352688614329481,0.10027259338858299,0.10027259338858299,2,16.26772556373205,3.410379325159338,0.2096408199043252,0.2945978556816654,2,15.059045302926622,6.2875853161517075,0.4175288133922911,0.4650527545376011,-0.03895444948931585,0.0017084441420385625,0.26886970924036907,0.011230473643691686,0.012928294410309056,0.00025936107501613805,0.0005223294233163365,-0.010531077390171926,0.08719330397344668,0.0308039408585366
4.569999999999498,6,4,97.59500163542916,15.128199505813013,0.1550099826046946,0.4220269305678301,1,29.61209094892095,3.777624756981131,0.12757034832485498,0.12757034832485498,1,33.40124268797128,3.4194490429211184,0.10237490487599604,0.10237490487599604,2,16.130432719345105,3.3091576983286943,0.20514996441230288,0.2562310855740322,2,18.45123527919182,4.621968007582069,0.25049639970687726,0.4220269305678301,-0.038951758410087085,0.0017080352862096962,0.2688687077725688,0.01123315815667227,0.012932184115616677,0.0003141015567212158,0.0006804617425562753,-0.010643184966948294,0.0640989680273596,0.01831251579090943
4.579999999999496,6,4,97.53101930039055,15.131517175092792,0.155145688865288,0.38773176344282617,1,29.607653616509058,3.782445833457418,0.12775229953880396,0.12775229953880396,1,33.398478312223745,3.4235595052975034,0.10250645173988333,0.10250645173988333,2,15.907444335750865,3.1719510501027135,0.19940041801522926,0.21842960502475983,2,18.617443035906884,4.753560786235158,0.25532833789619297,0.38773176344282617,-0.03894922848776597,0.0017074754798448097,0.2688676380374295,0.011235668254444976,0.012935637821316827,0.00030300854589382256,0.000432111196349586,0.00871715029722435,0.10593330232060424,0.03960709569284173
4.589999999999495,6,4,98.03321821419271,15.456283476705547,0.15766373641774284,0.3600580517809999,1,29.60735160090577,3.7857401102691357,0.12786486820230553,0.12786486820230553,1,33.39920350207945,3.420437463554366,0.10241074950608951,0.10241074950608951,2,16.260150363766744,3.371725941862877,0.20736130149056015,0.279299099082046,2,18.766512747440757,4.878379961019167,0.25995133068526255,0.3600580517809999,-0.03894675551644702,0.0017070885536011062,0.2688665900924968,0.011238146552052873,0.012939425013087183,0.00025948361018529186,0.0006510024001361042,0.09632339909371754,0.10850600537965266,0.04662935579943127
4.599999999999493,6,4,94.11126477597514,16.782333494229572,0.17832438586580115,0.467210020947839,1,29.595736181711576,3.7999760832213227,0.12839606556465671,0.12839606556465671,1,33.42623469001655,3.352852867023095,0.10030602902529417,0.10030602902529417,2,16.061471216951407,3.3058631674033845,0.2058256757895472,0.26062965036611385,2,15.027822687295618,6.32364137658177,0.4207955808480305,0.467210020947839,-0.03894433032052795,0.001706169863435589,0.26886523857901073,0.011240527875141721,0.012940014155449703,0.00027110293955090085,0.0004565975623267497,-0.05039640748229664,0.1120523036318031,0.03942263194011183
4.609999999999493,6,4,101.31839900431413,16.46092955094303,0.1624673278763724,0.42300984242891204,1,29.596429510661636,3.784713068076627,0.12787735313522347,0.12787735313522347,1,33.37932229869922,3.434674684524103,0.1028982749795957,0.1028982749795957,2,19.865326275886957,4.594830643135262,0.23129902722577406,0.23601879429352085,2,18.477320919066315,4.646711155207035,0.2514818666385884,0.42300984242891204,-0.03894176253830767,0.0017057023018057344,0.2688641411768881,0.01124309243092375,0.012943202295561519,0.00032111926548777394,0.0006830693403911612,0.024169702274596354,0.09091738911184147,0.026024933457195986
4.619999999999491,6,4,97.41016035321806,15.03098007089245,0.15430608076599767,0.4060714395221672,1,29.60810211766237,3.780130991541197,0.12767218163862668,0.12767218163862668,1,33.388151840045786,3.4253633775228134,0.1025921828178111,0.1025921828178111,2,15.867240490727006,3.124302103953627,0.1969026754072017,0.20675055741698262,2,18.546665904782905,4.701183597874814,0.25347863718526625,0.4060714395221672,-0.03893898938043261,0.0017056146138264261,0.26886325627777596,0.011245895195332188,0.012948385348903697,0.00032215387664253834,0.00042568709331961224,-0.02486397096719212,0.09078940580300106,0.046854369680815675
4.629999999999491,6,4,101.66305984360943,16.834972262278185,0.16559576593676997,0.3647244345934488,1,29.5914481632981,3.791400621777314,0.12812487583759893,0.12812487583759893,1,33.37687056378197,3.436928108644677,0.10297334802784562,0.10297334802784562,2,19.915774223439136,4.711074550502627,0.23654990750789398,0.24304539389430269,2,18.778966893090228,4.895568981353568,0.26069426551653946,0.3647244345934488,-0.0389366803877573,0.0017050709282539025,0.2688620760099061,0.011248202337337051,0.012950998822736558,0.0002710100717747738,0.000595207740769336,0.12274267404470102,0.14488903672927864,0.04271958300982096
4.639999999999489,6,4,98.25950877895477,18.167656249845372,0.18489463743112589,0.46785003794309166,1,29.57372957763031,3.8139320153870373,0.1289635115305819,0.1289635115305819,1,33.40371289862162,3.3761725072532918,0.10107177359294713,0.10107177359294713,2,19.841799033490165,4.5183668809774895,0.22771961722579298,0.2386741649156345,2,15.440267269212677,6.459184846227555,0.41833374601662054,0.46785003794309166,-0.03893408629013174,0.0017045959562524313,0.2688609921751053,0.011250790624955577,0.012954233922058625,0.0003057532398054446,0.001095238333634438,0.06769843470118618,0.07829301824221585,0.023213296546177722
4.649999999999489,6,4,94.51432523933666,16.951682312605847,0.1793556931150855,0.47140317607555887,1,29.595207056384606,3.8020651646988632,0.1284689496327967,0.1284689496327967,1,33.415190536154654,3.3538642355784347,0.10036944819900434,0.10036944819900434,2,16.387438354033367,3.392784211400083,0.20703566586201877,0.3022274441787515,2,15.116489292764031,6.402968700928464,0.423575115684661,0.47140317607555887,-0.038931375377230626,0.0017042055195079409,0.2688599017396352,0.01125350736842617,0.012957287258930868,0.0002501646603436621,0.0005172191384348061,0.002202739774278272,0.10210942117503989,0.030677085583237552
4.659999999999487,6,4,97.73407407352687,15.203403123503998,0.15555888023317477,0.3983781928886964,1,29.610961811997548,3.7773835507702027,0.12756706704608664,0.12756706704608664,1,33.381231925099,3.4172145611519373,0.1023693364229188,0.1023693364229188,2,16.15498000125723,3.2816982582831202,0.20313849091906822,0.2544981965443766,2,18.58690033517309,4.727106753298738,0.2543246409060124,0.3983781928886964,-0.038928918468553494,0.0017036648805593387,0.2688587158806255,0.011255961402490905,0.012959686859338413,0.00028307632079573454,0.00044955046246395434,0.015257349295273543,0.03756924675585363,0.009775964170785413
4.669999999999487,6,4,97.69713786936524,15.214601132555156,0.15573231175819305,0.375968411970693,1,29.606591887194917,3.7826759994006265,0.1277646550407804,0.1277646550407804,1,33.37825397833448,3.4232256885496497,0.10255856075550371,0.10255856075550371,2,16.003426742120546,3.1821486721156393,0.19884170580418994,0.22802109370507148,2,18.7088652617153,4.826550772489242,0.2579820157434137,0.375968411970693,-0.03892626018355571,0.0017035343217146474,0.26885775296567554,0.011258653035529967,0.012964228742867422,0.0002924538632170295,0.00045307089051548446,0.030296449672111272,0.10616056406413181,0.030003587364219816
4.679999999999485,6,4,94.601293778128,16.968519379270536,0.17936878769403988,0.4737926336531284,1,29.592424004457087,3.80563518223504,0.1286016712136137,0.1286016712136137,1,33.40816272739208,3.3560902937315262,0.10045719428263544,0.10045719428263544,2,16.272980549304247,3.3299485871463563,0.20463052709103918,0.2839800767146706,2,15.327726496974586,6.476845316157612,0.42255746913516645,0.4737926336531284,-0.03892384357943196,0.0017032464316871997,0.268856637852019,0.011261098734950282,0.01296748398461227,0.0002621252762810194,0.0008518302100054306,0.026240279125567853,0.037665139835507504,0.0063507015953264525
4.689999999999484,6,4,94.38890822439774,16.881458991782115,0.17885002919674176,0.4720073894237237,1,29.59437131499839,3.801272030053882,0.1284457773944129,0.1284457773944129,1,33.4052046113268,3.3545752892747775,0.10042073767562949,0.10042073767562949,2,16.27406088135092,3.3151908770102425,0.20371011889289714,0.28128786063804545,2,15.115271416721619,6.410420795443213,0.42410226179276783,0.4720073894237237,-0.038921100759993374,0.0017026500593789952,0.2688554460727349,0.011263826458792606,0.012969499507895364,0.00026715557148178023,0.00047855934426239104,-0.021167359309337018,0.08786842755568289,0.03474990713968053
4.699999999999482,6,4,97.4403142105494,14.994139283802696,0.15388024356534097,0.41765082137691406,1,29.61034838255339,3.776557967520004,0.12754182823952104,0.12754182823952104,1,33.37010735150455,3.42088974228822,0.10251359716210152,0.10251359716210152,2,15.94857153440367,3.1338229890302847,0.19649552828415495,0.2145185097702502,2,18.51128694208779,4.662868584964186,0.25189326920121125,0.41765082137691406,-0.0389185516889771,0.0017024659881582336,0.2688543950284364,0.011266411824057574,0.012973223569918393,0.0003199125096325578,0.0006082372751556591,-0.040903885178134314,0.10302890928144295,0.0380273356497674
4.709999999999482,6,4,97.41829056789155,23.63576840515979,0.2426214653057153,0.7447421979609313,1,29.597289599372402,3.787380022698295,0.12796374512545247,0.12796374512545247,1,33.3824050888327,3.3843328563725183,0.10138073776789282,0.10138073776789282,2,16.276428400459828,3.514666794760944,0.2159359970312437,0.29438640253750914,2,18.16216747922662,12.949388731328034,0.7129869684408088,0.7447421979609313,-0.03891592338800668,0.0017028664594157107,0.2688535305610386,0.01126914451638844,0.012978659905798311,0.0002657839379699525,0.00024145365466456427,0.025912000390684174,0.040142191708936355,0.00509526678636503
4.71999999999948,6,4,97.87255406807967,15.246323303050985,0.15577731109832607,0.35503536048535383,1,29.602887715347222,3.790026100891066,0.128028932087128,0.128028932087128,1,33.368560031966915,3.4268546754556763,0.10269710985948349,0.10269710985948349,2,16.08691852581343,3.2148795682546436,0.19984433706778434,0.24056017580432937,2,18.814187794952105,4.814562958449599,0.2559006538534371,0.35503536048535383,-0.03891328022783795,0.001703171527032447,0.2688525321675153,0.011271891052892188,0.012982595814136244,0.0002991497198097832,0.0007709958352356363,0.06112848677747719,0.12219644390478507,0.0424543543153782
4.72999999999948,6,4,98.25331966840645,18.02423322054516,0.18344655713796598,0.46085906326708925,1,29.56978795342818,3.819277875405265,0.12916149014732708,0.12916149014732708,1,33.38272824113463,3.379225525505423,0.10122676316615423,0.10122676316615423,2,19.829590254924035,4.4499990805548,0.22441205407407686,0.2449595473852225,2,15.471213218919608,6.375730739079671,0.4121028292262721,0.46085906326708925,-0.03891060361160638,0.0017033612515141906,0.2688515347981116,0.01127465300646629,0.012986814179670363,0.0003411841329485062,0.001225017899511258,0.059053074318957614,0.06696139781914698,0.01693036872463241
4.739999999999478,6,4,94.3811961826118,16.739932335615514,0.17736512157810067,0.46371615656244247,1,29.591649437243383,3.8076816816749286,0.12867419539252403,0.12867419539252403,1,33.394229106829314,3.355989021014848,0.10049607704010538,0.10049607704010538,2,16.250302052927246,3.263859924247173,0.20084918505617796,0.27292845759138396,2,15.145015585611862,6.312401708678562,0.4167973068760325,0.46371615656244247,-0.03890793174093673,0.0017034036989996759,0.26885046642717003,0.011277395330339437,0.01299038500550555,0.00027074018046310475,0.0005515450665763124,-0.019689445556969318,0.07717387126328763,0.03270599675763937
4.749999999999478,6,4,97.66667148557679,15.024762052829393,0.1538371465341503,0.40861760985374185,1,29.608058604355726,3.782221593331019,0.12774297848676255,0.12774297848676255,1,33.35941686461664,3.425740642288077,0.10269186227657535,0.10269186227657535,2,16.144297034647458,3.2099705617259633,0.1988299989053106,0.2427157453595377,2,18.55489898195696,4.6068292554843335,0.24828102055225834,0.40861760985374185,-0.038905164038426455,0.0017033119168999161,0.2688494212805338,0.011280209319993186,0.012994141130187545,0.00030347860831299127,0.0004902981549827699,-0.007063078636001685,0.06001377375848832,0.014697364372960852
4.759999999999476,6,4,101.46648814243612,16.42041943579675,0.16183096248237325,0.3783067390078814,1,29.587639532290908,3.7958042449218174,0.12829020175060638,0.12829020175060638,1,33.34386757102067,3.44655332985175,0.10336393408805306,0.10336393408805306,2,19.805652714934965,4.4295034530516855,0.22364844606769782,0.2547730486008323,2,18.72932832418958,4.748558407971497,0.25353596913769555,0.3783067390078814,-0.0389025826842525,0.00170318162682329,0.2688483732606608,0.011282834633676679,0.01299808323161409,0.0003117400856592474,0.0004375694206248537,0.06326468059461701,0.07077222220555429,0.021883614373258524
4.7699999999994755,6,4,94.38405813661092,16.73739072221734,0.1773328150183132,0.4652202379474779,1,29.589960671710532,3.809142815088649,0.12873091848109072,0.12873091848109072,1,33.38639791633728,3.3576397277735928,0.10056909212510666,0.10056909212510666,2,16.131290996632842,3.207313705953631,0.19882560587513476,0.2540122886421099,2,15.276408551930256,6.363294473401468,0.41654387886853367,0.4652202379474779,-0.03890002724187177,0.0017030233359587043,0.26884732851795395,0.01128542998863484,0.013002016013927047,0.0002773669330160456,0.0007204655575964902,-0.012348736498430345,0.06592858587344604,0.01606736427402449
4.779999999999474,6,4,98.32918527219205,18.105645207154762,0.18413297290153713,0.46224362142249553,1,29.570541105573533,3.818646697056746,0.1291368556098893,0.1291368556098893,1,33.37089834093036,3.378289322182458,0.10123459331746218,0.10123459331746218,2,19.871630670165246,4.474090641037716,0.22514964752012023,0.23791795072428648,2,15.516115155522913,6.434618546877841,0.41470551632168434,0.46224362142249553,-0.03889736778455347,0.001702810210274281,0.26884630167884277,0.011288117602217908,0.013005986314612457,0.000316175951292747,0.0011396433219953764,0.07008239014315254,0.08187595713578294,0.024417479904677592
4.789999999999473,6,4,97.72551419697295,15.025803819000796,0.15375517788236126,0.4256950693483468,1,29.61251273807408,3.7767569474933316,0.12753922576240526,0.12753922576240526,1,33.35092265782658,3.4171676030679317,0.1024609615190365,0.1024609615190365,2,16.277095912820137,3.282603729121618,0.20167011036263413,0.2633146468888884,2,18.48498288825216,4.5492755393179145,0.24610655940661624,0.4256950693483468,-0.03889491417109879,0.0017022598981316557,0.26884501561893126,0.011290578547509283,0.013007354354622564,0.00030964203068597595,0.000859695329129197,-0.019022593854997064,0.07903239372060734,0.03240519008147548
4.799999999999471,6,4,97.65790627715067,15.006381954126057,0.15366274504737307,0.4008708387360373,1,29.608324388386432,3.7815143881067876,0.12771794642962128,0.12771794642962128,1,33.34776641883083,3.4222151328369215,0.10262201941370393,0.10262201941370393,2,16.097119561884064,3.1601131043302004,0.19631543967735365,0.2314624781435397,2,18.604695908049347,4.6425393288521475,0.24953588877760408,0.4008708387360373,-0.038892317198921895,0.0017020178575919752,0.26884399350684535,0.011293200083951477,0.013011444395923309,0.00029437316253607873,0.00047670066740077797,-0.005709930493162463,0.05942627824651957,0.021779635369850555
4.809999999999471,6,4,97.6202835510028,15.027618894974047,0.1539395128587462,0.37328845158724927,1,29.604089028229428,3.7862812388717404,0.12789723863015257,0.12789723863015257,1,33.34469405621526,3.4266866396410167,0.10276557445283568,0.10276557445283568,2,15.923533220021724,3.056856680532925,0.1919710053224453,0.20199358014540125,2,18.747967246536383,4.757794335928365,0.25377654405745503,0.37328845158724927,-0.038889707895328814,0.0017017874292727876,0.2688429688559965,0.01129583584077182,0.013015428308903681,0.0003031420014489612,0.0004321012288325471,0.010268377735292654,0.12102253768455994,0.04520895503138018
4.819999999999469,6,4,101.43605640671713,16.44726507465407,0.1621441690192219,0.41170755409868215,1,29.594645028450387,3.787497420696991,0.12797914680361716,0.12797914680361716,1,33.33148958464588,3.4355905212886904,0.10307341688297339,0.10307341688297339,2,19.932799028139115,4.610600953014886,0.23130725125488422,0.2328444247358493,2,18.577122765481747,4.613576179653501,0.2483471869080831,0.41170755409868215,-0.038887437983973205,0.0017013199599315242,0.26884173100236347,0.01129812410159978,0.013017505035742286,0.00029516065982503205,0.0006071288965980147,0.038538276878895314,0.09876711955601429,0.035663265859970344
4.829999999999469,6,4,101.42155277632146,16.373941063467456,0.16144439337838873,0.40286319395638304,1,29.59059328135936,3.7925304433367715,0.128166759188498,0.128166759188498,1,33.32772760946232,3.4433053241130223,0.10331653464232611,0.10331653464232611,2,19.872206820308577,4.482622220354899,0.22557244199843188,0.2430441852273121,2,18.631025065191203,4.6554830756627625,0.24987798896587363,0.40286319395638304,-0.038884744194060156,0.0017013965866785365,0.2688408344432532,0.011300876221623872,0.013022748740365006,0.00030313467742991944,0.0003825599410054296,0.0411279208022085,0.05678724667372856,0.020195125041970498
4.839999999999467,6,4,98.01794597921412,15.23232207278297,0.15540340006730163,0.3666210285858571,1,29.60589469986736,3.7867588282762195,0.12790556970714298,0.12790556970714298,1,33.340222890715566,3.4224480243211546,0.10265222387803,0.10265222387803,2,16.27992136857196,3.236924916427429,0.19882927215338053,0.25963095875809855,2,18.791907020059234,4.786190303758167,0.2546942308010143,0.3666210285858571,-0.03888225245931107,0.0017011529526639914,0.26883975043068004,0.011303400730134394,0.013026252956165177,0.0002611143747744611,0.00046275515515226,0.06661170168559538,0.07424286808818333,0.03004700715897997
4.849999999999467,6,4,97.73949050079729,15.019415586958043,0.15366783180474555,0.396277809781188,1,29.608267469174745,3.7814184345646886,0.1277149511872498,0.1277149511872498,1,33.33593850581219,3.4209134166783857,0.10261938226463739,0.10261938226463739,2,16.157272588751436,3.163684498715601,0.19580560279202897,0.23650193931112667,2,18.63801193705892,4.653399236999369,0.24967251081896644,0.396277809781188,-0.03887968824740683,0.0017005722457895357,0.2688385266348507,0.011305960245983774,0.013028152416431467,0.0002958614502693032,0.0004744781978937494,0.0011916235544959224,0.05068910529378604,0.01619258083323382
4.859999999999465,6,4,100.88027657290439,24.701482115047522,0.2448593813796317,0.7374377770684178,1,29.575255217383813,3.8102994041229086,0.12883403291422088,0.12883403291422088,1,33.331433248947306,3.4105736455176876,0.10232304203796584,0.10232304203796584,2,19.750003968176056,4.4802024265867,0.2268456469075056,0.2751666354683627,2,18.223584138397225,13.000406638820227,0.7133836318964432,0.7374377770684178,-0.03887713539758145,0.0017011425027596814,0.26883771168021753,0.011308639821209216,0.01303419098896643,0.00031650757444561396,0.0003712865210137477,0.016763664791668825,0.04537493474371964,0.007327602717456312
4.8699999999994645,6,4,101.68110472995087,16.557836099850192,0.16284083600217777,0.3558053680548853,1,29.585628098683017,3.800156001754811,0.12844601402678932,0.12844601402678932,1,33.321075202467,3.4457050561636997,0.10340917978266767,0.10340917978266767,2,19.909623913263573,4.558693184727732,0.22896932682343538,0.23877966611058557,2,18.864777515537284,4.753281857203952,0.2519659642574149,0.3558053680548853,-0.03887464186887514,0.0017015048769113386,0.2688366910763779,0.011311250951583586,0.013038020285024753,0.0002982141723164614,0.00074722320605818,0.10821419424668893,0.13019782943870098,0.04060831077213562
4.8799999999994625,6,4,94.89268725356524,16.7926143005851,0.17696426127877604,0.4602976780905613,1,29.58926184270745,3.8179403825652063,0.12903128178258944,0.12903128178258944,1,33.361627615605606,3.3585577223363203,0.10067127902252838,0.10067127902252838,2,16.419939895491986,3.2571249294666242,0.19836399829702495,0.28501231126708293,2,15.521857899760196,6.3589912662169485,0.40967977591878296,0.4602976780905613,-0.038871945047241466,0.0017015945045284035,0.26883567175755413,0.0113140208781006,0.013041936519648212,0.00028508231221453475,0.001103481636450773,0.056892219016465524,0.06467939726003677,0.01879406638585541
4.889999999999462,6,4,94.27454062306593,16.529106409927763,0.17532948238926369,0.4568190579035694,1,29.59288892150071,3.8138207646075206,0.12887625722261234,0.12887625722261234,1,33.3583677667766,3.356341311211438,0.10061467439525622,0.10061467439525622,2,16.119629732834028,3.111833241509655,0.19304619852223842,0.23955858769495653,2,15.203654201954595,6.247111092599148,0.4108953682856069,0.4568190579035694,-0.03886936412779217,0.0017014774284842727,0.26883455202389833,0.011316656153020927,0.013045015233924987,0.00027513517575976766,0.000514014881969993,-0.043942200181333296,0.10201643082897555,0.03466359695074383
4.89999999999946,6,4,101.3243514118918,16.18205801671377,0.15970551788614346,0.41661607693088776,1,29.593466033460466,3.7974851466047057,0.12832174312772288,0.12832174312772288,1,33.310146521051145,3.4453509840309753,0.10343247760419196,0.10343247760419196,2,19.853283841829843,4.427312085908266,0.22300150046614195,0.24852698539861773,2,18.56745501555035,4.511909800169823,0.24300098190037744,0.41661607693088776,-0.03886670787022787,0.0017014461841055547,0.2688335158599603,0.011319369889758965,0.013048953509049856,0.0003265250846593095,0.0006137773438785611,0.008435944154454079,0.07798428684793927,0.02268906068511972
4.90999999999946,6,4,101.25483468917612,16.080900926832335,0.15881612938479608,0.4029710706244574,1,29.590526007647966,3.805043583459337,0.12858992714343387,0.12858992714343387,1,33.30550858571533,3.4528753944432475,0.10367280191974547,0.10367280191974547,2,19.71855777729906,4.251590399313768,0.2156136593421858,0.2786104475344239,2,18.64024231851376,4.571391549615981,0.24524313962783675,0.4029710706244574,-0.03886399947125156,0.0017015373467591508,0.2688325833672751,0.011322142677999955,0.013053986589620032,0.00034197132991893743,0.0004187874391614456,0.0011977514867185382,0.05136773558632999,0.015443763892067941
4.919999999999458,6,4,98.17971678607753,15.13880780091403,0.15419486118400377,0.37904298530852737,1,29.614562031667045,3.799301902263876,0.12829167955282464,0.12829167955282464,1,33.321955854876755,3.4236486093489753,0.1027445274899107,0.1027445274899107,2,16.51051489870699,3.278567361829927,0.19857450733330467,0.28668066474836607,2,18.732684000826737,4.637289927471251,0.2475507475205684,0.37904298530852737,-0.03886145696586262,0.0017014946183664937,0.26883156963418287,0.011324740652851169,0.013058365335466166,0.00024374146619328207,0.0003747100551308277,0.07374339132697369,0.08736738946729826,0.027802195908452655
4.929999999999458,6,4,98.14675965513966,15.192893831418608,0.15479771196524675,0.3541228388144703,1,29.612420578132866,3.805077287799069,0.12849598963918904,0.12849598963918904,1,33.31866423811542,3.4266713631700103,0.10284540036422034,0.10284540036422034,2,16.343055031134313,3.200821702064876,0.19585210329201946,0.26050048928570874,2,18.872619807757065,4.760323478384652,0.25223437587759034,0.3541228388144703,-0.03885879979889154,0.001701268598803811,0.2688305183064712,0.011327427789113546,0.01306219207120378,0.00026667438525836606,0.0006121112864841385,0.08793436434697921,0.09852833963478569,0.04174947143343657
4.939999999999456,6,4,94.54632490564835,16.681385499438957,0.17643610702040502,0.4602078510863278,1,29.59741100255668,3.8296107774312986,0.12939005972855158,0.12939005972855158,1,33.34481736336105,3.3607258219687184,0.10078705141331648,0.10078705141331648,2,16.054189713666045,3.0906196835773665,0.1925117205352627,0.22898998035377582,2,15.549906826064575,6.400429216461573,0.41160563134264233,0.4602078510863278,-0.03885628884786512,0.0017009385063946794,0.2688293819528254,0.01132996439559866,0.013065270151234513,0.0002993467564487331,0.001031747950694919,0.007130908716746811,0.07924593878374682,0.03035319145542548
4.949999999999456,6,4,97.88334718225776,17.603418599823417,0.1798407911720268,0.45218329453077183,1,29.584184574382963,3.83329054078973,0.12957228992239955,0.12957228992239955,1,33.32890845973584,3.3767097419359433,0.10131474140580679,0.10131474140580679,2,19.73296151426254,4.141806221106413,0.20989278361044836,0.2669444243637858,2,15.237292633876422,6.251612095991331,0.4102836538094956,0.45218329453077183,-0.03885390159394799,0.001700513851034878,0.26882816040825713,0.01133237409679755,0.013067550561838694,0.00030921248549730464,0.0005059473514176833,-0.03657411384799011,0.094848532195484,0.03512073178021113
4.959999999999454,6,4,101.41286269929066,16.249039938492,0.16022661727510484,0.4150490069562375,1,29.607130274914713,3.809128769529819,0.12865579116113074,0.12865579116113074,1,33.29672832259926,3.4394288586770108,0.10329630062610659,0.10329630062610659,2,19.91947118612419,4.488349440158228,0.2253247286647243,0.23617199682537846,2,18.589532915652487,4.512132870126942,0.2427243810051678,0.4150490069562375,-0.03885143669020311,0.0017002718181589067,0.2688270416692283,0.011334877048084951,0.01307084194863439,0.00031236038873609103,0.0006775730138197927,0.020139508938490258,0.09776918450234645,0.027292313904885276
4.9699999999994535,6,4,97.89223844510681,14.96812407030343,0.1529040944210998,0.397552005780026,1,29.626251448326574,3.8054882590278996,0.12844987377715822,0.12844987377715822,1,33.308294339297866,3.421628823084883,0.10272602938565874,0.10272602938565874,2,16.302844072953437,3.179540179115853,0.19502978528701861,0.25181057925115996,2,18.654848584528942,4.561466809074794,0.2445191012087744,0.397552005780026,-0.03884901457667268,0.0017002295801141231,0.2688260265777389,0.011337357258405905,0.013075290150417734,0.00026918295052779224,0.0004648555562716209,0.015470178657187684,0.034436548246696286,0.007247767103421653
4.9799999999994515,6,4,101.56865683938622,16.383019662609232,0.16129995386781798,0.38170489225333304,1,29.607730384746446,3.8189435631076534,0.12898467776763894,0.12898467776763894,1,33.292607249500676,3.4434523040682308,0.10342993801183521,0.10342993801183521,2,19.903992942632243,4.467760916910052,0.22446555973905025,0.2410633719475177,2,18.764326262506856,4.6528628785232975,0.247963226253437,0.38170489225333304,-0.03884656111430905,0.001700059307842188,0.26882497352350654,0.011339853096509003,0.01307928510691832,0.0002839374110468953,0.00037210992536218604,0.06922803168350777,0.08122542680457773,0.02404510388995837
4.989999999999451,6,4,98.20914734448684,15.190900197090468,0.15467907631664454,0.3529385053643059,1,29.626990341037917,3.816086719653362,0.12880440016775843,0.12880440016775843,1,33.30469084375531,3.4229537155832745,0.10277692507766018,0.10277692507766018,2,16.381690125479185,3.184616956049415,0.19440100085254547,0.2615220255706171,2,18.895776034214432,4.7672428058044165,0.25229145377106543,0.3529385053643059,-0.03884407240440252,0.0016997675647189726,0.2688238769963768,0.011342369976263297,0.013082769284617572,0.00025313249393947725,0.0005809270295537737,0.09060789958454836,0.1019787374010398,0.041404416276083066
4.999999999999449,6,4,94.70092344749945,16.705846746304047,0.17640637639151935,0.4610638905225364,1,29.61235356533542,3.840729207357831,0.12970023469711084,0.12970023469711084,1,33.33070600552219,3.359310557720593,0.10078726076681445,0.10078726076681445,2,16.177737030892317,3.0720471025904263,0.1898934997351098,0.2386397028464352,2,15.58012684574952,6.433759878635198,0.41294656598963564,0.4610638905225364,-0.03884154592545908,0.0016993568909687419,0.2688227307867027,0.011344911432140324,0.013085670018514949,0.00028865638231764367,0.0010025114005970375,0.019777857950696958,0.06043042169056797,0.016306620709944174
5.009999999999449,6,4,97.93071610711284,17.625792937075826,0.17998227356774776,0.45286460187552,1,29.599252789695388,3.845313599731349,0.12991252269280415,0.12991252269280415,1,33.314698806388236,3.3755821329563704,0.10132410779319692,0.10132410779319692,2,19.748326645620764,4.131641743613416,0.20921477640889727,0.265251350629535,2,15.26843786540846,6.27325546077469,0.41086426234782786,0.45286460187552,-0.03883925275189748,0.0016988968524450745,0.26882148353480656,0.011347226699077973,0.01308775700712747,0.00030226732201068846,0.0004910030895996209,-0.035084269399142574,0.09299492610612976,0.03520234368005194
5.019999999999447,6,4,101.44094692308616,16.239438494213246,0.16008760748779483,0.4127313123083437,1,29.622260623238024,3.8214168168687137,0.12900490159994388,0.12900490159994388,1,33.28234524917586,3.437173067775279,0.10327316305513028,0.10327316305513028,2,19.92278418510328,4.4673495592966015,0.22423319541035538,0.23704988601237323,2,18.613556865568995,4.513499050272651,0.2424845011015405,0.4127313123083437,-0.03883684906570343,0.0016986340707441476,0.2688203483037713,0.011349668662378664,0.013090912956003647,0.0003101796875281233,0.0006798072984014811,0.019166167301535097,0.09723128761046933,0.026728828238275628
5.029999999999447,6,4,97.92232952997065,14.949191355406462,0.15266376348645821,0.39531882700326876,1,29.64153033477774,3.817046107305145,0.12877358436607744,0.12877358436607744,1,33.293834580877764,3.419678971193044,0.10271207910539475,0.10271207910539475,2,16.30828590608261,3.14912061168493,0.19309942380335518,0.24766664818713735,2,18.678678708232543,4.563345665223342,0.24430773378055207,0.39531882700326876,-0.038834458679264966,0.0016985833218843424,0.2688193228943389,0.011352117960182553,0.013095267305628122,0.00026801960034165614,0.0004597016001751282,0.014079919690033579,0.035184249689915466,0.007311470099248005
5.039999999999445,6,4,101.59703704937827,16.36906750358854,0.16111756778529704,0.3797533050909345,1,29.623135198302233,3.8314179304292915,0.12933870452202773,0.12933870452202773,1,33.27806066565008,3.4418036047534915,0.10342560641780886,0.10342560641780886,2,19.907977580055814,4.440709947059689,0.2230618318310985,0.24196585902936954,2,18.78786360537014,4.655136021346066,0.2477735691042321,0.3797533050909345,-0.03883201314708313,0.001698414064192952,0.26881826515710405,0.011354607186286066,0.013099210109268577,0.00028394214777912165,0.0003656603074127937,0.06787644634701884,0.07929897926383807,0.023155179636099612
5.049999999999445,6,4,94.62352518698326,16.616675703646465,0.17560829266094932,0.4593749152553289,1,29.62924109896493,3.84703963408881,0.12983929022141585,0.12983929022141585,1,33.320155727344826,3.3547913460645797,0.10068354342388039,0.10068354342388039,2,16.29285752111261,3.0615388934305647,0.1879068106661684,0.24873120477301433,2,15.38127083956089,6.35330583006251,0.4130546751521792,0.4593749152553289,-0.03882962657497124,0.001698137680493006,0.2688171198666533,0.011357031612943788,0.013102270357255781,0.0002535148099254997,0.0006146212470655218,-0.0071550271170871815,0.059135336163965185,0.02070834276159687
5.059999999999443,6,4,97.71519615948029,14.832678001595031,0.15179499795903517,0.38827342562330264,1,29.647127071117428,3.824030440967227,0.12898485683938804,0.12898485683938804,1,33.2848124013903,3.4222547830938934,0.1028173072398313,0.1028173072398313,2,16.064303198730567,3.0002560348083045,0.1867654013804589,0.20453202632204345,2,18.718953488241986,4.586136742725605,0.24499963342535758,0.38827342562330264,-0.0388271721616955,0.0016977463308506138,0.26881594756513055,0.011359508485264286,0.013104955297492947,0.00029630053458023185,0.00043185599645512255,-0.013104334627870492,0.07167167319732366,0.03381098633867619
5.0699999999994425,6,4,97.98192425706813,15.017787552020863,0.15327100040023478,0.3668751827800801,1,29.649402855231614,3.828694410509545,0.12913226041022863,0.12913226041022863,1,33.2843987882159,3.4202791647865523,0.10275922922776291,0.10275922922776291,2,16.217069167365562,3.0914951215223674,0.19063217216484105,0.23147503283517315,2,18.83105344625505,4.677318855202397,0.24838328182497832,0.3668751827800801,-0.03882486163399194,0.0016976146231139663,0.2688148610262191,0.011361873849969195,0.013108758844585339,0.0002587177299886297,0.00037807418688677797,0.03979782254979401,0.07471838584789489,0.021153122573814867
5.0799999999994405,6,4,94.77154871135322,16.6715630527411,0.17591316465153342,0.4591209899897531,1,29.639024410423062,3.852789316023668,0.1299904228517309,0.1299904228517309,1,33.313953903429365,3.352697317325217,0.10063942956288018,0.10063942956288018,2,16.471421917645948,3.1178801567702097,0.18929028546284782,0.27119106097355494,2,15.34714847985485,6.348196262622006,0.4136401150321083,0.4591209899897531,-0.038822392969297084,0.0016976318222108606,0.26881382910807516,0.011364411333602607,0.013112940276323946,0.0002346817076628596,0.0005358969618938094,0.006346858339854763,0.09470010586174099,0.02746048644756285
5.08999999999944,6,4,98.23645553590622,15.171322948840919,0.15443679096601443,0.34876259671571314,1,29.651043910112392,3.8391711790951843,0.12947844908036601,0.12947844908036601,1,33.2797579707075,3.4262399159325314,0.10295266927566818,0.10295266927566818,2,16.352053704654807,3.1180307978175423,0.19068129631508962,0.248677686567562,2,18.953599950431517,4.78788105599566,0.25261064222718566,0.34876259671571314,-0.03881965978566885,0.0016977455093362109,0.26881292788155003,0.011367209750347896,0.013118253808871851,0.0002789390681236542,0.0007228851123611991,0.09079527350725194,0.10232616581925204,0.04644361831045458
5.099999999999438,6,4,94.21465389674634,16.35939099301484,0.17363955941443845,0.447343128662653,1,29.63974089956069,3.8594395793718963,0.13021165038015226,0.13021165038015226,1,33.307200423617466,3.3556601112449873,0.10074878910764161,0.10074878910764161,2,15.985740274281483,3.0208143661918703,0.18896931354826782,0.2095288624027891,2,15.281972299286696,6.123476936206087,0.4006993872441391,0.447343128662653,-0.038817229822344805,0.0016977986252978577,0.26881166686620245,0.011369738568717412,0.01311958318203765,0.0002917955614843711,0.00048666313635812176,-0.08407497221765135,0.15492815945003718,0.04399292895868772
5.109999999999438,6,4,98.23225338690017,17.830136269534542,0.1815099995650949,0.44445150293334346,1,29.62602314548317,3.8686991146558034,0.13058448971223569,0.13058448971223569,1,33.293509449240034,3.3728883006946897,0.10130768298358767,0.10130768298358767,2,19.9391698134621,4.41383660366367,0.22136511424280214,0.23292999674627995,2,15.373550978714864,6.174712250520379,0.4016451540096007,0.44445150293334346,-0.038814830761976164,0.001698299623995707,0.2688107121637143,0.011372271962313734,0.013124655269533558,0.0002777011341458655,0.0006744161369478133,0.020531927195870225,0.10647957847786708,0.03184703429406902
5.119999999999436,6,4,98.02637439303392,14.821852786546327,0.15120270313291947,0.40773485037133345,1,29.665987479078197,3.838222421121578,0.12938124590757233,0.12938124590757233,1,33.27236610788226,3.4230197781728853,0.10287876032242768,0.10287876032242768,2,16.462173039607187,3.1561342912323678,0.1917203933914959,0.262641253125056,2,18.62584776646627,4.404476296019496,0.23647118516394497,0.40773485037133345,-0.03881212205175199,0.00169867744446326,0.2688097520612042,0.011375092036917434,0.013129423461107629,0.0002698271412710635,0.0005568427214567911,0.009009677232905734,0.07870432622849043,0.02369036750608611
5.129999999999436,6,4,97.83568116454755,14.770181616831064,0.15096927257029508,0.3951254503821156,1,29.66482050561939,3.843382261034159,0.12956027360105243,0.12956027360105243,1,33.267953334316616,3.4290381490429724,0.1030733124633142,0.1030733124633142,2,16.211716775241506,3.0446844981870775,0.18780765420457582,0.22335389970337868,2,18.691190549370045,4.453076708566854,0.2382446798562512,0.3951254503821156,-0.03880942122344186,0.001698975057226195,0.26880881623948394,0.011377889887826939,0.013134560323655682,0.0002938804966363096,0.00041428451704337383,-0.005021630659231316,0.05913604831044041,0.016848194101100222
5.139999999999434,6,4,101.45381541157954,16.073032358038756,0.15842708618530912,0.3789912103835125,1,29.645884585543826,3.8580977353214907,0.13013940347061895,0.13013940347061895,1,33.2506471872202,3.452195630382827,0.10382341164504218,0.10382341164504218,2,19.756762051965218,4.211270761573713,0.2131559184899337,0.2769630022390377,2,18.8005215868503,4.551468230760726,0.24209265736245167,0.3789912103835125,-0.038806956367952,0.0016989771710460078,0.26880775665153894,0.011380424598053527,0.01313865877152908,0.0003216398957638814,0.00038965532332572696,0.030392134870966175,0.059005204289632955,0.011357024202419344
5.149999999999434,6,4,98.40274756309901,15.093693237933453,0.15338690851345274,0.34835254587388953,1,29.670612132620402,3.8512138839807375,0.12979893595611544,0.12979893595611544,1,33.2667179515943,3.4212863686227406,0.10284412107022346,0.10284412107022346,2,16.532278767958545,3.1592413213264496,0.1910953332972719,0.2710993836859907,2,18.933138710925764,4.661951664003524,0.24623237251799393,0.34835254587388953,-0.03880458931661604,0.0016987231971506303,0.26880661301743536,0.011382833799398848,0.013141923992488388,0.00023358631167306603,0.0005362894456083912,0.10363330988495142,0.12077363655286344,0.03926464123605231
5.159999999999432,6,4,94.82632027657085,16.532687256361122,0.17434702947601272,0.4506598282747222,1,29.656588127911427,3.8753625067946222,0.1306745904174765,0.1306745904174765,1,33.29235821010357,3.3565771857361946,0.10082125046694769,0.10082125046694769,2,16.349630865018376,3.0115773008023643,0.18419848898521168,0.24667371221371365,2,15.527743073537485,6.28917026302794,0.40502797046829037,0.4506598282747222,-0.03880195310108325,0.001698496730704823,0.26880556008565426,0.011385502357183126,0.013145746876950512,0.0002698861021445662,0.0008187495914414166,0.01773816988932566,0.03368556494656115,0.005651285405673431
5.1699999999994315,6,4,94.60427342961246,16.608406339863595,0.17555661850963417,0.45162815284645064,1,29.655346600217126,3.879958796565139,0.13083505139463558,0.13083505139463558,1,33.287608785603695,3.361258343603668,0.10097626312699737,0.10097626312699737,2,15.991601756160284,2.9983218417636195,0.18749352863346574,0.20677297462987188,2,15.66971628763136,6.368867357931168,0.4064443312836705,0.45162815284645064,-0.03879945775540769,0.0016983723681820494,0.2688045130256049,0.011388047099519445,0.013149787177348386,0.0003155818481064177,0.0010973550520666355,-0.0038688414363887737,0.10450962050155438,0.04508514054933581
5.1799999999994295,6,4,98.18958659616877,17.78362972985687,0.1811152317301921,0.4435180299447739,1,29.647709592434893,3.8804985160015226,0.13088695785767196,0.13088695785767196,1,33.2752700539126,3.3708335826071596,0.10130146433509733,0.10130146433509733,2,19.941815476343432,4.355232366442335,0.21839698454781403,0.23196034579680286,2,15.324791473477845,6.1770652648058535,0.40307662753495305,0.4435180299447739,-0.03879716288007868,0.0016980266881957498,0.26880328134044246,0.011390381189946992,0.01315206511304169,0.000266923342881078,0.0004492053235164955,0.003421606753623116,0.12700966026009794,0.036873259355626624
5.189999999999429,6,4,98.05392118634714,14.790364239135275,0.15083908996384593,0.4069426108068648,1,29.687479489108906,3.8490121469773166,0.12965102505213882,0.12965102505213882,1,33.25420116802674,3.416521377531318,0.10273954139714041,0.10273954139714041,2,16.46928301397484,3.122703111651627,0.1896077144950323,0.2578391315098487,2,18.64295751523666,4.402127602975013,0.2361281786635628,0.4069426108068648,-0.03879461795022545,0.0016977037994589377,0.268802144330483,0.011392954726881498,0.013155066013988168,0.0002885474231792211,0.0007635556212649707,0.003243309559021832,0.08462692323465053,0.025852671604868822
5.199999999999429,6,4,97.87634985230675,14.753859631530561,0.1507397819166102,0.3922395012614231,1,29.686121235816774,3.8545260181764056,0.12984269610560842,0.12984269610560842,1,33.24994272032045,3.4220946229424767,0.10292031633639746,0.10292031633639746,2,16.22133870765746,3.014018401606446,0.18580577447554597,0.21903490832464648,2,18.71894718851206,4.463220588805234,0.23843331272093876,0.3922395012614231,-0.038792076528461776,0.0016974837715341008,0.2688011030993595,0.011395530177950855,0.01315908222043802,0.00029664548709599386,0.0005119236115063394,-0.007133327677920593,0.06038050876323568,0.01769150555597837
5.209999999999432,6,4,97.97611804399008,14.821813513928445,0.15127986094808973,0.38016053259833743,1,29.688919796337768,3.8582671017531243,0.12995646619076573,0.12995646619076573,1,33.248875283533174,3.421163583304686,0.1028956183970244,0.1028956183970244,2,16.25630443444824,3.0312494407447623,0.18646608477147697,0.2259443381739751,2,18.782018529670903,4.511133388125873,0.24018362994368297,0.38016053259833743,-0.03878979033338161,0.001697419042767945,0.26880004863187384,0.011397879274796092,0.013163240464472778,0.00026433558795003597,0.0003787561971091061,0.018479960180969746,0.04653769203335172,0.012019149349007954
5.219999999999436,6,4,98.26768369617463,14.942349884986529,0.15205761775341617,0.3722374844648224,1,29.69218603376409,3.86204795958998,0.13006950566719142,0.13006950566719142,1,33.247894970515894,3.4203814890828026,0.10287512915076229,0.10287512915076229,2,16.500460223814766,3.112971402893468,0.18865967134665626,0.26081276189776065,2,18.82714246807988,4.546949033420278,0.24151031103787077,0.3722374844648224,-0.03878733761517904,0.0016973887091074433,0.2687990417180789,0.011400392293560891,0.01316769410232964,0.00024085569852430868,0.0003527396033071319,0.06337925891515081,0.07371612221818966,0.01887864292906122
5.229999999999439,6,4,98.05834764282744,14.942401600698378,0.15238275944772514,0.3494569572351236,1,29.69058072332544,3.867333608750856,0.13025456271094796,0.13025456271094796,1,33.24387668697171,3.423994732572464,0.10299625295849835,0.10299625295849835,2,16.16652010923489,2.9865832026012615,0.1847387800479844,0.21171256117643553,2,18.957370123295405,4.664490056773798,0.24605153702421664,0.3494569572351236,-0.038784932932096026,0.0016971071373405033,0.2687979143685704,0.011402833438190808,0.013170929078540056,0.0002716983816121252,0.0005621829111929818,0.0529701773574106,0.11805637619476653,0.038610917407853836
5.239999999999442,6,4,98.03720414670299,14.795032020445788,0.15091242298491586,0.38735581997496094,1,29.69986174554877,3.8612955531543456,0.13001055648796253,0.13001055648796253,1,33.24168412465176,3.416784225868335,0.10278613481362323,0.10278613481362323,2,16.348301003594322,3.047866695924867,0.18643323824627195,0.23680827996836465,2,18.747357272908133,4.46908554549824,0.23838482834892843,0.38735581997496094,-0.038782677060105804,0.0016966337921009603,0.26879664890299115,0.011405114397943021,0.013172821329834246,0.00026923581472649096,0.0005068459920464579,0.013859990632032977,0.03529745837298692,0.006705215246347224
5.249999999999446,6,4,101.57157461367999,16.148247338804545,0.1589839224234065,0.39419318588136615,1,29.682152814522926,3.8755186398056227,0.1305673029858334,0.1305673029858334,1,33.224738248395596,3.4422301514018567,0.10360443250649477,0.10360443250649477,2,19.914669127128388,4.360366106004276,0.21895247559320224,0.2456427312253411,2,18.750014423633083,4.470132441592789,0.23840688015463604,0.39419318588136615,-0.03878010919423501,0.0016967956765330638,0.2687957311445607,0.011407760054994848,0.013178076913705879,0.0002980915310321722,0.00039682341742173637,0.03671165335987322,0.060361835794203705,0.020121442725869493
5.259999999999449,6,4,97.97932538170147,14.81368814864639,0.15119197943990928,0.3739200595174778,1,29.70177317101477,3.8701737452858387,0.13030110098149447,0.13030110098149447,1,33.23595007351083,3.423056841085964,0.10299259788015365,0.10299259788015365,2,16.212301903876924,2.988965189149666,0.18436402226354426,0.2157759003531366,2,18.82930023329895,4.531492373124921,0.24066175147131263,0.3739200595174778,-0.03877771954578726,0.00169669515215231,0.26879465485715653,0.011410208232397218,0.013181895570228348,0.00027072755429158476,0.0003497354288438196,0.02080243072498373,0.06716129468167406,0.01904126240985288
5.2699999999994525,6,4,98.34526831817233,15.006212402761768,0.15258702995463694,0.34823418936455247,1,29.70460564381244,3.8741487979172415,0.13042249556759353,0.13042249556759353,1,33.235433898721375,3.4188387658712047,0.10286728243986408,0.10286728243986408,2,16.437672810954595,3.056995630193743,0.18597496527345786,0.2476958258272925,2,18.967555964683925,4.65622920877958,0.24548387875850253,0.34823418936455247,-0.03877537323977857,0.0016963400641857027,0.2687934871220938,0.011412585694651343,0.01318479715711788,0.00024411176924025278,0.000513109597348678,0.0855636359755843,0.09650261652413278,0.03790867549234446
5.279999999999456,6,4,101.82651183042694,16.387807082920553,0.16093850990605854,0.3506567534411763,1,29.68668241331741,3.8874399880861685,0.13094895327011238,0.13094895327011238,1,33.21869753299244,3.4429841144709865,0.10364596959442655,0.10364596959442655,2,19.921526295933553,4.365435721062509,0.21913158942814517,0.24592103730512216,2,18.999605588183545,4.691947259300887,0.2469497189046365,0.3506567534411763,-0.038772914020894896,0.001696352551309411,0.26879249778076314,0.01141511005230495,0.01318943185198358,0.00028899772098688037,0.0006702187512979594,0.10646840415726919,0.12342556176777106,0.043226446326429226
5.289999999999459,6,4,94.94887014653978,16.58909355538628,0.17471607118424293,0.45068031932328473,1,29.693458731293727,3.9017593227820724,0.13140130821708673,0.13140130821708673,1,33.259325905938404,3.3556652499393946,0.10089396458093114,0.10089396458093114,2,16.313650714640822,2.9538566843191942,0.181066564191437,0.2341278618521819,2,15.682434794666822,6.37781229834562,0.4066850831424814,0.45068031932328473,-0.03877047063973217,0.0016960610836731325,0.26879134193877774,0.011417591352009196,0.013192307343339189,0.00027314061769281937,0.0009487814353663748,0.02689257580687535,0.040677980686568825,0.007352591160024162
5.2999999999994625,6,4,94.76846634060861,16.421036407859457,0.17327532081019853,0.4481256458022484,1,29.70222961712036,3.8965300566498935,0.13118644986852887,0.13118644986852887,1,33.25843105029733,3.349188528439063,0.100701940009558,0.100701940009558,2,16.446227063166198,2.9581288526440996,0.17986671601228676,0.2479097645735471,2,15.361578610024722,6.217188970126402,0.4047233118391337,0.4481256458022484,-0.03876820158733038,0.0016955355576530225,0.2687900484182307,0.011419881175162787,0.013193925749261818,0.00023705526864777627,0.00040469671317788943,-0.019712782030068758,0.10430400392786815,0.038727658341093395
5.309999999999466,6,4,94.55818332044682,16.433689797153875,0.17379447468297893,0.4486598408844477,1,29.700856401726778,3.9016467372778383,0.13136478909917898,0.13136478909917898,1,33.253463881356076,3.354036521767619,0.1008627712810423,0.1008627712810423,2,16.154051344057073,2.9166175094396465,0.18055021909489244,0.21253164464476773,2,15.449811693306891,6.26138902866877,0.4052728378159654,0.4486598408844477,-0.038765699027484474,0.0016953741186335467,0.2687890154182151,0.011422427188525612,0.013198044514672385,0.0002727257713525066,0.0005519570572509407,-0.04070078425688259,0.09999375537154082,0.026826225669781233
5.319999999999469,6,4,101.35445200036918,15.855198731901165,0.15643317505030183,0.4078387814590673,1,29.70166676633722,3.8904065268431043,0.13098276798567912,0.13098276798567912,1,33.20372814019022,3.442996435140663,0.10369306785683549,0.10369306785683549,2,19.75402151959358,4.123212570637077,0.20872775533565927,0.28099854273659497,2,18.695035574248152,4.398583199280321,0.23528081462114125,0.4078387814590673,-0.03876324842325724,0.0016952432365181349,0.2687879216918652,0.011424933160779948,0.013201530792278602,0.00034610206169740406,0.0006439560334503489,-0.0261701250351933,0.08059710937814507,0.024950948768852704
5.3299999999994725,6,4,98.2474637118146,14.806960433804027,0.15071086697196273,0.39019272952408,1,29.726603038031104,3.880146681889061,0.13052775242852158,0.13052775242852158,1,33.219361224703924,3.4149177597888785,0.10279901942392979,0.10279901942392979,2,16.548993561318607,3.078236354541663,0.18600746583989802,0.2590794906882533,2,18.752505887760968,4.433659637584425,0.23643024906223878,0.39019272952408,-0.03876077673487867,0.0016951467914573812,0.26878687413274915,0.011427460158042304,0.01320556790698014,0.00025960199045225047,0.0005169256292822007,0.031274054259060324,0.06855072284337789,0.02198374343170171
5.339999999999476,6,4,97.99431386081645,14.747556281992072,0.15049400012064335,0.37882669548337045,1,29.72506914111619,3.8856380680439417,0.13071922724880278,0.13071922724880278,1,33.21477607538947,3.4210640586924748,0.10299825749020527,0.10299825749020527,2,16.237720487219217,2.956707147518478,0.18208880672910435,0.21246911001553445,2,18.81674815709156,4.484147007737176,0.23830616057042853,0.37882669548337045,-0.03875825657571435,0.001695077871680159,0.2687858461985451,0.011430036885296832,0.013209742656463843,0.0002839680550936678,0.00036974330968412813,0.008452150804213803,0.053249264063938526,0.01863162118062499
5.349999999999479,6,4,101.53874143373741,16.014415224006072,0.15771729093625636,0.37520076550506287,1,29.706163269127117,3.902206432801143,0.13136016245008017,0.13136016245008017,1,33.19692725416184,3.446659859960321,0.10382466526410872,0.10382466526410872,2,19.7644531909052,4.128266317383965,0.20887328769022692,0.28073308433516214,2,18.87119771954325,4.537282613860643,0.24043426820555092,0.37520076550506287,-0.038755820719466344,0.0016950542094584513,0.26878481590354564,0.011432537749450735,0.013213997322051245,0.00032176490267632707,0.0003786280142568604,0.02764545593508256,0.063169145603101,0.014424334651313596
5.3599999999994825,6,4,98.49039705506149,15.007234111256968,0.15237256179267009,0.34667547709123847,1,29.730821942629433,3.8933209974883187,0.13095234988797583,0.13095234988797583,1,33.21278378436925,3.416399293389193,0.10286398501160973,0.10286398501160973,2,16.554038073096528,3.0600759573407834,0.1848537464894436,0.2576832146373413,2,18.992753254966285,4.637437863038673,0.24416880484803122,0.34667547709123847,-0.038753425106776054,0.0016947496048146044,0.2687836635239579,0.011434970447281863,0.013217022125771638,0.00023726853671121018,0.0005052438644540387,0.09714596479471983,0.11224836034954853,0.03746187401515451
5.369999999999486,6,4,98.1950533374009,14.92270339691113,0.15197001162203466,0.3453928455030015,1,29.7294361479764,3.8985491042047222,0.13113431027752895,0.13113431027752895,1,33.20789801334354,3.423969029007648,0.10310706891570899,0.10310706891570899,2,16.241250332443983,2.939302750570574,0.18097761504845103,0.21161791486974393,2,19.016468843636993,4.660882513128186,0.24509716033256831,0.3453928455030015,-0.03875089167917254,0.0016947699312227485,0.2687826814703843,0.011437568782910006,0.013221656209717372,0.00028535075414494357,0.0006588451182828432,0.06359826461989579,0.118493530187099,0.04238223215018869
5.379999999999489,6,4,94.92379951161365,16.56768412002939,0.17453667262868447,0.44883651656804224,1,29.719135816553862,3.920866654792779,0.13193070885354669,0.13193070885354669,1,33.23616079347468,3.354414309953466,0.10092664826113262,0.10092664826113262,2,16.252691366754043,2.914467393455519,0.17932213980370384,0.22183124212772834,2,15.715811534831063,6.3779357618276284,0.4058292343155277,0.44883651656804224,-0.03874863062822083,0.0016945205635022524,0.26878148516419276,0.011439882212593832,0.013224340475537968,0.00027015847472836,0.000937131269053246,0.016912825032997007,0.051480232761111536,0.014867933134321464
5.3899999999994925,6,4,95.16415469235167,16.64801707762208,0.1749399984841149,0.4492620690032537,1,29.722240412748867,3.924528819127801,0.13204014114105742,0.13204014114105742,1,33.234470758307324,3.3539573306250783,0.10091803040933695,0.10091803040933695,2,16.43872739483835,2.9482273192394706,0.17934644503960778,0.24348478133150303,2,15.768716126457132,6.421303608629728,0.407217908999954,0.4492620690032537,-0.03874622028896887,0.0016945576343689538,0.26878046781421544,0.011442365892851334,0.013228753537764471,0.000270005722466248,0.0010595479506319708,0.05091563720093065,0.05637022270872773,0.013771847666684147
5.399999999999496,6,4,98.2508235698819,17.683858254020763,0.17998687045552283,0.44034124322244667,1,29.70997683186579,3.927842749429646,0.13220618688658117,0.13220618688658117,1,33.21829578898396,3.3693694345121625,0.10143113469504152,0.10143113469504152,2,19.91426144510752,4.196888232605414,0.21074787253214927,0.24118355674622202,2,15.408289503924625,6.189757837473539,0.4017160915815447,0.44034124322244667,-0.038743796220952816,0.0016942319916689937,0.26877925194665536,0.011444830590161275,0.013231008268928895,0.0002807982440856578,0.00043745144321833253,-0.010939093341422325,0.11406479056972524,0.038616588304648494
5.409999999999499,6,4,94.64673029043978,16.408333253300523,0.1733639736201,0.44598557256732096,1,29.729665074938794,3.9238895670655207,0.1319856633828425,0.1319856633828425,1,33.228203908841444,3.352296422649623,0.10088707869514535,0.10088707869514535,2,16.20940489760235,2.8803666036787137,0.17769724563452477,0.2129152173076389,2,15.479456409057192,6.251780659906666,0.4038759821209667,0.44598557256732096,-0.03874138032452981,0.0016942077515633908,0.26877820828110527,0.01144731360932271,0.013235158187807808,0.0002661755208538984,0.0005368425620800392,-0.03700717375689051,0.09420035055577997,0.02793823293701151
5.4199999999995025,6,4,98.14674652428654,14.690757762494057,0.14968155626899776,0.39367381870003976,1,29.752237874394154,3.8986648645217343,0.13103770146571278,0.13103770146571278,1,33.19539772976337,3.4136549501932634,0.1028351875155435,0.1028351875155435,2,16.449321361528735,2.9948963925445726,0.18206808212458916,0.23783693332195466,2,18.749789558600277,4.383541555234487,0.2337915069144771,0.39367381870003976,-0.03873896120823464,0.0016938839604714374,0.268777030778058,0.011449769828485341,0.01323784283298119,0.0002793081363488403,0.0006146362468031024,0.006339851796882148,0.06043031355317513,0.01781383625163226
5.429999999999506,6,4,101.59426588359956,16.03406329356185,0.15782449092090187,0.39158086173305806,1,29.733768907910758,3.9142206982028913,0.1316422654095997,0.1316422654095997,1,33.177996047899015,3.438371789720649,0.10363410088893488,0.10363410088893488,2,19.890471840360803,4.263060960734267,0.21432678897460167,0.2544906426029789,2,18.792029087428983,4.418409844904042,0.23512148817712072,0.39158086173305806,-0.038736536773398875,0.0016938758316623094,0.26877600674244356,0.01145226168203741,0.013242161118359562,0.00030709917721828895,0.0004519396007789816,0.022971585870875687,0.054218339307058404,0.012147750442459904
5.439999999999509,6,4,101.70774829871665,16.15826366444266,0.1588695446976732,0.38068649221858053,1,29.73681768225634,3.9165999217619842,0.1317087781083912,0.1317087781083912,1,33.17691716991881,3.436665902772805,0.10358605307333367,0.10358605307333367,2,19.945487093756732,4.346095773984771,0.2178987032783557,0.24319579795839588,2,18.848526352784766,4.4589020659231,0.23656502277507344,0.38068649221858053,-0.03873415616654418,0.0016938554559834218,0.26877495496388204,0.011454711658180829,0.013246237868681482,0.0002848658191699275,0.00036264842163814034,0.0515844982716724,0.06153959059878063,0.024632770404211354
5.449999999999513,6,4,98.31974982474621,14.803543221925597,0.15056530603782797,0.3688337246471298,1,29.756762922301156,3.9112092297994785,0.13143933834510707,0.13143933834510707,1,33.18771543350814,3.4184078999860503,0.10300220594680157,0.10300220594680157,2,16.487857969583153,2.985640344816064,0.18108115379960102,0.24054150323477058,2,18.887413499353766,4.488285747324005,0.23763368909552235,0.3688337246471298,-0.03873144108952613,0.001693745881812217,0.2687739572590072,0.011457471597852627,0.01325051570497905,0.0002632987215632161,0.00034816490596382315,0.05026600193599378,0.056407183826375586,0.011132513849423016
5.459999999999516,6,4,97.94975291192875,14.703505605914184,0.15011273810087913,0.35555242785630586,1,29.755139413024555,3.9165509853756304,0.13162603377557222,0.13162603377557222,1,33.18293159651912,3.4239239209935164,0.10318328599250963,0.10318328599250963,2,16.04509405990518,2.8067135239872365,0.17492658587779095,0.17560551816918143,2,18.96658784247991,4.5563171755578,0.24022861747187388,0.35555242785630586,-0.03872894290238536,0.001693651938307782,0.26877289454628017,0.011460027613967161,0.013254372463018783,0.0003018187273911028,0.0004646780902323213,0.012775825634847023,0.12951068707637337,0.04676340974224915
5.469999999999519,6,4,98.5832999462401,15.007092047499576,0.15222752794523323,0.3441760943795459,1,29.762260026880863,3.91852314520491,0.13166080605658823,0.13166080605658823,1,33.18497650388416,3.414862871697568,0.10290388095642838,0.10290388095642838,2,16.60701690600162,3.0624374542732644,0.18440623452165744,0.2618463732213338,2,19.02904650947346,4.611268576323834,0.24232788406019978,0.3441760943795459,-0.0387266646254004,0.0016935806861908837,0.26877179356835235,0.011462374930153856,0.01325810883947549,0.00023052720890691448,0.0005379093318178771,0.10531091286280608,0.12311485136760558,0.03915376298745205
5.479999999999523,6,4,94.98229453556189,16.482292313310392,0.17353015521371018,0.4449208411931057,1,29.747988876643035,3.9424267713283303,0.13252750589885323,0.13252750589885323,1,33.20982910130976,3.3529260234234486,0.10096185720182502,0.10096185720182502,2,16.382480953251005,2.8773728633967344,0.17563718655358712,0.228620336406039,2,15.64199560435809,6.309566655161879,0.4033735090300077,0.4449208411931057,-0.038724023890055415,0.0016933838828481179,0.26877072239924465,0.01146505696842169,0.013261689504022818,0.00027325370892815267,0.0007778956411799436,0.008826608032809784,0.03838327431429838,0.008692063653570855
5.489999999999526,6,4,98.48087923753961,17.704171192986703,0.17977267597584676,0.44049259795207935,1,29.729057821050358,3.9555883962406186,0.13305461680120154,0.13305461680120154,1,33.19219887957159,3.375369295336605,0.10169164470191228,0.10169164470191228,2,19.772397595704035,4.009643859544806,0.20278996718212788,0.2736402021906422,2,15.787224941213626,6.3635696418646726,0.40308348462509963,0.44049259795207935,-0.03872171377063082,0.0016932184491078252,0.26876959535205386,0.011467424640857628,0.013265086692920213,0.00032399560194890944,0.0010469268429674997,0.02305667313019917,0.05390334398269158,0.013293631837638417
5.499999999999529,6,4,95.31684158979364,16.646764658761597,0.17464662467943234,0.4457715634374728,1,29.75384644152402,3.9493268789983507,0.1327333219508295,0.1327333219508295,1,33.20608950712439,3.351933041390402,0.10094332368378524,0.10094332368378524,2,16.549276760646645,2.938057787566713,0.17753390858464993,0.24965520113725412,2,15.807628880498582,6.407446950806134,0.40533890308563714,0.4457715634374728,-0.03871924146909296,0.001693300169337623,0.26876859984444773,0.011469974234185545,0.013269675890373185,0.0002653910678827852,0.0010514951076479038,0.06163301777282744,0.07121441162658536,0.019966280256785953
5.509999999999533,6,4,98.29875027291668,17.652640598482815,0.17958153638242622,0.4367598738656315,1,29.741496496377362,3.952321264095553,0.1328891188974624,0.1328891188974624,1,33.18971806152995,3.3673792457578458,0.10145850710497475,0.10145850710497475,2,19.92452765791427,4.170147622274952,0.20929718856439328,0.24110712542522886,2,15.4430080570951,6.162792466354466,0.3990668426494181,0.4367598738656315,-0.03871688117886019,0.001692978931979624,0.26876736120106753,0.01147238038082988,0.013271789670130433,0.00027722767945488136,0.00042180387836844926,-0.011763937412436483,0.11718970986936643,0.03973131647188424
5.519999999999536,6,4,94.80773055833205,16.36706226423977,0.17263425849192393,0.4424179164609724,1,29.76133565183054,3.9482595664171587,0.13266405824680494,0.13266405824680494,1,33.199537761806496,3.350195795151565,0.10091091686841816,0.10091091686841816,2,16.332521267595197,2.844896264316209,0.17418598253783824,0.21952322535821242,2,15.514335877099816,6.223710638354838,0.4011586888189939,0.4424179164609724,-0.038714372307351926,0.0016928795132592279,0.26876631234446646,0.011474945072580369,0.013275788887179518,0.0002633945756622349,0.0005141021140268036,-0.026362779509399255,0.07955005771196982,0.029042277628132974
5.529999999999539,6,4,98.082833392337,14.56706796123375,0.1485180174492374,0.4005999259578201,1,29.78392144641985,3.9224499720397454,0.13169689488659458,0.13169689488659458,1,33.16610818386172,3.412275173919388,0.10288440099763543,0.10288440099763543,2,16.39795266252493,2.9248914796374166,0.1783693086467934,0.22280171833221465,2,18.7348510995305,4.307451335637201,0.22991649694750696,0.4005999259578201,-0.03871202883286613,0.0016927206751545802,0.26876516223064906,0.01147734933457448,0.01327886840643905,0.0002931719347206084,0.0007355953028698447,-0.01581007600888382,0.06792727943019142,0.027433377202005643
5.539999999999543,6,4,95.06121422891039,16.468655460200004,0.1732426373235983,0.4428329587468041,1,29.767182371892346,3.9547756340164,0.1328569020946603,0.1328569020946603,1,33.195550868438794,3.349411473131746,0.1008994092734353,0.1008994092734353,2,16.466293233341112,2.8805392445878977,0.1749355002834125,0.23607849118135626,2,15.632187755238128,6.283929108463962,0.40198654256556665,0.4428329587468041,-0.038709671076551884,0.00169282587759119,0.2687641944706799,0.011479787046593031,0.013283917643918232,0.00024676064416830176,0.0007068284368110575,0.015132671027784128,0.05522762566361879,0.012957858015176972
5.549999999999546,6,4,101.68483847789167,16.03604312715207,0.15770338397733333,0.3837809185299031,1,29.768314529675912,3.941000256420358,0.13238909621475514,0.13238909621475514,1,33.14718418964466,3.4347442249861855,0.10362099553720813,0.10362099553720813,2,19.922740574689684,4.267274241096233,0.2141911262207308,0.24988558625020293,2,18.846599183881413,4.3930244046492914,0.233093746080536,0.3837809185299031,-0.03870724743880695,0.0016925344237355363,0.26876302504450794,0.011482252817900246,0.01328665985384993,0.0002993254695232129,0.00043878089018735866,0.03387147189670309,0.055887579398435513,0.017640220992018948
5.559999999999549,6,4,97.99687706203122,14.562148983476494,0.14859809230715357,0.38622472159195204,1,29.788345897998138,3.933970505803004,0.13206408033778666,0.13206408033778666,1,33.157311482274494,3.418765409223705,0.10310743713498415,0.10310743713498415,2,16.233924006121374,2.8499740033667904,0.17555669241103644,0.1969417763965064,2,18.817295675637215,4.359439065082993,0.23167192248178184,0.38622472159195204,-0.03870470682238361,0.0016927306770385506,0.26876208489375164,0.011484880882650242,0.01329173674665866,0.0002891060187075386,0.0004177722690362002,-0.012327344534106882,0.06701113924828576,0.023551506946410256
5.569999999999553,6,4,98.2301407355157,14.674035325620714,0.14938424414081317,0.3688810786968347,1,29.79117913997439,3.93736577399375,0.13216548950593618,0.13216548950593618,1,33.15595274862592,3.415956967624508,0.10302695849287803,0.10302695849287803,2,16.379945758372152,2.891880644288147,0.1765500745208538,0.21737902837091977,2,18.903063088543234,4.42883193971431,0.23429176102144714,0.3688810786968347,-0.03870229473852351,0.0016925356067006537,0.26876096450647013,0.011487344379564285,0.01329509629975368,0.00026684576978339597,0.00034807180708301363,0.029574363358674593,0.04287157122491775,0.007496780428428457
5.579999999999556,6,4,98.35013159587868,14.721210083425378,0.14968165110256207,0.36689521594095426,1,29.794225224805373,3.9405717253453174,0.1322595803586988,0.1322595803586988,1,33.15408900490133,3.4158927100429617,0.10303081196222806,0.10303081196222806,2,16.483765896118857,2.9275635827863646,0.17760283670830745,0.23197216979989488,2,18.918051470053125,4.4371820652507346,0.2345475205136586,0.36689521594095426,-0.03869985257637306,0.001692570414495247,0.26875994537905634,0.01148986047785473,0.013299483551860237,0.0002542408591990608,0.0003361831172444,0.04843404416328863,0.05428099280820674,0.010886426060489281
5.589999999999559,6,4,95.18525798978062,16.69264382425794,0.17537005390110003,0.4440727424163519,1,29.7739092392786,3.973220199159385,0.13344637303850576,0.13344637303850576,1,33.1790406539215,3.3572117324975363,0.10118471379312592,0.10118471379312592,2,16.231430012472863,2.8397787322279706,0.17495554797363966,0.20690683064389953,2,16.00087808410766,6.522433160373048,0.40762970170063584,0.4440727424163519,-0.03869718848430225,0.0016924465268852952,0.26875894443999854,0.011492569508764674,0.01330383316712249,0.000339482813223781,0.0014157518942592472,0.04568665186429248,0.11233667303905945,0.034900258112689264
5.599999999999563,6,4,101.672624085152,15.898056649807925,0.1563651650860621,0.3945918021366698,1,29.783443433448017,3.9518533002061673,0.13268624593515185,0.13268624593515185,1,33.135704343812215,3.431720684138256,0.10356564775358693,0.10356564775358693,2,19.981599706165238,4.3370021938401635,0.21704979869564697,0.23970457089337846,2,18.771876601726518,4.177480471623339,0.22253931028073776,0.3945918021366698,-0.038694789690030644,0.0016927829284194803,0.2687577834626818,0.01149510279663746,0.013306284880044037,0.00029173649112665677,0.00041672894055941215,0.0033169011360501995,0.12182606812623736,0.030275427083451125
5.609999999999566,6,4,94.94597016964659,16.252575128596526,0.1711770926091641,0.4310781752646448,1,29.783498141893258,3.9755854919780247,0.1334828257257664,0.1334828257257664,1,33.17617353750958,3.3515738142048686,0.10102351949707278,0.10102351949707278,2,16.353737345351647,2.8273764922785176,0.17288870626763278,0.217948108089156,2,15.632561144892101,6.098039330135117,0.39008574945684027,0.4310781752646448,-0.03869220440016968,0.0016933883277587545,0.26875690754428383,0.011497828333836755,0.013311936081679458,0.0002873809685310892,0.000821205917278389,-0.006847405326444393,0.05710304655022638,0.01590753809814002
5.619999999999569,6,4,95.0422009108706,16.28999673588891,0.1713975116292337,0.4310989891696953,1,29.786700755680247,3.9783383302839086,0.1335608922557578,0.1335608922557578,1,33.17371709761792,3.3514038072032006,0.1010258753139199,0.1010258753139199,2,16.392568213581875,2.8304408587683434,0.1726661022171751,0.22200829604526703,2,15.689214843990564,6.129813739633456,0.3907023901824735,0.4310989891696953,-0.03868974922228824,0.0016937281304184803,0.2687559111717608,0.011500399885623833,0.013316631040965572,0.00027982231529308325,0.0008694204418289957,0.011329452999968384,0.0370632245869977,0.007762606828425547
5.629999999999573,6,4,95.24075885816814,16.366417212567928,0.17184257463698585,0.4317147883774159,1,29.789974814258077,3.980746203827491,0.13362704160200317,0.13362704160200317,1,33.17148003667494,3.350493553037068,0.10100524756003368,0.10100524756003368,2,16.47342044319037,2.846988598988611,0.17282316133474712,0.23124355063700047,2,15.805883564044738,6.188188856714758,0.39151173242802223,0.4317147883774159,-0.03868731981776618,0.001693774123422279,0.2687548277425296,0.011502912298709892,0.013320487298863164,0.00026971486376958494,0.0009750710732891972,0.041817708491274384,0.046481649093825676,0.007922834081063373
5.639999999999576,6,4,98.68605078808922,17.675825258087855,0.17911168920968934,0.4265663411014467,1,29.77237933039433,3.9906162667334315,0.13403753265562657,0.13403753265562657,1,33.15429642458626,3.3716259396028505,0.10169499290301787,0.10169499290301787,2,19.9219563272359,4.122249178444878,0.20691989836405916,0.2463541034529088,2,15.837418705872727,6.191333873306695,0.3909307437209364,0.4265663411014467,-0.038684731744450813,0.0016938444313632267,0.2687538308962233,0.011505574989305871,0.013325064154987094,0.0003164898437906595,0.0010758598730648738,0.05548951136660823,0.06438143023057474,0.01661801846671794
5.649999999999579,6,4,101.80855605730261,16.029460176096116,0.15744708300424168,0.36531764533448824,1,29.794829518839887,3.9671760877180926,0.13314981665559003,0.13314981665559003,1,33.12133178638689,3.436466286175988,0.10375386800081514,0.10375386800081514,2,19.952220312338255,4.280140511087131,0.2145195093119704,0.24629115976691449,2,18.940174439737586,4.345677291114903,0.22944230555751483,0.36531764533448824,-0.03868231814164335,0.0016937006733321837,0.2687526864564838,0.01150805067505732,0.01332823106964633,0.00028683703090874287,0.0003756908955639846,0.06253109420294212,0.07402555975539499,0.022898554986612207
5.659999999999583,6,4,98.26731718962961,14.571259981153167,0.14828185400680613,0.3571495228657775,1,29.814981285944956,3.961086666624702,0.13285558118032403,0.13285558118032403,1,33.131520682690685,3.4177056080422323,0.10315571207173074,0.10315571207173074,2,16.360351078244292,2.8342671252960865,0.17323999416278085,0.20760384736946616,2,18.96046414274968,4.358200581190147,0.22985727292212338,0.3571495228657775,-0.03867974997036733,0.0016936047208158066,0.2687516516832702,0.011510673569637852,0.013332386978995036,0.0002742599707052157,0.00038592941116512926,0.03638457413163493,0.06331773082426198,0.016574412382984488
5.669999999999586,6,4,98.28773862153398,14.564379985045338,0.14818104668301332,0.36449027429327413,1,29.818420604117623,3.963416527753706,0.13291839230433278,0.13291839230433278,1,33.12914869355541,3.418212205756971,0.10317838944113628,0.10317838944113628,2,16.40964112603556,2.8510716274856467,0.1737436916254148,0.2145471522220759,2,18.930528197825385,4.331679624049014,0.22881979724932391,0.36449027429327413,-0.038677300629086565,0.0016936474782311968,0.26875065903330836,0.011513195536993958,0.013337105636900687,0.0002655741351895481,0.00036074000422383907,0.03788267181167018,0.04940052284635933,0.011281394246740937
5.679999999999589,6,4,98.48952472110719,14.694574519806206,0.1491993647183986,0.3421892135970124,1,29.821373861071738,3.966091122717905,0.1329949163708774,0.1329949163708774,1,33.127686294680075,3.413344895350738,0.10303601842241793,0.10303601842241793,2,16.4929731450424,2.876547114746299,0.17441046495676596,0.22611891037524612,2,19.047491420312983,4.4385913869912645,0.23302760920305646,0.3421892135970124,-0.03867497068102445,0.001693195521356046,0.26874944986004357,0.011515550924282589,0.01333964626673744,0.00024668589795143225,0.00046142964169896064,0.07683159906796472,0.0864416498685919,0.03349481910740954
5.689999999999593,6,4,98.43442989300063,17.470156430106137,0.17748014032383183,0.4243859191124099,1,29.79015841432067,3.997042906070447,0.13417326791216377,0.13417326791216377,1,33.14032874379338,3.3676613806555498,0.1016182249334583,0.1016182249334583,2,19.889445526562575,4.037144899305879,0.2029792582158325,0.2518390560470651,2,15.614497208323998,6.068307244074262,0.38863289436173987,0.4243859191124099,-0.038672586829826314,0.0016929058034495564,0.268748331499343,0.011517973423930792,0.01334301830854742,0.0002928390641719165,0.0006091738995885972,0.001281498822136306,0.0715457926904475,0.022625310351694763
5.699999999999596,6,4,98.51543105253214,17.56849055360158,0.1783323725623593,0.4245418739581201,1,29.79360132289508,3.999008997007693,0.13422375340488396,0.13422375340488396,1,33.13837017124998,3.366757101203565,0.10159694287332449,0.10159694287332449,2,19.946847797069182,4.117995537615477,0.20644843633992835,0.24116778657570043,2,15.636611761317901,6.084728917774845,0.3891334651428351,0.4245418739581201,-0.03867015592291315,0.0016927715288443397,0.26874728557440125,0.011520457253763218,0.013347102821359359,0.0002840157554476801,0.0006452938632168172,0.01791849012539185,0.08362666473016842,0.02100307093453722
5.709999999999599,6,4,101.96367565351343,16.178108919434973,0.1586654150681112,0.343718379819225,1,29.809796685040727,3.9839500238707446,0.1336456623962815,0.1336456623962815,1,33.10575692699222,3.435842079169159,0.10378382487209657,0.10378382487209657,2,19.955368151733694,4.272652107736512,0.21411041255910432,0.24801759717464017,2,19.092753889746792,4.4856647086585575,0.2349406866375339,0.343718379819225,-0.038667805634621945,0.0016927843961386502,0.26874628145754886,0.01152287896255001,0.013351739093816263,0.0002823266199836546,0.0006185684659297811,0.10437472067470942,0.12179076717651759,0.04081607429853469
5.719999999999603,6,4,95.26248837981728,16.332658174679175,0.1714489979472285,0.4307083082156337,1,29.816967914713018,3.996870599657391,0.13404684913267648,0.13404684913267648,1,33.145715860547924,3.348500518388523,0.10102362949337036,0.10102362949337036,2,16.49630281544993,2.7957343707302447,0.16947642159622858,0.22640513158753087,2,15.803501789106416,6.191552685903014,0.3917835912905671,0.4307083082156337,-0.03866514164390354,0.0016922086194172882,0.26874509130095114,0.011525542959769102,0.013354037065790947,0.00026381744326285834,0.0008260203373538514,0.03187333121349792,0.037070813085832204,0.007219126589494627
5.729999999999606,6,4,101.59074809232291,15.732249418290568,0.1548590763796082,0.3795398785591559,1,29.817232265535925,3.9853663496112466,0.13365983516242416,0.13365983516242416,1,33.09592069001697,3.4364037923279525,0.10383164210822234,0.10383164210822234,2,19.790425824489684,4.0256065581204075,0.20341182114125692,0.2822846933602786,2,18.88716931228034,4.284872718230961,0.22686685587368347,0.3795398785591559,-0.038662854938576074,0.0016918792798557602,0.26874392570146444,0.011527869655945343,0.013357036473810242,0.00032721561119528845,0.00046188449751499136,0.004131588546059044,0.046364155852336955,0.014215026133431646
5.739999999999609,6,4,98.37819958636119,14.545487089574781,0.14785274736407472,0.3835595523128172,1,29.84270734784582,3.973607822356461,0.1331517203194801,0.1331517203194801,1,33.11020561728017,3.410586788854661,0.10300711594115503,0.10300711594115503,2,16.582082166700673,2.930597388379349,0.17673277450430389,0.24024046498086973,2,18.843204454534526,4.2306950899843105,0.224520999079125,0.3835595523128172,-0.03866029998223007,0.0016919183570844256,0.26874295972087925,0.011530492503269728,0.01336184623792254,0.00026565245103008655,0.000503256937816405,0.026275992072141062,0.0622158931382085,0.01717050404175797
5.749999999999613,6,4,98.40284180883816,14.58235146876342,0.14819034898495878,0.36603730275281954,1,29.845262305900295,3.9764400680667285,0.13323521928907964,0.13323521928907964,1,33.108317648209095,3.4078084609324217,0.10292907350780954,0.10292907350780954,2,16.521011946173132,2.8955710208165035,0.1752659601149446,0.2305842121137557,2,18.92824990855563,4.302531918947766,0.22730743411217363,0.36603730275281954,-0.03865812435752757,0.001691538069209486,0.26874175007068657,0.011532707502701738,0.01336455014467202,0.000247544376637035,0.00039921296003961755,0.0421139097283295,0.04773775203342229,0.010334656586935217
5.759999999999616,6,4,98.7626674751997,17.7222591901871,0.1794428972327761,0.4260697409003612,1,29.808177111665167,4.0161349488535185,0.13473265855233527,0.13473265855233527,1,33.12142858229089,3.3686779483807596,0.10170690373487992,0.10170690373487992,2,19.92319333652576,4.081175034104364,0.2048454263916733,0.24788656667746814,2,15.909868444717887,6.256271258848456,0.3932321175745204,0.4260697409003612,-0.03865565829108082,0.0016915625316098301,0.2687407901067537,0.011535240286520428,0.013369535633688007,0.00030716801539717103,0.0011014455865027667,0.059753561100723794,0.0686985071149967,0.01538503210781771
5.769999999999619,6,4,98.39482556750494,17.46975436356809,0.1775474905596815,0.4225614763495456,1,29.81702974326052,4.010715447627749,0.13451089803920804,0.13451089803920804,1,33.119711462891416,3.3622775646217495,0.10151892682969092,0.10151892682969092,2,19.94715263596496,4.087378325282183,0.2049103648965211,0.2404870060027902,2,15.510931725388042,6.0093830260364065,0.38742888773086054,0.4225614763495456,-0.03865336563922657,0.0016910920293062837,0.2687395109703652,0.011537564908104337,0.013371287142565578,0.000276917229843681,0.00040654474183918004,-0.014082386846536912,0.12207325780418118,0.04190578845449644
5.779999999999623,6,4,98.2084743329567,14.515331673377414,0.1478012134081832,0.3536613063663185,1,29.84998392005492,3.9862913264313335,0.1335441699770269,0.1335441699770269,1,33.098452214588235,3.412529227031002,0.1031023808879776,0.1031023808879776,2,16.25407882380802,2.753754684151791,0.169419301702798,0.18570958967215104,2,19.005959374505522,4.362756435763288,0.22954676213900901,0.3536613063663185,-0.03865094490470384,0.0016910494223206286,0.26873850748545963,0.011540048184909031,0.01337587371002678,0.0002741213689984872,0.00038280457500554664,0.025466519412074777,0.08919121725561632,0.025555832697733104
5.789999999999626,6,4,98.19197045969538,14.478333254262544,0.1474492586968242,0.36385610351148623,1,29.853199603675062,3.988699131523574,0.1336104399018103,0.1336104399018103,1,33.095725040308565,3.4143613350074626,0.10316623463752432,0.10316623463752432,2,16.28386907441406,2.7587520159412313,0.16941624888620022,0.18938413084699543,2,18.959176741297696,4.316520771790277,0.22767448348049021,0.36385610351148623,-0.038648553761445596,0.0016911219195664205,0.268737517138508,0.011542517853987272,0.013380607114469497,0.00027428301643358936,0.000350690942858832,0.018708670778937266,0.07266836815529537,0.021677980204480942
5.7999999999996295,6,4,95.39161313686799,16.535226390499673,0.17334046303184864,0.4319906783898793,1,29.837189540749854,4.019033415581011,0.13469879293061615,0.13469879293061615,1,33.1235941593157,3.3503177514689857,0.1011459606513365,0.1011459606513365,2,16.384324666377356,2.7748916499070213,0.16936258932914333,0.21174809365387234,2,16.04650477042508,6.3909835735426554,0.3982788566717483,0.4319906783898793,-0.038646160781156375,0.001690953754419603,0.2687364444846164,0.011544963135264723,0.01338451962819744,0.00030268506838598445,0.0013145462859442106,0.06000543632512853,0.08389031608350711,0.03252598451300988
5.809999999999633,6,4,98.16384128457051,14.245039477778132,0.14511493530986325,0.38959742167708017,1,29.863303755073375,3.988522018407324,0.13355930245091277,0.13355930245091277,1,33.0918662173391,3.406015851661864,0.10292607341308598,0.10292607341308598,2,16.413595838678173,2.804345758711446,0.17085505128029807,0.20700935274037013,2,18.795075473479855,4.046155848997497,0.2152774461963021,0.38959742167708017,-0.038643818901374964,0.0016910970257896902,0.2687352257583151,0.011547419830987173,0.01338639783652358,0.0002793636200483774,0.0005295430913113152,-0.03538616047908012,0.09288249590761478,0.032846227159504957
5.819999999999636,6,4,98.44028245319305,14.507607046973263,0.14737469951766366,0.35399968038436824,1,29.860313636917894,4.000934775718431,0.13398837079768186,0.13398837079768186,1,33.08958906242273,3.4172958625740777,0.10327404961504445,0.10327404961504445,2,16.495861137414852,2.8408052993057176,0.17221321612985607,0.2203779025204511,2,18.994518616437578,4.248571109375037,0.22367353420046066,0.35399968038436824,-0.038641225801504045,0.0016920185479983078,0.2687345076612279,0.011550182754868075,0.01339369888688509,0.000269419596870855,0.00046588082938834664,0.05614676465989435,0.06590018356083635,0.018431821932099832
5.8299999999996395,6,4,98.52376754402684,14.578695273617926,0.14797135388781407,0.34030740260596093,1,29.863420746473466,4.003132611561632,0.13404802636464067,0.13404802636464067,1,33.087203971223666,3.414894212819659,0.10320890867024102,0.10320890867024102,2,16.506963395564316,2.848031347412368,0.17253514648113166,0.22301934467018955,2,19.066179430765388,4.312637101824267,0.22619304079690714,0.34030740260596093,-0.038638778961749054,0.0016921787964878673,0.26873342607139206,0.01155273021687973,0.013397514554240243,0.0002595263327756894,0.000526105282619503,0.07563960201320367,0.0849525652380589,0.032313763676797475
5.839999999999643,6,4,98.5974899447815,14.642469044589143,0.14850752339425177,0.33798322887941895,1,29.86674983869875,4.005224132310339,0.13410311312551043,0.13410311312551043,1,33.084686180624985,3.4133468135941727,0.10316999215162853,0.10316999215162853,2,16.563297634298895,2.893499620141405,0.17469345078661225,0.23427800881211872,2,19.082756291158866,4.330398478543226,0.22692730612241382,0.33798322887941895,-0.03863627213572622,0.0016922266562863601,0.2687323783187802,0.011555316550154378,0.01340171562423172,0.000251535036700358,0.0005377095323486779,0.08761827268563788,0.10058354110777706,0.0356593867953083
5.849999999999646,6,4,101.9419761666839,15.98674168076531,0.15682197149705643,0.34285428385132877,1,29.848977190524444,4.01786701966341,0.1346065224954804,0.1346065224954804,1,33.06639111741387,3.436826182712421,0.10393714180990478,0.10393714180990478,2,19.931383786801703,4.178183235178087,0.20962835696058518,0.2555413258093039,2,19.095224071943885,4.353865243211391,0.22800807295099573,0.34285428385132877,-0.03863370603925182,0.0016921938185159848,0.2687313444581563,0.011557947878775874,0.013405977268502449,0.0003015461070007339,0.0005812663259455219,0.08970676358367205,0.10343523422354632,0.03628675720386543
5.8599999999996495,6,4,101.96746312316958,16.017407845780525,0.1570835181653251,0.34321827502876395,1,29.85249052618774,4.019554826295288,0.1346472188901352,0.1346472188901352,1,33.06397111614178,3.435243438270591,0.10389687996652981,0.10389687996652981,2,19.95453566433214,4.209746262827611,0.21096688660875976,0.2507234027522672,2,19.096465816507916,4.352863318387034,0.22794078025810446,0.34321827502876395,-0.038631219055303416,0.001692127795368954,0.2687302929228561,0.011560498575107546,0.013410122446872098,0.0002940041548281793,0.0005673024639085283,0.09474089544263736,0.11044532682273484,0.036224949058962244
5.869999999999653,6,4,94.93592000821843,16.07671562348852,0.1693428116786227,0.4189827746144518,1,29.859395395024137,4.03149815717334,0.13501606793569443,0.13501606793569443,1,33.10343351929353,3.346893671778883,0.1011041247376417,0.1011041247376417,2,16.250473549666896,2.6947789039096848,0.1658277154615548,0.18891114350989327,2,15.722617544233866,6.003544890626612,0.3818413106937375,0.4189827746144518,-0.038628748749422556,0.001691728494772311,0.26872911591279847,0.01156299796301885,0.013412922883591976,0.00028125931208873686,0.0006760830460629559,-0.023281398679065396,0.07986838382086482,0.026595409738554288
5.879999999999656,6,4,98.35199740028857,14.50729910479011,0.1475038584701641,0.33659176505798516,1,29.875864611105644,4.014773173844378,0.1343818237933767,0.1343818237933767,1,33.07123460719141,3.4150423061875843,0.10326322396941832,0.10326322396941832,2,16.292828961732525,2.7160104663953772,0.16669974703438892,0.18477976292090423,2,19.112069220258988,4.361473158362772,0.22820517800027462,0.33659176505798516,-0.03862629736840625,0.0016916793195522527,0.2687281209573099,0.011565510063190296,0.013417662454570795,0.00027907572522977423,0.0005989839205740834,0.05702368791021173,0.11934637107231783,0.040111321451636615
5.8899999999996595,6,4,95.08431219498547,16.147437321096035,0.169822307679769,0.4200144166010108,1,29.865807252249404,4.035491823167088,0.13512080182808875,0.13512080182808875,1,33.0984658443578,3.345318028455222,0.10107169450651408,0.10107169450651408,2,16.280740527109458,2.700291282590115,0.16585801352793467,0.1924212903592498,2,15.839298571268806,6.06633618688361,0.3829927291027551,0.4200144166010108,-0.03862405029449204,0.001691068000121708,0.2687268279600928,0.011567771949806578,0.013419427604984727,0.00026475419734101237,0.000785738109808471,0.000758150396524246,0.055555031119222595,0.02241328764628216
5.899999999999663,6,4,98.19772690752902,14.215845475236481,0.14476756156100518,0.38392845599059594,1,29.887774564625712,4.011236228530252,0.1342099332239287,0.1342099332239287,1,33.06570986357974,3.4080538413710855,0.10306912676097996,0.10306912676097996,2,16.404024221435943,2.752677600367564,0.16780501925682997,0.1988529057893561,2,18.840218257887624,4.043877804967579,0.21464070902016083,0.38392845599059594,-0.03862154638553262,0.0016912668305196293,0.2687258358745963,0.011570371775461932,0.013423808125041289,0.0002854345069905277,0.0004875705491493531,-0.019418423515934796,0.07157900172611024,0.021914664167741675
5.909999999999666,6,4,98.22561003974917,14.242653762965938,0.14499939228885758,0.38368114843122686,1,29.890946411300078,4.013402621126736,0.1342681682239909,0.1342681682239909,1,33.06272617171787,3.408649920628865,0.10309645680532697,0.10309645680532697,2,16.424420371172197,2.753738545502892,0.16766123146337614,0.2010692463890612,2,18.847517085559033,4.066862675707445,0.2157771051351626,0.38368114843122686,-0.03861913713074641,0.0016912799506899816,0.26872475721550526,0.011572860983291014,0.01342754162087067,0.00028360503747920234,0.0005389789650814792,-0.006812874626944116,0.055147871089223005,0.017543833400578187
5.9199999999996695,6,4,98.23076968058751,14.25019681379002,0.1450685651769474,0.3833194159740074,1,29.89417600311929,4.015324848527685,0.13431796374346322,0.13431796374346322,1,33.05992058298511,3.4081753742038026,0.1030908518261197,0.1030908518261197,2,16.424499124304845,2.7536134497334857,0.16765281113861855,0.2012518272100978,2,18.852173970178278,4.073083141325046,0.216053763760516,0.3833194159740074,-0.038616756670537954,0.0016912187055441261,0.2687236808502452,0.011575310833597093,0.013431460706422406,0.0002841421064852659,0.0005781111793474207,-0.004069681776435663,0.05327614845117151,0.0162242615451646
5.929999999999673,6,4,98.31229501109361,14.30851881323188,0.1455414992765381,0.383179353373533,1,29.89759282524375,4.017249025378925,0.13436697224624047,0.13436697224624047,1,33.05735214355084,3.4069370226395477,0.10306140092058787,0.10306140092058787,2,16.502391522996355,2.810208848973499,0.1702910057040779,0.21624466631977166,2,18.85495851930267,4.074123916239908,0.21607705538408076,0.383179353373533,-0.038614289417413156,0.0016910873486478534,0.2687226135590232,0.011577834844807545,0.01343540614134036,0.0002817934772554843,0.0005994981965518801,0.006365710928823851,0.0510748648696882,0.015895094551175992
5.939999999999676,6,4,98.32842905972868,14.322610122754075,0.14566092695383082,0.3832054348341244,1,29.900904124219032,4.019137515770028,0.13441525042430477,0.13441525042430477,1,33.054710566951094,3.4058084378224946,0.10303549416728837,0.10303549416728837,2,16.515844991427162,2.823439842081846,0.17095339920829977,0.21934034620982476,2,18.856969377131385,4.0742243270797065,0.2160593383590411,0.3832054348341244,-0.038611881331665834,0.0016909276977039975,0.26872152895368395,0.011580298541395593,0.013439245939937948,0.00027955774212932093,0.0006126788092040892,0.008286235542181337,0.05412320802531524,0.015887634754074446
5.9499999999996795,6,4,98.33019593282833,14.325544402464653,0.14568815069025967,0.38326315203873523,1,29.904148017280807,4.021006702144129,0.13446317547052325,0.13446317547052325,1,33.052027568764025,3.4047990747375447,0.10301331945987079,0.10301331945987079,2,16.51517745520278,2.8254594089313496,0.17108259457673852,0.21963345911538545,2,18.858842891580725,4.074279216651629,0.21604078469048255,0.38326315203873523,-0.038609518535380936,0.0016907412888962229,0.26872043117077593,0.011582715342389038,0.013442985499189673,0.00027833606988318015,0.0006217157692462613,0.008171833209554426,0.05452263932941623,0.015957687334316472
5.959999999999683,6,4,98.32961008154103,14.325462578507457,0.14568818656585633,0.38328962379537374,1,29.90733933553267,4.022882123553484,0.1345115350590191,0.1345115350590191,1,33.04931103508129,3.4038945381533043,0.10299441747938792,0.10299441747938792,2,16.512167405505053,2.8243598418179556,0.17104719038133853,0.21927988984331317,2,18.860792305422027,4.074326074982713,0.21602093957693608,0.38328962379537374,-0.03860718510845986,0.001690530606006203,0.26871932448054836,0.011585100796677184,0.013446643785015758,0.0002779028872586934,0.0006279956578634778,0.007636597423517057,0.05428592672926042,0.01603294041118692
5.969999999999686,6,4,98.38980892360262,14.36882089235598,0.14603972758513062,0.3831918445199792,1,29.910647890222073,4.024855721057329,0.13456263922564757,0.13456263922564757,1,33.0467100648613,3.402710712577839,0.10296670094842375,0.10296670094842375,2,16.569499000096915,2.867306591708428,0.1730472714770469,0.23023418102098808,2,18.862951968422323,4.073947867012384,0.21597615653331512,0.3831918445199792,-0.038604756936721836,0.0016902850816141214,0.2687182302491871,0.011587573026916848,0.013450318815641104,0.00027564629400401525,0.000635732540529134,0.014481692071518986,0.06414626565405512,0.01608818749220985
5.97999999999969,6,4,98.40222414066946,14.379009103633901,0.14612483842924728,0.38309660991616684,1,29.913857295726974,4.02683653781626,0.13461441959848727,0.13461441959848727,1,33.04404232446914,3.401712136282471,0.10294479418952628,0.10294479418952628,2,16.579198779645246,2.876812573523293,0.17351939691170346,0.23238378261579434,2,18.865125740828102,4.073647856011878,0.2159353673002903,0.38309660991616684,-0.03860237440943756,0.0016900358194475488,0.26871712486947,0.011590001160736678,0.01345393191390639,0.0002735002785387368,0.0006396140082551878,0.015701612134683244,0.06624165576358419,0.016133526466801894
5.989999999999693,6,4,98.40422685622458,14.380870375887003,0.1461407790632658,0.3829988314299598,1,29.91700013225807,4.028836471893762,0.13466712752224314,0.13466712752224314,1,33.04133526085005,3.4008609494915083,0.10292746714510397,0.10292746714510397,2,16.57855536299599,2.8776594000188984,0.1735772108613246,0.23246519019988013,2,18.867336100120475,4.073513554482833,0.21590295168679494,0.3829988314299598,-0.0386000240808439,0.0016897813876750624,0.26871601199089634,0.011592397807491198,0.013457496173898093,0.00027223798601904304,0.0006419474320189474,0.015593671025475962,0.06637393460219833,0.016167676602929882
5.999999999999696,6,4,98.40456074560436,14.38058859409177,0.14613741970017521,0.38289724074517323,1,29.92009213499037,4.03086490213047,0.13472100566884726,0.13472100566884726,1,33.038600374925345,3.400125748676293,0.10291373454357405,0.10291373454357405,2,16.576281397364482,2.876059263180001,0.17350449079835692,0.23207153317409,2,18.869586838324167,4.073538680105006,0.21587853062217777,0.38289724074517323,-0.03859769237928487,0.0016895210674494044,0.2687148946635881,0.011594775869772856,0.013461024701456006,0.00027167831259764224,0.0006432340416675985,0.015214423269263411,0.06604858230060398,0.016192132453934856
6.0099999999997,6,4,101.73069314706453,15.69030186023333,0.1542337064149462,0.3869168146369469,1,29.901922581344156,4.046813453065205,0.13533622936974685,0.13533622936974685,1,33.01986322613623,3.424723426554773,0.1037170688170507,0.1037170688170507,2,19.92883876840584,4.12917654277205,0.2071960434201633,0.25747749029095696,2,18.880068571178295,4.089588437841302,0.216608770377261,0.3869168146369469,-0.03859523753737703,0.0016892277213593234,0.2687137970222471,0.011597268097984286,0.013464606962940932,0.0003201012503435406,0.0006052288317899427,0.014822968285168974,0.06565591465877958,0.01620901091163872
6.019999999999703,6,4,98.45035650612343,14.412395958831869,0.1463925217775666,0.38255487740104566,1,29.926298711751414,4.035038265638326,0.13483251986834754,0.13483251986834754,1,33.03313867285804,3.3985442533328984,0.1028828742854321,0.1028828742854321,2,16.616806742827233,2.905735675963114,0.17486727269169186,0.2395630264302272,2,18.874112378686736,4.0730777638975315,0.21580234779660334,0.38255487740104566,-0.03859293425068345,0.0016889548512211603,0.2687126701802964,0.011599617642384345,0.013468075159941606,0.000270181136675584,0.0006506130207598198,0.019777071227194718,0.07272488314640756,0.01797727347182813
6.029999999999706,6,4,101.73800695493267,15.693395716055146,0.15425302879195302,0.3866097688780793,1,29.908027350851174,4.051179661250505,0.1354545926324763,0.1354545926324763,1,33.014357895257234,3.4233029179740617,0.10369133723075818,0.10369133723075818,2,19.93102509399639,4.129805523630825,0.20720487301352114,0.25715520214618126,2,18.88459661482787,4.089107613199754,0.2165313719218686,0.3866097688780793,-0.03859051268323511,0.0016886585550797083,0.26871156364391285,0.011602077906728533,0.013471609734091698,0.0003182594332895345,0.0006063872452943353,0.015403864928342021,0.06674090484556518,0.016221698544630115
6.03999999999971,6,4,98.45419096738524,14.41218753974756,0.1463847033644496,0.38224409838545137,1,29.932299402103148,4.039362683351979,0.13494996255009262,0.13494996255009262,1,33.02757553810107,3.3973283942862778,0.10286339033172667,0.10286339033172667,2,16.61567849987449,2.9027510504934115,0.17469951952400486,0.23903089017847334,2,18.878637527306534,4.072745411615891,0.21573301599360495,0.38224409838545137,-0.038588228835416426,0.0016883845902885106,0.2687104317811284,0.011604408932726268,0.01347504766602986,0.00026945714648880277,0.0006497227876897506,0.019447528284313894,0.07243197013124868,0.01770016743581862
6.049999999999713,6,4,98.62557123495402,17.423028441189267,0.17665832727784847,0.4108349747265002,1,29.894778828591793,4.080557307449945,0.13649732385868138,0.13649732385868138,1,33.0404203745645,3.360109744999629,0.10169694292347267,0.10169694292347267,2,19.92576387693396,3.9932948702915536,0.2004086214689208,0.25141610171548856,2,15.76460815486377,5.989066518448137,0.3799058282714349,0.4108349747265002,-0.03858574917461759,0.0016883836123874106,0.2687094731894858,0.011606953016872663,0.013480107019546316,0.0002931826468548654,0.0006910404242962776,0.01492304934037161,0.06616170580262262,0.01622175526245486
6.059999999999716,6,4,102.01515910675636,15.969937678411602,0.15654475097862128,0.3422055004132596,1,29.91106476763608,4.065657084811678,0.1359248531068924,0.1359248531068924,1,33.00747901444584,3.4272102374132114,0.10383132368010536,0.10383132368010536,2,19.952810777498506,4.150394944822202,0.2080105400239023,0.2551699604787267,2,19.143804547175932,4.32667541136451,0.22600917182905397,0.3422055004132596,-0.038583261455244836,0.0016883520659397373,0.2687084682748793,0.011609505777516077,0.013484670295167218,0.000296846727805056,0.0005869267012350013,0.09382585534192439,0.10832990454568653,0.03786187236576093
6.06999999999972,6,4,95.36271681541632,16.16640578168811,0.16952543217680907,0.4156832082740089,1,29.921922869702126,4.074303604830584,0.13616449793592908,0.13616449793592908,1,33.049944076695574,3.3370861713418822,0.10097100810814846,0.10097100810814846,2,16.615932955826864,2.747451229614413,0.16535040415235538,0.22695954661027637,2,15.774916913191749,6.007564775901231,0.38083020081566415,0.4156832082740089,-0.038580986615693404,0.0016879912132392396,0.2687072499341179,0.011611825179422795,0.013487249766753645,0.0002333805939006821,0.0006038427806470631,0.020233622420745993,0.0730742365431223,0.018094752247108253
6.079999999999723,6,4,98.24621199402031,14.180197813972095,0.14433327785538605,0.3877042134345739,1,29.940578232792983,4.0502747007532465,0.13527710351021566,0.13527710351021566,1,33.01294183926875,3.402464584709685,0.10306456786781928,0.10306456786781928,2,16.430075140957953,2.680112740263656,0.16312236659116047,0.1897697714082083,2,18.862616781000632,4.047345788245507,0.2145696875060408,0.3877042134345739,-0.03857818922793234,0.0016874999804454905,0.26870610995726224,0.011614630767406256,0.013490038591835765,0.00032054409150431587,0.0006957569098839069,-0.01886704040547825,0.07129336752977505,0.022141793611776768
6.089999999999726,6,4,98.192666970073,23.804835165916348,0.24242986671470634,0.7186142280235996,1,29.929058370518664,4.066718988439782,0.1358786146257667,0.1358786146257667,1,33.02530847861652,3.368350514033032,0.10199300685454603,0.10199300685454603,2,16.690260781318784,3.165036871628649,0.189633757860227,0.2655924198432404,2,18.54803933961903,13.204728791814883,0.7119204650169835,0.7186142280235996,-0.03857580065941842,0.001688055605651701,0.2687053021326375,0.011617149621222836,0.013496855698474535,0.0002441062461109037,0.0004041762394014049,0.07809795434237898,0.09312273118578038,0.025947912284479277
6.09999999999973,6,4,98.74662258594775,17.30524581387866,0.17524898939015765,0.4015415472702586,1,29.907521217595388,4.095190182820987,0.13692843860331957,0.13692843860331957,1,33.02774313043362,3.3578401201537758,0.10166725915521829,0.10166725915521829,2,19.92886963022042,4.005241828068631,0.20097686935515027,0.2522175298598793,2,15.882488607698326,5.846973682835266,0.36813964280139366,0.4015415472702586,-0.0385735011566893,0.001688008842770986,0.2687040105268672,0.011619547322124701,0.013498185762776055,0.00029400212748996343,0.0008849764356303697,0.027115869805264193,0.06157550180299273,0.014059994920630155
6.109999999999733,6,4,98.56980811325799,17.256517737565957,0.175069000010003,0.40099976060289405,1,29.91106274487204,4.096934203713286,0.13697053289808853,0.13697053289808853,1,33.02415754460945,3.358701594690073,0.10170438383335278,0.10170438383335278,2,19.946476973455383,4.0048362254623004,0.20077912659924385,0.24864920616092956,2,15.688110850321117,5.7960457137002965,0.36945466340720423,0.40099976060289405,-0.03857091931518414,0.001688623365186925,0.2687031522846783,0.011622270424581244,0.013504169872959276,0.0002998307919348675,0.0006382501725080732,0.002011081598972758,0.08850979968444232,0.028681504889350017
6.119999999999736,6,4,98.59618101508063,17.253689482815336,0.174993486615636,0.4007213359405336,1,29.91436434767251,4.0988022611820245,0.13701786250727846,0.13701786250727846,1,33.021083001358356,3.358128163201262,0.10169648775793096,0.10169648775793096,2,19.95055133781422,3.998432770647573,0.2004171565458923,0.24758579244749193,2,15.710182328235549,5.798326287784476,0.36908077618954666,0.4007213359405336,-0.038568405723144114,0.001688704334250028,0.2687020846341521,0.011624872312976077,0.013508202794646538,0.00029598027747282396,0.0006052649183340043,0.006082830533107372,0.087309982913105,0.02587995322587067
6.12999999999974,6,4,95.24245694724866,15.956336335207773,0.16753385881304395,0.4057149764185112,1,29.938788621043805,4.090845923127508,0.13664032886928748,0.13664032886928748,1,33.03304287153265,3.3355264223279852,0.10097545161976249,0.10097545161976249,2,16.61885141574072,2.7232386710853813,0.1638644334051893,0.22429928250866293,2,15.651774038931475,5.806725318666899,0.37099470668459233,0.4057149764185112,-0.03856597197869309,0.0016888590321834668,0.2687010435793475,0.011627403502454347,0.013512664503896113,0.00024032486897619592,0.0004672933679530297,-0.004350051133355411,0.1003319555648762,0.03352145855235847
6.139999999999743,6,4,98.51192275695654,17.195641161171235,0.17455390860246855,0.4002738963101741,1,29.921014525561162,4.102365661960847,0.13710650280445022,0.13710650280445022,1,33.01482513665529,3.3569551857278137,0.10168023522259081,0.10168023522259081,2,19.924675052921117,3.958418980268471,0.19866918631067637,0.2523720555519143,2,15.651408041818973,5.7779013332141025,0.36916175961780157,0.4002738963101741,-0.03856342780851739,0.0016887658501538471,0.26869996105955907,0.011630011944439887,0.013516552866436445,0.0002963766446626385,0.00048121295108159506,-0.012586725671435282,0.09642189418385703,0.035072017193456075
6.149999999999746,6,4,95.23512491738796,15.933314449604389,0.16730501969127248,0.40574897051151815,1,29.945491114633725,4.093705297414536,0.1367052315737119,0.1367052315737119,1,33.02709820700667,3.333956937308263,0.10094610541960866,0.10094610541960866,2,16.61378763241766,2.7007972608678816,0.1625636080479294,0.22161458887822474,2,15.648747963329914,5.804854954013709,0.3709469260810107,0.40574897051151815,-0.038561051844491004,0.0016885385836947282,0.26869882093816977,0.011632442074654433,0.01352001425641543,0.0002388027905873058,0.00043394330125808917,-0.00882040682282087,0.1028962727937837,0.0350588347250423
6.15999999999975,6,4,98.5896648654239,14.419225218141936,0.14625493694318117,0.3504055638521296,1,29.962118753146903,4.075964658966064,0.13603726400483504,0.13603726400483504,1,32.993865318527284,3.399806523487824,0.10304359585230852,0.10304359585230852,2,16.586619013734666,2.8290818182232633,0.1705641044676207,0.22658620832851173,2,19.047061780015046,4.114372217464783,0.21601086114929027,0.3504055638521296,-0.038558627159431154,0.001688480814386464,0.2686977966855939,0.011634931832391443,0.013524593666643263,0.0002475313140379681,0.00038501911474345617,0.059087787440443726,0.06788300518062154,0.01676482168223258
6.169999999999753,6,4,98.53557550264415,14.368105011201374,0.14581642150977048,0.36113825687302387,1,29.965537143292927,4.077352873215746,0.13606807225641088,0.13606807225641088,1,32.990503110966465,3.400127497672355,0.10306382676965327,0.10306382676965327,2,16.58277849758627,2.820399330720794,0.1700800219415173,0.22498965520221045,2,18.996756750798482,4.0702253095924785,0.21425895814670556,0.36113825687302387,-0.03855619357595736,0.0016882862428337295,0.2686967265257191,0.011637415693397785,0.01352862347641134,0.00025513193548680284,0.00039565240228229653,0.04494084130396668,0.051739224850389315,0.011056574567212188
6.179999999999756,6,4,98.53022221490768,14.35522040488069,0.14569357586112028,0.3626719686133619,1,29.96882711226845,4.078899095231439,0.13610472908903548,0.13610472908903548,1,32.987441227383705,3.398865280928322,0.10303512956642538,0.10303512956642538,2,16.584413440681907,2.815002867490824,0.16973786124901855,0.22434930024525088,2,18.98954043457362,4.0624531612301045,0.21393109407922964,0.3626719686133619,-0.03855376306790079,0.0016879608325564915,0.2686956029007642,0.011639883625869764,0.013532075858127986,0.00025882575466790083,0.0004195680808102875,0.04122871663589628,0.04738025358366371,0.010946891624423626
6.18999999999976,6,4,98.47552518228711,14.30886108172354,0.1453037295839402,0.36238827088107994,1,29.971852288205174,4.0805954309729815,0.13614758913578454,0.13614758913578454,1,32.984366611019574,3.397746544062312,0.10301081673422756,0.10301081673422756,2,16.527367259857137,2.765219767238821,0.16731157018306156,0.2125854345260661,2,18.991939023205234,4.065299339449426,0.2140539380672113,0.36238827088107994,-0.038551467410819266,0.0016875717321052394,0.26869443590615866,0.011642214718235198,0.013535210345594979,0.00026210291498113465,0.0004271683562631018,0.03345179069493935,0.03673086561427775,0.005283062215043618
6.199999999999763,6,4,95.52767225242388,16.144165739305258,0.1689998861968043,0.4085586588086453,1,29.955939562020273,4.110213936531638,0.13720864698708315,0.13720864698708315,1,33.01159919988911,3.3370586894212577,0.10108745926590758,0.10108745926590758,2,16.572356975091438,2.666095827602116,0.16087608006569662,0.21171731817451406,2,15.987776515423066,6.030797285750247,0.3772130089467079,0.4085586588086453,-0.038548970066638225,0.0016873694148498897,0.26869340376159806,0.011644756145283864,0.013539551586965667,0.00025923506588591816,0.000925110713952847,0.046250315156020703,0.05214723001245757,0.010377250875056305
6.209999999999766,6,4,95.4548195796628,16.0909310621478,0.16857117464581187,0.40832318477054186,1,29.959049940770317,4.111883455840361,0.1372501285578028,0.1372501285578028,1,33.00849441252846,3.336675008100465,0.10108534386330634,0.10108534386330634,2,16.527136118113532,2.6309343354678933,0.15918876184388792,0.20353945792716105,2,15.960139108250498,6.011438262739081,0.3766532498223342,0.40832318477054186,-0.03854658846367997,0.001687076927020931,0.2686922832153044,0.01164718072054207,0.013543069780811016,0.0002589828847019145,0.0008638993773896994,0.03404592466229654,0.03674686923004702,0.006085142524923842
6.21999999999977,6,4,98.42305475777567,14.240600160146958,0.1446876465599836,0.37374673763077015,1,29.98154244059998,4.085700346345355,0.13627385430352773,0.13627385430352773,1,32.974909257784475,3.395952824257903,0.10298596419810349,0.10298596419810349,2,16.526835914923662,2.746126771118551,0.1661616769994558,0.20938047573065197,2,18.939767144467556,4.012820218425149,0.21187273253237027,0.37374673763077015,-0.03854418295317723,0.0016866693024738624,0.26869110015952086,0.011649619244772877,0.013545878581607355,0.00028118332092560777,0.0005545988477592111,0.013626521460844067,0.03855191310900423,0.008748506087741189
6.229999999999773,6,4,98.30627523622027,14.148590177874572,0.14392357094068417,0.38219782473105113,1,29.984659861621786,4.087342825727627,0.13631446361541466,0.13631446361541466,1,32.971417608283005,3.3962743871341576,0.10300662311471112,0.10300662311471112,2,16.447432781649404,2.6843959602704457,0.16321063572094108,0.19349563732737118,2,18.90276498466607,3.9805770047423414,0.21058173277673328,0.38219782473105113,-0.038541826862796044,0.0016864524179413208,0.2686899953749619,0.01165202811434052,0.013549609072551073,0.0002929811871546967,0.0006284048112981713,-0.007544925213158433,0.057377020680524776,0.016902757027507053
6.239999999999776,6,4,98.289395807371,14.127054404231277,0.14372918144616217,0.38301124575303613,1,29.987722859218977,4.089158325415944,0.13636108165374866,0.13636108165374866,1,32.96820776770114,3.3952610638331255,0.1029859156359556,0.1029859156359556,2,16.43435075489401,2.6665275131701707,0.1622532920794636,0.18960517021309897,2,18.899114425556878,3.976107501812036,0.2103859160953716,0.38301124575303613,-0.038539443231810855,0.0016861085067368443,0.26868884912492297,0.01165445043122301,0.013552874857806206,0.00030079605432227057,0.0006699418598482113,-0.012525081429946214,0.06361215828217054,0.018522628905938168
6.24999999999978,6,4,95.075226187539,15.946907375125829,0.16772936562538415,0.40741124439746024,1,29.971094366604202,4.119021717941792,0.1374331436669687,0.1374331436669687,1,32.99567866460938,3.335316375566223,0.10108343002938831,0.10108343002938831,2,16.314143808724978,2.5681102171065175,0.15741618115031356,0.1760641702855411,2,15.794309347600445,5.9244590645112964,0.37510086285674604,0.40741124439746024,-0.03853710247739863,0.0016859882899641775,0.26868781553727655,0.011656850380069986,0.013557408920570507,0.00027102836437987245,0.0006138839869732269,-0.02680153309642683,0.08325435307533822,0.024324415824875118
6.259999999999783,6,4,95.0170976119299,15.917617669841338,0.16752372015037004,0.4070215027233392,1,29.97409435244253,4.120923329537786,0.13748283037622386,0.13748283037622386,1,32.99243855318902,3.334890109637004,0.1010804370904756,0.1010804370904756,2,16.29463135190714,2.559169367444601,0.1570559844021923,0.1729257807482432,2,15.75593335439121,5.902634863221946,0.3746293368000868,0.4070215027233392,-0.03853470006822371,0.001685745796084541,0.26868670974087827,0.011659301457387404,0.013561061787042845,0.000276994178466292,0.0005545590008922944,-0.03833350538091439,0.09718845823357343,0.027270303952659048
6.269999999999786,6,4,94.95359936364058,15.876728011024145,0.16720512036854526,0.40648174053106023,1,29.977311688674984,4.122692651166778,0.13752709695860668,0.13752709695860668,1,32.98921506421789,3.3342265255888655,0.10107019882402024,0.10107019882402024,2,16.296060299811536,2.5490104844903687,0.1564188176525002,0.17171085233572755,2,15.691012310936173,5.870798349778133,0.37415038835234105,0.40648174053106023,-0.03853219036675626,0.0016856205384229949,0.26868564607124545,0.011661870299622267,0.013565065824595289,0.0002831514348728542,0.00047023630145163954,-0.052382579681364415,0.11321802196517294,0.0341668418225364
6.27999999999979,6,4,98.58734801916907,17.271166591336016,0.17518644063716832,0.40110489010561334,1,29.96365075238235,4.133923966834431,0.13796462924350936,0.13796462924350936,1,32.97442770819006,3.34992258737339,0.10159153077708606,0.10159153077708606,2,19.960872321858705,3.9572001608065723,0.19824785695728994,0.2455991590356031,2,15.688397236737952,5.83011987632162,0.37161985308920326,0.40110489010561334,-0.038529813727090384,0.0016853661639370998,0.2686844970585188,0.011664299365787263,0.013568383894658859,0.0002849553186600516,0.0004456564950785036,-0.007305875842804926,0.10905782816238749,0.03597106349070793
6.289999999999793,6,4,101.94481644569746,15.743884905215209,0.1544353646818467,0.35633439452334975,1,29.97988460204743,4.119147957861982,0.13739705847902667,0.13739705847902667,1,32.94010255649746,3.41605618396385,0.10370508647035255,0.10370508647035255,2,19.949718716518163,4.082931868515132,0.20466112462701072,0.25749721543972254,2,19.075110570634408,4.125748894874246,0.21628964506374707,0.35633439452334975,-0.03852735357408383,0.001685279544728947,0.2686834578331435,0.01166682247927575,0.013572772826722666,0.0002969455908133469,0.00038333448416248944,0.06081260898366625,0.07040558966511799,0.015838871717079428
6.299999999999796,6,4,98.60191578471283,14.394179465386824,0.14598275652995463,0.36156197248571215,1,30.004149958483122,4.107243521524346,0.13688918123684748,0.13688918123684748,1,32.95228971063606,3.3913414154702513,0.10291671520403096,0.10291671520403096,2,16.627479804950774,2.8353609936267925,0.1705225943370308,0.23018871351238926,2,19.01799631064287,4.060233534765434,0.2134942855411767,0.36156197248571215,-0.03852499950172527,0.0016850899343323093,0.26868235078463204,0.01166923415398078,0.013576557718259141,0.00025133748335248935,0.00038419542959868957,0.047258804777472574,0.05517913780860238,0.015322290073372088
6.3099999999998,6,4,98.55773735630247,14.345490711114191,0.14555418068550902,0.3626038666648247,1,30.007096702433202,4.109133485708209,0.13693872241145572,0.13693872241145572,1,32.948822599912255,3.3903932236686787,0.10289876712249219,0.10289876712249219,2,16.58970456227781,2.793263198722758,0.16837329370374488,0.22141318881691419,2,19.012113491679205,4.052700803014545,0.2131641389994984,0.3626038666648247,-0.038522610403911216,0.0016847625640147104,0.26868119877766117,0.011671665538518164,0.013579811608639582,0.0002583328919621664,0.00040931027936676716,0.038721457987634315,0.04405207209310504,0.010129525701055974
6.319999999999803,6,4,98.45980866713673,14.25290490067971,0.14475860854924605,0.3700488869932039,1,30.010099198431277,4.110920203457648,0.13698455897381837,0.13698455897381837,1,32.945059722752696,3.390679846453818,0.10291921990695704,0.10291921990695704,2,16.528288934644266,2.7353198618899675,0.16549322635306649,0.20814163003705294,2,18.976360811308485,4.015984988878277,0.21163093539436978,0.3700488869932039,-0.03852021984299232,0.001684599573412288,0.26868009930351355,0.011674116247702851,0.013583600079573155,0.00027176230887829587,0.0004681149083004232,0.019237539868321763,0.031795383165677975,0.005284423432297739
6.3299999999998064,6,4,98.39567355210221,14.185896061699898,0.14417194933055894,0.38248356342650236,1,30.013406216250846,4.112533629759149,0.13702322222701951,0.13702322222701951,1,32.94125933790564,3.3911806966106646,0.10294629788814476,0.10294629788814476,2,16.5219327935227,2.7211795525795814,0.16470104234090574,0.205178439313948,2,18.919075204423024,3.9610021827505033,0.20936552870324626,0.38248356342650236,-0.038517711562924134,0.001684546434851268,0.2686790479006411,0.011676693175700574,0.013587777220412944,0.0002872922358127557,0.0005788988053550255,0.0008265838439097291,0.04856773982618458,0.017131045041934648
6.33999999999981,6,4,98.31250674935995,14.111491565767361,0.14353709443848792,0.3837630245717215,1,30.016350741624397,4.1143512273018485,0.13707033418943823,0.13707033418943823,1,32.93758131061878,3.390153077781148,0.10292659457323883,0.10292659457323883,2,16.44654909516628,2.6551959195027095,0.16144395423858762,0.18917850239264333,2,18.912025601950504,3.9517913411816554,0.20895653508284617,0.3837630245717215,-0.03851530375827438,0.0016843216540462465,0.26867790335338143,0.011679157177141897,0.013591131538528969,0.00029941626871751904,0.000648000628191233,-0.013632624785278961,0.06439724514791087,0.019684829674433697
6.349999999999813,6,4,95.20966093519282,15.94780270635928,0.1675019378255596,0.40613912268859065,1,29.999873986196366,4.144246257181848,0.13814212216653682,0.13814212216653682,1,32.96480422020345,3.3297156073756153,0.10100820211560368,0.10100820211560368,2,16.429761441100915,2.5439159457663014,0.15483584194974412,0.18330587560728073,2,15.815221287692086,5.929924896035514,0.3749504852423641,0.40613912268859065,-0.03851280214910321,0.0016842333049585422,0.2686768817099591,0.011681719247319559,0.013595710704542312,0.00027345872411620626,0.00060478685497115,-0.01613593635559095,0.06774131593983271,0.019673227151762406
6.3599999999998165,6,4,95.06387478868794,15.908783226290353,0.16734835668810133,0.4056085274697999,1,30.00271674838356,4.146143009258956,0.13819225252267647,0.13819225252267647,1,32.9611666159342,3.3291738603170855,0.10100291349237879,0.10100291349237879,2,16.321602536870515,2.529025136579314,0.15494956030611848,0.17092445986513402,2,15.778388887499672,5.9044412201349985,0.3742106537133683,0.4056085274697999,-0.0385103891153814,0.0016840147031027498,0.2686757574705417,0.011684187150598116,0.013599271146323654,0.00027857782517839725,0.0005425637598549433,-0.03809296867036528,0.0960879928433355,0.02541837307897082
6.36999999999982,6,4,98.61346132660779,17.281965097439286,0.17524955381295682,0.3998874497741744,1,29.9890367112468,4.157306979367933,0.13862755977783095,0.13862755977783095,1,32.945982273410635,3.34490636685937,0.10152698860519051,0.10152698860519051,2,19.957281980011565,3.938542281864158,0.1973486312318906,0.2476150860824716,2,15.721160361938784,5.841209469347827,0.37155078473020997,0.3998874497741744,-0.03850799424941336,0.0016839103467812362,0.26867465476698404,0.0116866513006712,0.013603083934290256,0.00028579238628188467,0.0004588586097328143,-0.006175234066990162,0.10538558314184346,0.03483208296200057
6.379999999999823,6,4,95.29704299240532,15.985532090143016,0.1677442613976698,0.40486995235084844,1,30.01286573429848,4.147914681276324,0.13820455260745457,0.13820455260745457,1,32.957371620049074,3.3223412755866777,0.10080722801224798,0.10080722801224798,2,16.619650537238215,2.6627787923826616,0.16021869932923097,0.21601674621733474,2,15.707155100819548,5.852497340897353,0.37260072262175525,0.40486995235084844,-0.03850569511413413,0.0016836514969037397,0.2686734762191299,0.011689007766202663,0.013606226240140889,0.0002373073918974827,0.000403466017376822,-0.013310288326105306,0.10325615181418096,0.036530841290300306
6.3899999999998265,6,4,98.06082158762452,23.29887275685022,0.23759614063635978,0.7062920947872388,1,30.01597057480248,4.140019786370623,0.13792723363894976,0.13792723363894976,1,32.93550980847275,3.3520252581163152,0.10177541740234418,0.10177541740234418,2,16.58763945424893,2.9894869625047717,0.18022377269232323,0.23572266720965768,2,18.521701750100352,12.81734074985851,0.6920174464956528,0.7062920947872388,-0.03850311356062886,0.0016842900181715868,0.2686726464202412,0.011691731624209457,0.013612457437676098,0.00025779348014690805,0.00015283562885086524,0.020921982975113024,0.05077497071043536,0.008743383420373242
6.39999999999983,6,4,98.55197381712169,14.214738738798331,0.14423596188114873,0.35942570120615397,1,30.03032256779308,4.136568436632173,0.13774638708238718,0.13774638708238718,1,32.92039799135041,3.388949944773696,0.10294377199401165,0.10294377199401165,2,16.585182904714095,2.7619184398676073,0.1665292722869262,0.21614981098369643,2,19.016070353264105,3.927301917524855,0.20652542005613345,0.35942570120615397,-0.038500555362273016,0.0016846134635392772,0.26867157152524607,0.011694414978681096,0.013616033967505036,0.00026208978526426184,0.00024210290678666925,0.029727302855543335,0.04083752250171755,0.008055933651527972
6.409999999999833,6,4,98.45889388432762,14.13376718029147,0.14354992853054221,0.36891110961042756,1,30.03363832162911,4.138001180627786,0.13777888434008848,0.13777888434008848,1,32.91588881914571,3.3900667652568,0.10299180386357816,0.10299180386357816,2,16.534663809254546,2.7060209088397436,0.16365744958933898,0.20440586475084646,2,18.974702934298257,3.8996783255671397,0.20551986184290488,0.36891110961042756,-0.0384979818284728,0.0016848696404716684,0.26867054195434764,0.011697098626998404,0.013620441183064866,0.0002757911278647287,0.00038418106158847487,0.015160180125033512,0.03341610918610251,0.007036076955951142
6.4199999999998365,6,4,98.31813486204322,14.015592370985093,0.14255348100990028,0.38161483784481076,1,30.0370978430803,4.139043805356283,0.1377977268969013,0.1377977268969013,1,32.91139710705058,3.3902805283073034,0.10301235518139114,0.10301235518139114,2,16.451111438052873,2.631728138339226,0.15997266496242962,0.1865769260553499,2,18.918528473859475,3.8545398989822806,0.20374417092260955,0.38161483784481076,-0.038495427148946916,0.001685040649004161,0.2686695069665542,0.011699752139141428,0.013624936956841121,0.0002957991546487892,0.0005587519584922117,-0.011940537427836325,0.06201012740353505,0.018885112545948747
6.42999999999984,6,4,95.09705565608613,15.769927222869455,0.16582981580313727,0.3957927726340736,1,30.020801210137748,4.168339581399961,0.13884837890310373,0.13884837890310373,1,32.93796937321929,3.3258420135699702,0.10097289167662218,0.10097289167662218,2,16.32149076100199,2.503433587079682,0.15338265503671394,0.16739786138404264,2,15.8167943117271,5.772312040819842,0.3649482902195963,0.3957927726340736,-0.038492917509354574,0.0016851713807351388,0.2686685073397387,0.011702351607941947,0.013629917346387452,0.0002869311582084139,0.0006290050344175455,-0.031570154257446546,0.08867963153462684,0.026209494436058176
6.439999999999843,6,4,98.66620657939708,17.16162042172025,0.1739361531844262,0.3904643232733552,1,30.007318821846564,4.178060130899985,0.1392347032304061,0.1392347032304061,1,32.9224170403222,3.3411936508776576,0.10148688800052204,0.10148688800052204,2,19.951987826949406,3.919680851140206,0.19645565570393156,0.2498382746099971,2,15.78448289027891,5.722685788802402,0.3625513631698886,0.3904643232733552,-0.038490503143956634,0.0016850110352957255,0.2686673736157474,0.011704830819364933,0.013633532680323312,0.0002899879045485584,0.0005455547254963692,0.004441445996046605,0.09063669464601676,0.026878441327318096
6.4499999999998465,6,4,95.30110561364707,15.845175525614902,0.16626434104397086,0.3954512121099499,1,30.03163518520145,4.168877066953623,0.13881618637295853,0.13881618637295853,1,32.93354156375752,3.318123946270318,0.10075211437089487,0.10075211437089487,2,16.61962735410836,2.6384066263583943,0.15875245395957582,0.21290796069750936,2,15.716301510579736,5.7197678860325665,0.3639385438222977,0.3954512121099499,-0.03848811864935822,0.0016848569816208176,0.26866624608005546,0.011707280952832032,0.01363721126972065,0.00024231952702987355,0.0004257379581069262,-0.01288388669710408,0.10044894652676464,0.03619124950021022
6.45999999999985,6,4,98.61417525264675,14.271130136898538,0.14471682291451815,0.35026088519948934,1,30.048347391620755,4.150846201667107,0.13813891817639884,0.13813891817639884,1,32.899453870260096,3.382304543568987,0.10280731579640193,0.10280731579640193,2,16.58741191584218,2.747807056364085,0.16565616566980712,0.21516028154997996,2,19.078962074923716,3.990172335298359,0.2091399060194585,0.35026088519948934,-0.03848563437762526,0.0016847266597735198,0.2686651878788415,0.011709824772195659,0.013641484484878437,0.00025756713560287246,0.0003910510629604424,0.05034565832834162,0.05694246766949071,0.013742959599652865
6.469999999999853,6,4,95.53073997996869,16.002888373292198,0.16751559107202305,0.3974318608039088,1,30.03251097566769,4.179576123230711,0.1391683874390989,0.1391683874390989,1,32.92503212080719,3.3219332854140133,0.10089385101357869,0.10089385101357869,2,16.524656226067137,2.569022089886792,0.15546599304342798,0.19441548613332052,2,16.048540657426667,5.932356874760681,0.36965086118378043,0.3974318608039088,-0.03848316054342637,0.0016846369052412285,0.2686641664136249,0.011712360050988987,0.013646141761288517,0.0002716381791022687,0.000931184418216596,0.035713232417001334,0.038676927713925766,0.00969995920204102
6.4799999999998565,6,4,95.4054631217082,15.909362860896458,0.1667552605514946,0.39710384505692353,1,30.035668660650934,4.18070054283105,0.13919119264716398,0.13919119264716398,1,32.92091107539628,3.32103846626863,0.10087930004922117,0.10087930004922117,2,16.441984348915724,2.5090022376871266,0.15259728901594435,0.17921365850567236,2,16.006899036745256,5.8986216141096515,0.368504955305137,0.39710384505692353,-0.03848075725852769,0.0016842978640466692,0.2686630113746687,0.011714805432596903,0.013649423295205403,0.00027306780674474565,0.0008291170513682867,0.014910748581673586,0.04264681980162303,0.01125851153306389
6.48999999999986,6,4,98.46293637052213,14.168521077152533,0.14389699921029686,0.33443305150028657,1,30.05206141066934,4.1634029508010935,0.13853967932206362,0.13853967932206362,1,32.8873435889567,3.3866161962096237,0.1029762767871231,0.1029762767871231,2,16.330586910214443,2.5111958032763706,0.1537725384325085,0.1595738119167152,2,19.192944460681638,4.107306126865446,0.21400083427947222,0.33443305150028657,-0.03847829529296754,0.0016843177421651215,0.2686620290856876,0.011717340475880644,0.013654457650943726,0.00028578071290794906,0.0005700961048713771,0.048191656866895305,0.12127490940545048,0.03732308431381259
6.499999999999863,6,4,102.03520334577756,15.714273370319656,0.15400835059902832,0.3427930263751338,1,30.038491052104238,4.175474990576333,0.13900415248334638,0.13900415248334638,1,32.87064574132933,3.402793108025862,0.10352072590248569,0.10352072590248569,2,19.954581835238972,4.046336602538235,0.2027773188106889,0.25936201429902517,2,19.171484717105027,4.0896686691792254,0.21332039377891135,0.3427930263751338,-0.038475905870289935,0.0016840663658505073,0.2686608835632431,0.011719783916552824,0.013657853564466336,0.00029361791469858714,0.000476784926689497,0.08252369326010738,0.09571790801452264,0.03043237477598516
6.509999999999867,6,4,95.78398236314695,16.249405232568353,0.1696463733462427,0.39900529890936826,1,30.043862914532422,4.191018752020434,0.13949666738737546,0.13949666738737546,1,32.911477670911474,3.3184820137961815,0.10083053842122662,0.10083053842122662,2,16.623333286632295,2.6646464638595986,0.16029555672822743,0.2129577820028531,2,16.20530849107075,6.075258002892141,0.37489307940294103,0.39900529890936826,-0.03847354391379165,0.0016838648459459762,0.2686597981947336,0.011722200742509367,0.013661969962507277,0.0002750176694556789,0.0011957838727279567,0.07642593755688344,0.0876131560558808,0.029584351385276292
6.51999999999987,6,4,95.23929061925823,15.708406043808331,0.164936193262993,0.3907098675062227,1,30.05155231843027,4.186185033271521,0.1393001262934488,0.1393001262934488,1,32.9085611967269,3.311989543137995,0.10064218618793358,0.10064218618793358,2,16.584789530874154,2.5815322806836063,0.15565661993345406,0.20231655864926534,2,15.694387573226898,5.628699186715209,0.35864407964011435,0.3907098675062227,-0.03847107332910879,0.0016836751274822998,0.2686585788588766,0.01172474143750061,0.013664192817376082,0.0002513837136905397,0.00033819941026916165,-0.033595738357644206,0.10610963247907573,0.04333683029395966
6.529999999999873,6,4,98.48439151955567,14.02750710435165,0.14243380994607924,0.3616431748445149,1,30.067532740220624,4.170000790838969,0.1386878273939936,0.1386878273939936,1,32.87426499198797,3.3784044285412294,0.10276745135943283,0.10276745135943283,2,16.535664233126443,2.675998039795708,0.16183190478884982,0.20011720439229688,2,19.006929554220637,3.8031038451757437,0.20009038463191625,0.3616431748445149,-0.03846845237932148,0.0016842670044243373,0.26865771759895685,0.011727501298913224,0.013670118133362679,0.00027331734500751515,0.00019825517069149966,0.006323745830984882,0.04657223635370363,0.007651687276599034
6.539999999999877,6,4,98.51464731198585,14.139525905792343,0.1435271433395473,0.323864340872834,1,30.064375604576487,4.180540031445557,0.13905294713019695,0.13905294713019695,1,32.870243010998124,3.385598063315574,0.10299887537134361,0.10299887537134361,2,16.343531698794663,2.5177821030092975,0.15405373510518441,0.16182434193418144,2,19.236496997616577,4.055605708021916,0.21082870277911875,0.323864340872834,-0.038466010316493666,0.0016847273117378398,0.268656772436553,0.01173007604691646,0.013675524233151085,0.00029938013198383144,0.0007790841119630906,0.06054899189632134,0.13419651396069254,0.045308047438231316
6.54999999999988,6,4,95.21432739841,15.702562714449716,0.16491806583629698,0.38792170116956903,1,30.054614099045054,4.1999629485773395,0.13974436453372355,0.13974436453372355,1,32.89486580558879,3.316123279614,0.10080975247664926,0.10080975247664926,2,16.303071875218805,2.4720998875626914,0.15163399305871691,0.16041864680433085,2,15.961775618557354,5.714376598695685,0.3580038170723363,0.38792170116956903,-0.03846354291492408,0.0016844192385740465,0.2686555227150508,0.011732600283890402,0.013677818599234831,0.00029094461072906846,0.0007717387518921309,-0.015507758671092605,0.07267931199664146,0.030550613894380504
6.559999999999883,6,4,95.36516040169853,15.781094741326285,0.16548071302824768,0.3876313073461545,1,30.062508532093087,4.199089347260099,0.13967860808346652,0.13967860808346652,1,32.89378228645072,3.30972674708199,0.10061861291169606,0.10061861291169606,2,16.6510735534396,2.640175241892122,0.15855886008903872,0.21435069887949804,2,15.757796029715122,5.6321034050920735,0.35741695059838224,0.3876313073461545,-0.03846109406752134,0.0016846037504004796,0.2686545159470992,0.011735149256941262,0.01368277526856813,0.00024455217720483,0.00046940337706632295,-0.0046052671630926155,0.09659082419066163,0.032841609867098026
6.569999999999887,6,4,95.38681724615775,15.543006372171902,0.16294711178024956,0.3790078641939606,1,30.066413414988126,4.199198493306109,0.13966409745476346,0.13966409745476346,1,32.88979059796916,3.3074699649133175,0.10056220805241439,0.10056220805241439,2,16.5881549051526,2.549148205513786,0.15367279966272632,0.19975282986442494,2,15.842458328047861,5.48718970843869,0.3463597375366953,0.3790078641939606,-0.03845858716078084,0.0016842008268006896,0.2686532770869766,0.011737697661480436,0.013685345346236288,0.0002631484708178207,0.0004302699556563829,-0.014326431822088015,0.09139751155444784,0.02429722123787665
6.57999999999989,7,4,102.02383825555668,16.750747425341796,0.16418464264580315,0.4234543643943734,1,30.091023033034155,4.166469377673648,0.1384622042627021,0.1384622042627021,1,32.842978158209874,3.3906244898921445,0.10323742486320713,0.10323742486320713,2,16.532297179720516,2.7041456722690884,0.16356744878661822,0.20099605783839414,3,22.557539884592142,6.489507885506916,0.2876868629605995,0.4234543643943734,-0.038456177785276366,0.0016826766857708708,0.26865157675364615,0.011740042537097132,0.013683432466016809,0.00044828638403102063,0.0017433848957655754,-0.005298117132465668,0.0852620795903174,0.020614317218169323
6.589999999999893,7,4,102.00814378969142,17.35259787373213,0.1701099268065078,0.4559372498958882,1,30.091492966196313,4.170359015508717,0.13858930230525773,0.13858930230525773,1,32.83859708319906,3.3803646913349823,0.10293876692632677,0.10293876692632677,2,16.33815037008192,2.506157450907066,0.15339297252988252,0.1575618731895947,3,22.739903370214126,7.295716715981365,0.32083323298276034,0.4559372498958882,-0.038454123223286084,0.0016799413325195348,0.26864955177915073,0.011741903074181255,0.013678743057755101,0.0004246707238184078,0.0012944598497361213,0.03615497710223034,0.13156958403602684,0.05330246140019948
6.599999999999897,7,4,100.95306846831271,19.15629459366057,0.1897544560487864,0.5049325543900767,1,30.060482761568764,4.209935318899109,0.14004882597166265,0.14004882597166265,1,32.85908929822887,3.3284030246807395,0.10129322192931693,0.10129322192931693,2,19.936264969304744,3.7799864161483554,0.1896035401800831,0.24710248949864122,3,18.097231439210336,7.837969833932363,0.4331032545094295,0.5049325543900767,-0.038452317937291584,0.0016762909407145197,0.2686473344369393,0.011743411123815979,0.013672111014555038,0.0003614461834278023,0.0007729794073371726,0.06231200034034504,0.11594397893175978,0.04066790336658236
6.6099999999999,7,4,101.9035480789507,16.81932874458854,0.16505145367026486,0.42943839150855356,1,30.10536386116299,4.164970096917464,0.13834644603948554,0.13834644603948554,1,32.834448582851074,3.350816580583596,0.10205186093283977,0.10205186093283977,2,16.6205896962938,2.7602578167797374,0.16607460187740772,0.2187585343428199,3,22.343145938642852,6.543284250307742,0.2928542054138858,0.42943839150855356,-0.03845052745762248,0.0016732100453944292,0.26864519596150066,0.011744978266266607,0.013665273531885054,0.00045403698463505356,0.0016146764877491909,0.0016712159706640493,0.11922071024161737,0.01718340021799176
6.619999999999903,7,4,101.7828775506843,17.045971608682155,0.16747386219449198,0.43419653907269723,1,30.104155621910923,4.17209186417277,0.13858856951749765,0.13858856951749765,1,32.82826904763914,3.357539180470548,0.10227585181534288,0.10227585181534288,2,16.52891427058508,2.6480135708102246,0.16020493103546674,0.19589612066577472,3,22.321538610549155,6.868326993228612,0.3076995324140712,0.43419653907269723,-0.0384486743839896,0.0016705366804712245,0.2686433837493298,0.011746628498798097,0.013661864912438744,0.00037429703367801616,0.0010115252863343019,0.049192282483564706,0.07841936751640519,0.03626683193200527
6.629999999999907,7,4,101.37003230035734,16.558571210376,0.16334779455641577,0.4181423936803225,1,30.109442392233365,4.170508241271523,0.13851163986840526,0.13851163986840526,1,32.82223498051182,3.354124039644045,0.10219060468111187,0.10219060468111187,2,16.332859431404945,2.4873371486425784,0.1522903664902612,0.15429914577650863,3,22.10549549620721,6.546601780817856,0.29615268212110873,0.4181423936803225,-0.03844690553129651,0.0016674040216941007,0.2686413808630672,0.01174815372468319,0.013656799234799188,0.00044835707824773607,0.0014218455493423554,-0.005902306702592263,0.09432905950448599,0.02710022990956171
6.63999999999991,7,4,100.27060366402007,18.095437515816577,0.18046602747550558,0.47417729679046117,1,30.076591736354924,4.21513535665614,0.14014670922839695,0.14014670922839695,1,32.84316668010821,3.3293183246437725,0.10137019846689166,0.10137019846689166,2,19.93449010185992,3.7475926312416328,0.18799540956866392,0.24714229758110318,3,17.41635514569701,6.803391203275033,0.390632319240224,0.47417729679046117,-0.038444983830552365,0.0016646087988795644,0.2686396058268048,0.011749851901871205,0.013654073319214607,0.0003654907039051605,0.0007982943981311667,0.004710839353138905,0.0916234520992727,0.014743935715556933
6.649999999999913,7,4,101.52406580825462,16.81860221726078,0.16566123591844278,0.41363889085075317,1,30.117003127714828,4.173723068171368,0.13858361173826578,0.13858361173826578,1,32.81578994899006,3.3479683731058443,0.10202309249023218,0.10202309249023218,2,16.621628250981832,2.7290623385497703,0.1641874248022943,0.21533288895419497,3,21.969644480567904,6.5678484374337955,0.2989510569114143,0.41363889085075317,-0.03844298090760597,0.0016619261958337528,0.2686378681534177,0.011751642531901663,0.013651689363596732,0.00038897830132844955,0.001193791639551487,0.04086746495193651,0.06430924748137927,0.014054062811809981
6.659999999999917,7,4,100.82755309698874,27.458211837452804,0.272328455804536,0.9110205706746998,1,30.101999696249532,4.195528742493026,0.13937707743103042,0.13937707743103042,1,32.822481313965426,3.328079818398602,0.10139635046368535,0.10139635046368535,2,16.53338064414912,2.781728562007312,0.16824922995961616,0.20812172176335922,3,21.369691442624656,17.152874714553864,0.8026730175588873,0.9110205706746998,-0.038440726477130316,0.0016601104612516669,0.26863647375629246,0.011753763970053186,0.013652566314057885,0.00030319578035379983,0.0004790592152251629,0.05397216211187867,0.0599709544859046,0.02850054391744914
6.66999999999992,7,4,101.17349026775216,16.501593413180743,0.16310194863802607,0.4115847680183164,1,30.1152424267065,4.188289299838835,0.13907539711932113,0.13907539711932113,1,32.8078222731401,3.3534347468771957,0.10221448772059055,0.10221448772059055,2,16.332565377661208,2.4559692524937655,0.15037253460824387,0.15190187791817675,3,21.91786019024435,6.503900113970948,0.2967397390766201,0.4115847680183164,-0.038438538916326155,0.0016587879753454193,0.2686348400709761,0.011755917485290153,0.013650424680532607,0.0003135233570807986,0.0004439541866100646,0.009059954576118013,0.10010652956414236,0.027654687107156465
6.679999999999923,7,4,101.21228522833746,16.352017922458238,0.16156159191117633,0.3834689619313517,1,30.124325228199517,4.184130163899111,0.1388953987252245,0.1388953987252245,1,32.80487394799685,3.348542375277348,0.10207453869768088,0.10207453869768088,2,16.64315268199158,2.760173280361233,0.16584437654939188,0.22165186331431788,3,21.639933370149517,6.059172102920548,0.27999957297829164,0.3834689619313517,-0.03843621070310365,0.0016577083921397815,0.2686333835912215,0.011758223336223008,0.01365072200255633,0.0003488108256409439,0.0010950411163198478,0.005335352313253827,0.083930964245262,0.016717802971808412
6.689999999999927,7,4,101.190642648487,16.477817882815597,0.16283934414821086,0.39045183863955146,1,30.1223704748919,4.192944658986586,0.1391970350567715,0.1391970350567715,1,32.799782121913644,3.355683749170353,0.10230811097151798,0.10230811097151798,2,16.58164626641941,2.670317481160663,0.1610405528049709,0.20444251164118518,3,21.686843785262052,6.258871993497995,0.28860225376600906,0.39045183863955146,-0.03843349139733326,0.0016570321491867354,0.26863222912087265,0.01176093571328029,0.01365413584599991,0.00032312649465930334,0.0007257261664043195,0.02641979773148861,0.0370088075902621,0.005389456319149571
6.69999999999993,7,4,100.57671434610776,27.116377015051736,0.26960889696334683,0.8977808896695143,1,30.10745628423978,4.21388949611673,0.13996165788082723,0.13996165788082723,1,32.80658822578822,3.3325337964035633,0.1015812364720073,0.1015812364720073,2,16.529062235371313,2.7789226897785384,0.16812343315108294,0.20590217322747165,3,21.133607600708444,16.791031032752905,0.7945179710912221,0.8977808896695143,-0.0384306258029788,0.0016565123487046719,0.2686311035572099,0.011763810738972027,0.013657816302729808,0.0003104683890567182,0.00030627509368475874,0.04704285208281732,0.05826654944419286,0.01922115807283683
6.709999999999933,7,4,100.22107633057706,18.24539999533921,0.18205152711748127,0.47049563898946123,1,30.084257965536548,4.248456974508442,0.14121860606883915,0.14121860606883915,1,32.81560873517643,3.325764814079427,0.10134704009054081,0.10134704009054081,2,19.94821590743618,3.832054631861745,0.19210011810796845,0.25121148340219357,3,17.3729937224279,6.839123574889596,0.39366407909654266,0.47049563898946123,-0.03842800703046419,0.001656195853829219,0.2686297720950989,0.011766495773821417,0.013659364750507485,0.00034029481922290316,0.0010892030414999846,0.05213346269331661,0.06817303115118227,0.018414082234376634
6.719999999999937,7,4,96.54703737806881,16.3450603697997,0.169296343147165,0.4616427023157935,1,30.109981138515565,4.232428739773472,0.1405656390252436,0.1405656390252436,1,32.82559866392805,3.3027059258982208,0.1006137301473668,0.1006137301473668,2,16.611894711052358,2.506678415850428,0.15089659906059147,0.19764420293442794,3,16.99956286457284,6.3032472882775785,0.3707887866583659,0.4616427023157935,-0.03842520877708655,0.0016557862833945036,0.26862849435139313,0.011769338056696181,0.013661738562699277,0.00028738150928472194,0.0005148979969829779,-0.010556975943348274,0.09060260791919374,0.02828792132261382
6.72999999999994,7,4,100.9418443457564,16.22049821790013,0.16069151820071773,0.3687431356690525,1,30.130183547104547,4.209764103142691,0.13971916555241964,0.13971916555241964,1,32.78326356645757,3.3599336800717983,0.10248929833543291,0.10248929833543291,2,16.58299299655658,2.6505894834294588,0.15983782203730337,0.201877808088067,3,21.445404235637696,6.000210951256183,0.279790060626841,0.3687431356690525,-0.03842210547992505,0.001655560751473016,0.26862737724726976,0.011772487551351653,0.013665675282868325,0.00034461010350099155,0.0008201549809383677,0.0013127693821785406,0.0612616023400908,0.017717643463742192
6.739999999999943,7,4,100.90516762817867,16.35588796152116,0.16209167821602855,0.3815986315426799,1,30.128342667146704,4.218372960458997,0.1400134420622778,0.1400134420622778,1,32.778482552414935,3.3649304756415854,0.10265668858406858,0.10265668858406858,2,16.45263266937123,2.516476608147153,0.1529528227316416,0.17233861420009583,3,21.5457097392458,6.256107917273424,0.29036443881344226,0.3815986315426799,-0.03841909473635022,0.001655297915476146,0.26862627287595303,0.011775539407236659,0.01366999760426408,0.00033832033222998633,0.0005118841947999278,0.019170200873494705,0.05290661320134482,0.013246387710086186
6.749999999999947,7,4,99.87521458604128,17.871791186936214,0.17894120439200542,0.46121114762561294,1,30.095169945056327,4.260185614490825,0.14155712103531873,0.14155712103531873,1,32.79832852743327,3.3214971766730206,0.10127031851317803,0.10127031851317803,2,19.94474375659616,3.7881948258339797,0.18993449462498815,0.25104063958849426,3,17.036972356955523,6.50191356993839,0.38163550622208503,0.46121114762561294,-0.03841624635289225,0.0016547008272127252,0.2686249978063374,0.011778404672679745,0.013672744810615893,0.000340393592097938,0.0006813786559536921,0.013226968683725669,0.08089863914746519,0.01810920159017781
6.75999999999995,7,4,101.00847631734837,16.492850132543197,0.1632818426121583,0.3771826241680328,1,30.135778350124887,4.2229254457767755,0.14012996102884048,0.14012996102884048,1,32.77195318804992,3.358369101341795,0.10247692842934984,0.10247692842934984,2,16.626354705480615,2.6875668403378232,0.16164498399952393,0.2110196423511435,3,21.474390073692945,6.223988745086804,0.2898330860028225,0.3771826241680328,-0.03841334278741927,0.0016541259658656127,0.26862375074098693,0.011781324205200042,0.01367568295593962,0.0003172323054268514,0.0005869783570991941,0.03527024084885341,0.04106387633697998,0.010252072500567823
6.769999999999953,7,4,100.99588718943306,16.63632165855538,0.1647227636839453,0.3879001126494813,1,30.134115699679157,4.231326055708607,0.14041646676738745,0.14041646676738745,1,32.76721917498681,3.363369770151241,0.1026443456245046,0.1026443456245046,2,16.53366068513421,2.581054398519359,0.15610907031859217,0.1887894356244764,3,21.560891629632877,6.460571434176174,0.29964305489560034,0.3879001126494813,-0.038410296696282695,0.0016538678108078285,0.26862267612324087,0.01178440831993466,0.013680254124725948,0.0003214563343193886,0.0004789912580187167,0.05224224020953715,0.06618541987045175,0.020137791050414897
6.779999999999957,7,4,100.88086782881129,16.734136694891482,0.1658801817931255,0.39826474020381747,1,30.132347496677443,4.239725670802059,0.14070346398565708,0.14070346398565708,1,32.76238744810693,3.3686307037018723,0.10282006184798105,0.10282006184798105,2,16.340038516299778,2.419795771060996,0.14808996739188604,0.14911970885896664,3,21.646094367727144,6.705984549326557,0.3098011325001301,0.39826474020381747,-0.03840733511996087,0.0016536321199310826,0.26862158410327125,0.01178741460697276,0.013684762812624408,0.0003430761845553283,0.0007161539458700743,0.055714064491966774,0.13736917244160646,0.039075668512641853
6.78999999999996,7,4,101.01494651221357,16.654600343592318,0.16487263438365168,0.37930803062041896,1,30.141781329341416,4.235573847898817,0.1405216832283138,0.1405216832283138,1,32.76052690281792,3.3571967161894025,0.10247688403023306,0.10247688403023306,2,16.650455567622743,2.7156904449782844,0.16310006858064696,0.21662769933153944,3,21.462182712431485,6.346139334525813,0.29568937230461445,0.37930803062041896,-0.038404506582218036,0.001653041420738962,0.268620237155376,0.011790270204423232,0.013686755634001605,0.00030110008427183045,0.0004768962372353897,0.05252627308255575,0.06169961721578432,0.013645812210766023
6.799999999999963,7,4,96.33605583236769,16.529736010892787,0.17158410595152274,0.46785361221413707,1,30.125711662219963,4.265244855641906,0.14158154680179263,0.14158154680179263,1,32.79170007024723,3.2969009311293243,0.10054071378021322,0.10054071378021322,2,16.523457101459854,2.4385672580777396,0.14758214598216804,0.18019598654485758,3,16.895186998440643,6.529022966043819,0.38644277607856137,0.46785361221413707,-0.03840153920702626,0.0016527483145027126,0.2686190917342143,0.011793280596422293,0.01369072093462373,0.00031062770679988176,0.0006035229927299991,-0.017462130903729868,0.07152607072865431,0.025710648507685296
6.809999999999967,7,4,100.48674015331554,16.082083557048822,0.16004184763593604,0.3564392747616694,1,30.145725117360893,4.242010771547377,0.14071682651628795,0.14071682651628795,1,32.74965259508774,3.36115548835813,0.10263179063042288,0.10263179063042288,2,16.332817842779583,2.4223005030981914,0.14830879315592457,0.1483836218540461,3,21.25854459808732,6.056616794045124,0.28490270188063826,0.3564392747616694,-0.03839853154430015,0.0016526987386768445,0.2686179941614156,0.011796359205040146,0.013695120595985315,0.00036255353327036824,0.0006989335366483732,-0.03439298671051262,0.09623850180145278,0.029309020799280956
6.81999999999997,7,4,101.1845912952976,17.236657461896208,0.17034863946421114,0.4012038579236214,1,30.14160806949895,4.257255236843039,0.14124180856664587,0.14124180856664587,1,32.749207871751196,3.366165304823373,0.10278615953111217,0.10278615953111217,2,16.645443524062607,2.718175823167455,0.16329849182078374,0.21494563083388232,3,21.648331829984834,6.895061097062341,0.3185031138294027,0.4012038579236214,-0.03839556932734121,0.0016529542157507355,0.26861709867679223,0.011799412256333065,0.013701801866800215,0.00032888613413699656,0.0010169650540403803,0.12016372104515985,0.14131301526848636,0.05339774775937169
6.829999999999973,7,4,100.68452931613112,16.055060785712843,0.15945906381806554,0.3467434389735288,1,30.15040581160834,4.2519899048837955,0.14102595936691234,0.14102595936691234,1,32.74546975978499,3.3556979640128675,0.10247823557364356,0.10247823557364356,2,16.582281997366792,2.6412833173107373,0.1592834639846412,0.2003068434203575,3,21.206371747371,5.8060895995054445,0.27378986224860635,0.3467434389735288,-0.03839244406206588,0.0016533625445511917,0.2686158157040278,0.011802692437515208,0.013703399043269348,0.000325046684094936,0.0004297868490612286,-0.02746547179984448,0.09328462763407178,0.03039716816528229
6.839999999999977,7,4,100.59242835687753,16.121039107511464,0.1602609597048192,0.3540537838974933,1,30.14901837185355,4.260145080041014,0.1413029448420845,0.1413029448420845,1,32.73924874784792,3.3657007409927067,0.10280323677903415,0.10280323677903415,2,16.45028764486527,2.5040945626305557,0.15222193171875473,0.17054286000050276,3,21.2538735923108,5.991098723847189,0.281882674131206,0.3540537838974933,-0.03838928295911938,0.0016540922948788436,0.2686148671186493,0.011806013746995702,0.013709094176279288,0.0003411345328083051,0.0003317716074019156,-0.00541294816823997,0.05842886647323463,0.01429712547805708
6.84999999999998,7,4,100.79288217382363,16.38679615860672,0.16257890245014192,0.351625787147957,1,30.152648133664947,4.2649671117710195,0.14144585553032246,0.14144585553032246,1,32.736984675157935,3.3660787575053557,0.10282189367488277,0.10282189367488277,2,16.665539820315786,2.738724383051286,0.1643345737719639,0.21995464867843584,3,21.237709544684957,6.017025906279061,0.2833180241785964,0.351625787147957,-0.038386152125044384,0.0016550872965394809,0.26861404088198576,0.011809328149735458,0.013716418849118749,0.00031287086976416166,0.00038452781983613595,0.03419653750389341,0.0554230701742144,0.015488255926980984
6.8599999999999834,7,4,100.85538564041617,16.590016198347538,0.16449311152799118,0.3703430691397573,1,30.151717017464286,4.27200284496832,0.14168356788749104,0.14168356788749104,1,32.732038035428594,3.367985050059445,0.10289567201449527,0.10289567201449527,2,16.58547432733414,2.6293211317135166,0.15853156079957223,0.19960997568762925,3,21.386156260189153,6.320707171606255,0.2955513414709498,0.3703430691397573,-0.03838293301853216,0.0016552987391612638,0.26861297224659675,0.011812648008998748,0.013721253415963591,0.0003261824169730186,0.0005502688940729868,0.06328154790124511,0.07293477743300428,0.021298685211321167
6.869999999999987,7,4,100.7806692257515,16.646043692487197,0.16517099777537295,0.3784664177915331,1,30.151074621433953,4.2787471115864015,0.1419102690470841,0.1419102690470841,1,32.72686149850268,3.3717418215690516,0.10302673911225235,0.10302673911225235,2,16.44891384330102,2.4923695620095736,0.1515218321253847,0.169529513920531,3,21.453819262513836,6.503185197322171,0.30312482443091887,0.3784664177915331,-0.038379776550993484,0.001655546679145146,0.26861196847361046,0.011815903829655137,0.013726821390861451,0.0003514901580087255,0.0007800308070106711,0.06689666597952552,0.11592375686807566,0.03621285033802312
6.87999999999999,7,4,96.61119216002916,16.98589800840652,0.175817083182978,0.46779180252880653,1,30.140349248006864,4.305201978971231,0.14283849014310698,0.14283849014310698,1,32.759934624511416,3.290076159713013,0.10042987562164836,0.10042987562164836,2,16.655921470126096,2.5989855291472854,0.15603973240440652,0.2068691073551652,3,17.054986817384794,6.791634340574989,0.39821985283811645,0.46779180252880653,-0.03837687944000067,0.0016555256208520236,0.26861079163971646,0.011818887343001148,0.013730833242840058,0.0003194667831019005,0.0011272307034922704,0.05028594908698201,0.06042952616465773,0.01502992494987854
6.8899999999999935,7,4,96.17543144120802,16.356777460214882,0.17007230656629568,0.45568054689917475,1,30.14639607947037,4.302035663464952,0.14270480796855944,0.14270480796855944,1,32.75538285814166,3.286152520115955,0.10032404549651451,0.10032404549651451,2,16.576481143904093,2.4640019005022626,0.14864444866867207,0.18798439900024044,3,16.6971713596919,6.304587376131712,0.3775841572394359,0.45568054689917475,-0.038373821762605294,0.0016551801626208556,0.2686095399268502,0.011821992177097,0.013733791022530353,0.0003061476033545565,0.0005340925944241646,-0.023781920666521378,0.08884944015555549,0.03493803488987533
6.899999999999997,7,4,96.11523016201264,16.44259908520165,0.17107173397479117,0.4584513580045442,1,30.146025407303615,4.308223141492299,0.1429118128603622,0.1429118128603622,1,32.749631078254396,3.2884400277359194,0.10041151364051329,0.10041151364051329,2,16.44159732905355,2.3905373910334915,0.14539569016261153,0.16530311052848007,3,16.777976347401083,6.455398524939939,0.3847542988067142,0.4584513580045442,-0.03837074514042929,0.0016552751906797707,0.2686085383251466,0.011825147989788416,0.013739303555464932,0.0003307486901597513,0.0006969236565519977,-0.025764588179626305,0.0824711788826221,0.02397817454203931
6.91,7,4,96.4806379862917,16.877225652958614,0.17492862822234434,0.4646483550728893,1,30.14958685129292,4.312942865058301,0.14305147484544542,0.14305147484544542,1,32.74731891244753,3.2855547120634303,0.10033049486730845,0.10033049486730845,2,16.65621494775652,2.5851741130890935,0.15520777806948866,0.20586877075914783,3,16.92751727479472,6.693553962747791,0.39542443549678574,0.4646483550728893,-0.03836792507827902,0.0016552161313875369,0.26860742477120375,0.011828043215215963,0.01374391325637097,0.0003007396065391725,0.0009355122775277455,0.033140423610575266,0.05183728456910969,0.014726150397033066
6.9200000000000035,7,4,100.70074148799142,16.491897528889226,0.16377136141401588,0.3577159127740289,1,30.170075706577983,4.2875410559158755,0.142112373121459,0.142112373121459,1,32.70642933325273,3.355324026515046,0.10258912681439297,0.10258912681439297,2,16.584275186332544,2.616470729703715,0.1577681689616441,0.19810759306877115,3,21.23996126182817,6.232561716754589,0.2934356442521185,0.3577159127740289,-0.038364915431907724,0.0016548858807811661,0.26860621534618434,0.011831098254145812,0.013747225801821696,0.0003094222078428263,0.0004326643432690528,0.04402801989160481,0.049887275711435294,0.009936100282197087
6.930000000000007,7,4,95.93340592683407,16.40948856725337,0.17105082852753567,0.4584180447868642,1,30.154895994047802,4.315889840240388,0.1431240167796397,0.1431240167796397,1,32.736662040374966,3.2843912092541268,0.10032761450154579,0.10032761450154579,2,16.332218201902787,2.364318281637725,0.14476406403646197,0.1506073403814659,3,16.709629690508514,6.444889236121129,0.38569910617360875,0.4584180447868642,-0.03836206429174907,0.0016547181940559385,0.2686050605874315,0.0118340138537543,0.013751291197710838,0.000324308349715357,0.0006084311381217259,-0.04767257671791918,0.1110262231071826,0.029190432062524543
6.94000000000001,7,4,100.5468178962853,16.24311749726231,0.16154780267653215,0.3331766221272171,1,30.18005317305794,4.288273228889015,0.14208965121099265,0.14208965121099265,1,32.698264246530904,3.3480194581495315,0.10239135120160811,0.10239135120160811,2,16.641508373308127,2.6946165249808383,0.16192141148111452,0.21322935653108988,3,21.02699210338833,5.912208285242928,0.28117232632099687,0.3331766221272171,-0.03835920977071713,0.001654642456907289,0.26860390845042786,0.011836945401976915,0.013755346774620087,0.00032322928876908,0.0007473532849869298,0.0028664892365498455,0.07851215405724087,0.023381743948189048
6.9500000000000135,7,4,100.54218807656672,16.288629246513644,0.1620079049215562,0.3402617490718754,1,30.179686909958008,4.29483828208732,0.14230890780613786,0.14230890780613786,1,32.69307512718955,3.351665299863489,0.10251912023644542,0.10251912023644542,2,16.583450534656677,2.6081861846759455,0.1572764473367751,0.19667737306428532,3,21.08597550476248,6.0339394798868895,0.2861588963965202,0.3402617490718754,-0.038356134265458273,0.001654654996735809,0.2686028774659599,0.011840092338019444,0.013760450730149002,0.00032268823645568496,0.0005145197081605972,0.013645359508310908,0.041797465900359446,0.010123315256637932
6.960000000000017,7,4,96.26099105023141,17.023191138410233,0.17684412920210954,0.4709892910905853,1,30.157996672995164,4.332579898461604,0.14366272221062987,0.14366272221062987,1,32.7227438481377,3.2859307810540113,0.10041733652604497,0.10041733652604497,2,16.336166421714804,2.4162855212586862,0.1479101925679972,0.15491986693167564,3,17.04408410738374,6.988394937635933,0.4100188014566568,0.4709892910905853,-0.03835322503492656,0.0016548148960849904,0.26860188222012643,0.011843092223514803,0.013766143687990008,0.00036130844507651977,0.001311985255154643,0.016422369523519165,0.09156937085050429,0.029233218381109555
6.97000000000002,7,4,96.15183494593988,16.55926520598852,0.17221996039179857,0.45673206478961914,1,30.168379162436754,4.327871074815619,0.14345719574501822,0.14345719574501822,1,32.72160058165636,3.276412133768751,0.10012994705416392,0.10012994705416392,2,16.63926765815229,2.5342003935313526,0.15230239969664408,0.19984725177175308,3,16.62258754369448,6.420781603872799,0.38626847877895054,0.45673206478961914,-0.038350372393490775,0.0016546886234825428,0.2686006559545199,0.011846023805360687,0.01376944157259955,0.00028875419307952243,0.0005220965480549,-0.014557699381399662,0.09950468766946402,0.03446571652110236
6.9800000000000235,7,4,100.36210028211046,16.09810396323642,0.16040022994721947,0.3269943318580074,1,30.189360504887137,4.301768859836515,0.14249287788458231,0.14249287788458231,1,32.67948744858894,3.346758164081337,0.10241158675901589,0.10241158675901589,2,16.528498037805967,2.5567840146331275,0.1546894345018491,0.18509412117438076,3,20.964754290828417,5.8927929246854385,0.2810809438994186,0.3269943318580074,-0.03834740271201462,0.0016545705398193465,0.2685994837808657,0.011849065300341561,0.013773201401233306,0.00034363854060839063,0.0007524221734354339,-0.01772509695117476,0.07034709426358918,0.025444033717565873
6.990000000000027,7,4,103.80052870339696,17.680189588044257,0.17032851189577475,0.3356024272428504,1,30.17173135656275,4.319292114048721,0.1431569194026122,0.1431569194026122,1,32.66130385009413,3.3688568517676085,0.10314520409931215,0.10314520409931215,2,19.92906769454931,3.9187580843095153,0.19663529395212567,0.2652528181521139,3,21.03842580219077,6.073282537918411,0.28867571152999427,0.3356024272428504,-0.03834460591114581,0.0016545862695503115,0.26859838064210356,0.01185194743026515,0.013777903526163347,0.0003483081118126214,0.0005080796065159313,0.025524251508979752,0.06189190936594738,0.01543744658912439
7.00000000000003,7,4,100.50490064163075,16.34332347501574,0.16261220468533125,0.3333451146507076,1,30.192893674836263,4.312162786659893,0.14282045414725483,0.14282045414725483,1,32.67177459347765,3.3481231340735436,0.10247754141710863,0.10247754141710863,2,16.619503115921702,2.6497802631287906,0.15943799550723428,0.2049239703974807,3,21.02072925739514,6.033257291153514,0.2870146519313073,0.3333451146507076,-0.03834158859588243,0.0016549292715054547,0.2685974287497057,0.011855074212987577,0.013783887082377025,0.00031075529582520983,0.0004374945461535529,0.02139661838834344,0.04647779489391115,0.008475874866619165
7.0100000000000335,7,4,100.40601951864416,16.3377712351554,0.1627170493709461,0.34287066576905784,1,30.19238293171218,4.318391178041027,0.14302916029543533,0.14302916029543533,1,32.66628540856798,3.3512790975113127,0.10259137381541128,0.10259137381541128,2,16.44881290903934,2.48046329330549,0.15079892433710929,0.16783515433649474,3,21.09853826932466,6.18763766629757,0.293273286865272,0.34287066576905784,-0.03833866825955363,0.001654981957448318,0.2685963340196257,0.011858082059312684,0.013788528009733693,0.00032473316782054984,0.0003897687700744376,0.0218292589461521,0.0625235056404787,0.015390307642575941
7.020000000000037,7,4,100.74846678513603,16.81431107041863,0.16689396481117802,0.35943598148333517,1,30.19581575209649,4.322797268323218,0.1431588172286118,0.1431588172286118,1,32.664464539121624,3.345056980779593,0.10240660693437299,0.10240660693437299,2,16.657678823856763,2.7094322762748013,0.16265365090329462,0.21448286679471798,3,21.23050767006115,6.437024545041015,0.303196920444742,0.35943598148333517,-0.03833598675717353,0.0016548148122439207,0.26859511364724176,0.01186083935873088,0.01379214474170405,0.00028415646622442846,0.000591176165825957,0.0866408212484397,0.10220220037894631,0.031538715827728374
7.03000000000004,7,4,100.67532648794466,16.770170461966476,0.16657676758539855,0.35989489796495705,1,30.195762130521178,4.328829231707643,0.14335883336861244,0.14335883336861244,1,32.65880146267682,3.349880830654292,0.10257206880303332,0.10257206880303332,2,16.582488103282078,2.602162433017987,0.15692231568692974,0.1949022881535204,3,21.23827479146458,6.489297966586553,0.3055473210655758,0.35989489796495705,-0.03833295605099951,0.0016549828595798337,0.2685941231724911,0.011863959589586475,0.013797692015733543,0.0003167553743222272,0.0007417290511568018,0.08298167554607437,0.09629630244908308,0.03672052606871502
7.040000000000044,7,4,96.09039184375462,16.929970708025955,0.1761879661762074,0.4666444613455056,1,30.181094827719473,4.356246125994917,0.14433691523986644,0.14433691523986644,1,32.68760991820056,3.275361339641398,0.10020192200769219,0.10020192200769219,2,16.332318342812876,2.4055360860677055,0.14728687229674742,0.15315656132393926,3,16.889368755021707,6.892827156321935,0.40811632786882546,0.4666444613455056,-0.038330133274154854,0.0016548679644035104,0.2685929200348766,0.011866861174967205,0.013801268179394309,0.00034419004793262117,0.0011281148102958369,5.856551495966129e-05,0.07440965515452173,0.03017201371122677
7.050000000000047,7,4,96.44462558745943,17.18316859548215,0.1781661600199779,0.46780012381874087,1,30.185293508549325,4.3606096872254,0.144461397600469,0.144461397600469,1,32.68521107280433,3.271995181108403,0.10010628886012796,0.10010628886012796,2,16.638021028726097,2.5813985824411945,0.15515057818380706,0.2008149149246936,3,16.93609997737967,6.969165144707153,0.4114976384182525,0.46780012381874087,-0.038327260257386836,0.0016551197429700137,0.26859189496755426,0.011869842245256718,0.013806663397589842,0.0003267818989750372,0.0012408850449467216,0.0520468534993038,0.06072796275769606,0.010939792660706167
7.06000000000005,7,4,95.84062791249856,16.46748650882159,0.17182156322949202,0.45472662874525804,1,30.19143274238274,4.356782569288756,0.14430526058383122,0.14430526058383122,1,32.68008025956188,3.2679977071562134,0.09999968424802225,0.09999968424802225,2,16.44103620586572,2.3906949269078805,0.14541023430475414,0.16472848542875076,3,16.528078704688216,6.452011305468741,0.39036668573211825,0.45472662874525804,-0.03832442475273122,0.0016549820188944573,0.2685906396213696,0.011872759493855035,0.013809667111071755,0.00031188523685834503,0.0005149437611717466,-0.04613760694701147,0.10517006298926207,0.036385508855381755
7.070000000000054,7,4,96.11886337992065,16.740781997534597,0.17416749854151695,0.45674249100677505,1,30.19541060720628,4.3609243668526565,0.14442341664371675,0.14442341664371675,1,32.67742451142262,3.2648350394119965,0.09991102690087313,0.09991102690087313,2,16.645901092980466,2.5646851422753456,0.1540730734821479,0.20201430029034628,3,16.600127168311282,6.550337448994598,0.3945956186106108,0.45674249100677505,-0.0383216762346362,0.0016551966655481165,0.2685895637348478,0.011875619122755941,0.013814697687648932,0.0002814344706819166,0.0006156370065640191,-0.0019409573486655236,0.08653276258350774,0.02664206609665083
7.080000000000057,7,4,100.31625646021438,16.180597355977838,0.16129586496676235,0.32003943020587905,1,30.216480468944965,4.334555552998105,0.14345004731616415,0.14345004731616415,1,32.635615533100626,3.335796721499583,0.10221338458029866,0.10221338458029866,2,16.577170612496907,2.5895476794765457,0.15621168050984424,0.1936953454894616,3,20.886989845671877,5.9206974020036025,0.283463411709872,0.32003943020587905,-0.038318724161656395,0.0016550303107816513,0.2685883703881909,0.011878639781879525,0.01381822401505511,0.0003231386697195966,0.0006056048532599499,-0.0001980578530382665,0.052659917252605604,0.017592400972895536
7.09000000000006,7,4,100.08992726135979,16.04019899339258,0.16025787441634975,0.3223457595539502,1,30.21619469680676,4.340414574934475,0.143645307375292,0.143645307375292,1,32.629434588503806,3.339471927822477,0.10234538139986832,0.10234538139986832,2,16.337243548607507,2.3786783933318425,0.14559851459976475,0.1481756981086339,3,20.907054427441714,5.981634097303784,0.2861060183328621,0.3223457595539502,-0.03831585120524169,0.0016552231936807083,0.2685873310273146,0.011881614486987244,0.013823454893876687,0.00033840965936075536,0.0004610757706530644,-0.021876157432622785,0.0808264621773397,0.03073764207889294
7.100000000000064,7,4,100.44061187080479,16.400498441326107,0.16328552898922813,0.32739424937668277,1,30.22036943392909,4.344226406019514,0.14375159825617992,0.14375159825617992,1,32.62717060434179,3.3338617460288376,0.1021805349430205,0.1021805349430205,2,16.643211960292238,2.662110149726055,0.15995170620174634,0.20791768251477297,3,20.949859872241667,6.0603001395517015,0.28927640454443004,0.32739424937668277,-0.03831299013618423,0.0016554026012928788,0.2685862667652895,0.01188457863202211,0.013828449043033255,0.00029716353616189204,0.0003792193355341455,0.035547420885241425,0.04176641577437048,0.01042060085495016
7.110000000000067,7,4,100.27604790777355,16.29478758168117,0.16249929989929304,0.3315002405902871,1,30.220166347756983,4.349939996552229,0.14394162978772262,0.14394162978772262,1,32.62112136955954,3.3368642800096207,0.10229152585549747,0.10229152585549747,2,16.4485417148905,2.468101135217938,0.1500498450256913,0.16619766880929518,3,20.98621847556652,6.139882169901384,0.2925673425657806,0.3315002405902871,-0.03831013746210079,0.0016555658655626139,0.2685852031133056,0.011887532251182232,0.013833448292399079,0.0003187347389151477,0.0003822195042526461,0.022387291241938147,0.06422772109457163,0.015859659002678245
7.12000000000007,7,4,100.54615615803849,16.63772794892028,0.16547353558468303,0.33931561327281845,1,30.224101719595488,4.35375217004517,0.14404901791415223,0.14404901791415223,1,32.61865316080488,3.3310369462657428,0.10212061576682058,0.10212061576682058,2,16.654206251164823,2.6921543183357426,0.16165011275439495,0.21161751857611882,3,21.049195026473292,6.260784514273624,0.2974358167331111,0.33931561327281845,-0.038307416922139105,0.001655719714882741,0.2685840853749435,0.01189036114150963,0.013838038011357629,0.00028493159451766235,0.00048144526975612005,0.07086499839873248,0.08319106808254856,0.02176424642593712
7.130000000000074,7,4,96.0239545828151,16.707956219197552,0.17399779348587344,0.4554035496115508,1,30.209968876660668,4.381238148966663,0.1450262384199766,0.1450262384199766,1,32.64776985100704,3.25441617123687,0.09968264864916908,0.09968264864916908,2,16.57327832810916,2.4679649316018075,0.1489122962121506,0.1846737305149768,3,16.59293752703823,6.604336967392212,0.3980209626312658,0.4554035496115508,-0.03830442206689294,0.001655751606768427,0.2685829761393091,0.011893441776928039,0.013842397884923115,0.00030719891048378386,0.000717441030001429,-0.007083259836790128,0.059894622244921966,0.021728055578917712
7.140000000000077,7,4,103.54639042147966,17.53505932903877,0.1693449598548372,0.31210479735110896,1,30.213929507157363,4.36534069645071,0.1444810644513024,0.1444810644513024,1,32.592873062460804,3.346607713178405,0.10267912579431043,0.10267912579431043,2,19.918983512195872,3.8880263840122837,0.19519200774636652,0.26814197049041355,3,20.820604339665625,5.935084535397372,0.28505822590799434,0.31210479735110896,-0.03830170204351674,0.0016557682594706294,0.2685817756661476,0.011896261033570379,0.013846121393952767,0.00034599796371290246,0.0005491577527856579,0.014743599267184566,0.0729161658675241,0.017478395681012938
7.15000000000008,7,4,100.28606081944204,16.226996948084206,0.1618071027567806,0.3137815369442963,1,30.235305352465886,4.358236997732485,0.14414397165587223,0.14414397165587223,1,32.60297837452982,3.3230088519776304,0.10192347502133853,0.10192347502133853,2,16.615486389898983,2.6206356639424415,0.15772247663695232,0.2005716270953523,3,20.83229070254736,5.9251154344316515,0.2844197750037701,0.3137815369442963,-0.03829878733851256,0.0016560010313278386,0.2685807411773358,0.011899282042954781,0.013851370249025548,0.00030757234018770444,0.00047219857778321977,0.0140733159593457,0.04863003862885389,0.011648442508868435
7.160000000000084,7,4,100.04712811149699,16.077602976783552,0.160700294753748,0.31930298163401694,1,30.23503487501671,4.363696062290999,0.14432581541014636,0.14432581541014636,1,32.5966129786607,3.3257663095413146,0.10202797179322036,0.10202797179322036,2,16.337561389990203,2.374775686110527,0.14535680261103834,0.14775324355622374,3,20.877918867829372,6.013364918840711,0.28802511193329045,0.31930298163401694,-0.038296004423831534,0.0016561703037479246,0.2685796487555279,0.011902171606172353,0.013856160415564723,0.0003268645616052639,0.00037912562557613084,-0.008233546011895541,0.06967597118852346,0.030644053601309725
7.170000000000087,7,4,100.41614870605196,16.468678442456277,0.16400428272413647,0.3278554740019542,1,30.23926244611329,4.367209385247795,0.14442182222632619,0.14442182222632619,1,32.594195889583254,3.3189705280168584,0.10182704120881733,0.10182704120881733,2,16.636514887268937,2.650641903419479,0.15932675331225038,0.2055842013309229,3,20.94617548308648,6.1318566257721425,0.2927434953805035,0.3278554740019542,-0.03829322501877455,0.0016562546086591595,0.2685785208257743,0.011905050187805181,0.013860585845001515,0.00028714933416942347,0.0003857109030781112,0.05289601214811468,0.06132830996746681,0.012459922642603715
7.18000000000009,7,4,95.75806365146822,16.51677025807639,0.1724843802000078,0.45096383917418226,1,30.22492058972191,4.394362417443153,0.14538871671800094,0.14538871671800094,1,32.623229572268095,3.242404762807561,0.0993894474985953,0.0993894474985953,2,16.43621375609599,2.3791232141312815,0.1447488606218019,0.16219774793281475,3,16.47369973338222,6.500879863694395,0.3946217285071092,0.45096383917418226,-0.038290431955264506,0.0016562362854767086,0.26857735647055114,0.011907932332712586,0.013864586915657404,0.0003077798166207915,0.0005606369917295165,-0.0407923620056192,0.09842299443748947,0.03157709268277089
7.190000000000094,7,4,95.99299455401308,16.721432047667868,0.17419429537911849,0.45168336966597583,1,30.2292798261023,4.397932392977636,0.14548584743921425,0.14548584743921425,1,32.620233409467204,3.237940635642349,0.09926172492385103,0.09926172492385103,2,16.643922506022932,2.544203084459674,0.15286078648461646,0.19865024206349247,3,16.499558812420645,6.541355934588208,0.39645641492328654,0.45168336966597583,-0.03828770927913431,0.0016564772046210022,0.2685762911607598,0.011910769569418993,0.013869703396367778,0.0002790334995113691,0.0006063378842061717,-0.004139963299038631,0.08521936774288567,0.027047652603999696
7.200000000000097,7,4,100.04798489540823,15.963596594642688,0.15955940153448656,0.2983668078064575,1,30.250801559613308,4.370719497499982,0.14448276647767122,0.14448276647767122,1,32.577856551644174,3.3111166186014622,0.10163703107208731,0.10163703107208731,2,16.51913713332371,2.5144779689469097,0.152216059994714,0.17889191877084204,3,20.70018965082704,5.767282509594334,0.2786101290315431,0.2983668078064575,-0.03828482032281741,0.0016565189056265291,0.26857513778508685,0.01191375314165583,0.013873672238697645,0.0003349325820505047,0.0007164513718787748,-0.022793647952263504,0.07501096049864456,0.026830690438812553
7.2100000000001,7,4,99.79878931182513,26.943770830221055,0.2699809388071253,0.8513011645742885,1,30.235229069135347,4.39196737744583,0.14525993394669623,0.14525993394669623,1,32.58700603586112,3.280069958285859,0.10065576305709797,0.10065576305709797,2,16.662496775245014,2.9603657021862664,0.17766639310528753,0.2295692761236842,3,20.31405743158365,16.3113677923031,0.8029596178527438,0.8513011645742885,-0.03828201758106215,0.0016575347992895339,0.2685743990248955,0.011916737902104676,0.013882040946615675,0.0003059260671784983,0.0006206971533532866,0.06926600128420445,0.08125907750580803,0.019503987515919582
7.220000000000104,7,4,96.10602222932442,16.772071728085166,0.17451634495978105,0.4494603098981811,1,30.23187337497058,4.415705666566397,0.14606126493709864,0.14606126493709864,1,32.60526784265924,3.2357879028617984,0.0992412612120377,0.0992412612120377,2,16.565585587368705,2.5041278725925693,0.151164464388266,0.1851631079996943,3,16.7032954243259,6.6164502860644,0.3961164619305308,0.4494603098981811,-0.038279080480458395,0.001658059751452895,0.2685732189454074,0.011919839263164481,0.013885201930758498,0.0003414309848009951,0.0011930072313010894,0.018491093680933796,0.037301650613668434,0.005003000205543598
7.230000000000107,7,4,103.47595548510844,17.4635950667965,0.1687695946843394,0.30428544033360955,1,30.23631984496507,4.397472448463007,0.14543676184835935,0.14543676184835935,1,32.55016923423842,3.3348374465084865,0.10245223066308007,0.10245223066308007,2,19.907616273954236,3.872904691239481,0.19454386893655995,0.2724364098061716,3,20.781850131950712,5.858380480585525,0.2818988898191819,0.30428544033360955,-0.03827630356636168,0.00165864206690241,0.26857214063577145,0.011922779015740997,0.013890069310648918,0.00033462131986890286,0.0003166372152357491,0.03152511237582117,0.05104331649781655,0.013976466212226151
7.24000000000011,7,4,100.15476586895242,16.05049412974143,0.16025691828527372,0.29696416875845255,1,30.258661635554652,4.390730235908032,0.14510655787725982,0.14510655787725982,1,32.559601159227014,3.3124259731567536,0.10173423061781119,0.10173423061781119,2,16.61226986089904,2.600476941334119,0.15653953150947572,0.1973690348480684,3,20.72423321327172,5.746860979342524,0.2773015011075178,0.29696416875845255,-0.038273240690223226,0.0016594353208514102,0.2685712539364281,0.011926006331749478,0.013896768065060941,0.0003093876791844117,0.0003824720671686552,0.014554368650564134,0.046683653049910276,0.011565610336215613
7.250000000000114,7,4,99.9506424155137,15.936048608768177,0.1594391814163536,0.3071519582264796,1,30.25891570550153,4.395020051415746,0.1452471097838005,0.1452471097838005,1,32.55303146656012,3.312559405227219,0.10175886103357296,0.10175886103357296,2,16.33690959109591,2.349367876817193,0.14380736232375715,0.1485573200112929,3,20.80178565235613,5.8791012753080185,0.28262483680780154,0.3071519582264796,-0.03827043718742944,0.0016595892044982128,0.2685701078839327,0.011928920818583866,0.013901136978752964,0.00032792898616175844,0.0003821183913101853,-0.0014980330213377204,0.07735211477597341,0.031429025418619694
7.260000000000117,7,4,100.2920919943321,16.27348388428119,0.1622608877796753,0.31207677659086186,1,30.26393359280124,4.397447956123398,0.14530325156308832,0.14530325156308832,1,32.55026997424417,3.3046754809920733,0.10152528638339839,0.10152528638339839,2,16.637789196181966,2.624570401233266,0.15774754507861846,0.20240980280034535,3,20.84009923110472,5.946790045932454,0.2853532500006824,0.31207677659086186,-0.038267602217740455,0.001659775907829425,0.26856901294794583,0.01193186473664995,0.013905956130317514,0.00029027526380005395,0.0004021058524295429,0.051592884717431925,0.06020153620088606,0.011719585372438387
7.27000000000012,7,4,99.98314926023616,16.024915452100174,0.16027616224000427,0.31168355621252253,1,30.264490261068868,4.401427187071499,0.14543206077828225,0.14543206077828225,1,32.54345790074222,3.3070756157707524,0.10162028957885658,0.10162028957885658,2,16.33616534394224,2.353145227603682,0.14404514021867884,0.1483033707426044,3,20.839035754482836,5.96326742165424,0.28615851001510173,0.31168355621252253,-0.03826485335585256,0.001660027965667183,0.2685679500774219,0.011934729305520395,0.013911140489401766,0.00031771091283731346,0.00042256468246929923,0.013971935928775197,0.09397626742865624,0.031228648387247412
7.280000000000124,7,4,100.24048882813119,16.233846281767924,0.1619489935808464,0.30585825546374157,1,30.269872421892924,4.4035005185250595,0.14547469699080043,0.14547469699080043,1,32.54037799240595,3.3016474680342864,0.10146309513690352,0.10146309513690352,2,16.633514744586748,2.624933507555184,0.15780991256880625,0.2018984844127537,3,20.796723669245566,5.903764787653396,0.28387956110528845,0.30585825546374157,-0.038262058711142584,0.001660334649410869,0.2685669393285776,0.011937640269445892,0.013916773212823662,0.00029000083622061294,0.0003804693417741999,0.04747210565624939,0.05505221065009049,0.008593457071798163
7.290000000000127,7,4,96.14663131120108,17.01153701746853,0.1769332610562996,0.45196311722137233,1,30.249886206649926,4.438455294721795,0.14672634681667251,0.14672634681667251,1,32.56808281254404,3.2255204862016966,0.09903931111841018,0.09903931111841018,2,16.435397475284,2.418717434238146,0.14716513171497553,0.1635650041681632,3,16.893264816723114,6.928843802306892,0.41015421693075194,0.45196311722137233,-0.03825930063602565,0.0016603701480081344,0.2685658524057266,0.011940486759318573,0.013921651474813968,0.0003612330783607979,0.001527884959315191,0.04757897932577704,0.10005647259900322,0.027690289660189805
7.30000000000013,7,4,100.06584834884563,15.830606876767618,0.1582018954316919,0.2805378390452502,1,30.279794633808752,4.404280425815416,0.14545278391346284,0.14545278391346284,1,32.531830138624116,3.287543243537065,0.1010562034022752,0.1010562034022752,2,16.64942280318388,2.6463214295629482,0.1589437340168267,0.20600844588924053,3,20.604800773228877,5.492461777852189,0.2665622365535492,0.2805378390452502,-0.03825662507388204,0.0016607243241607808,0.26856458576015013,0.01194331807157147,0.013924130699356054,0.00029757481428057834,0.000524204995868899,-0.018361074849453554,0.09999554280042505,0.030518420310832357
7.310000000000134,7,4,100.04520296120447,16.002374736816673,0.1599514445787278,0.30308018580103974,1,30.274083076019984,4.418201156243503,0.14594004862671292,0.14594004862671292,1,32.524805041417586,3.3045469838932866,0.10160082373084868,0.10160082373084868,2,16.441943637654777,2.4306979877094834,0.14783519766743283,0.16060397988398184,3,20.80437120611212,5.848928608970399,0.28113940820533145,0.30308018580103974,-0.03825371335147023,0.0016619183182267974,0.26856387408779014,0.011946431711816651,0.013932503781510237,0.00032842733803130553,0.0005653295242611338,0.03200186474295248,0.08345102393769856,0.01766406430354456
7.320000000000137,7,4,100.3088355648124,16.312261242467088,0.16262038284680586,0.3106967990276552,1,30.27924182526361,4.420017431226971,0.14597516862324839,0.14597516862324839,1,32.521533009570675,3.296786044728963,0.10137240589976988,0.10137240589976988,2,16.647991820923664,2.645939896664608,0.15893447841193173,0.20448697556662765,3,20.860068909054444,5.949517869846543,0.2852108444984148,0.3106967990276552,-0.038250985408009384,0.001662289127034709,0.268562758089538,0.011949298822477767,0.013937100478686354,0.0002915553098818818,0.0006136736049773441,0.0777891462689351,0.09135657637730754,0.027502765107273425
7.33000000000014,7,4,100.18495223999076,16.18158226857492,0.16151709320390062,0.3120582159315424,1,30.280487259463367,4.423225227559925,0.14607510076237504,0.14607510076237504,1,32.51475682442304,3.2975643792729366,0.10141747013762113,0.10141747013762113,2,16.520077726332797,2.477269505424884,0.14995507566384794,0.1739205488085413,3,20.869630429771554,5.983523156317174,0.28670958867490937,0.3120582159315424,-0.03824807915145984,0.0016624966047832266,0.26856169966267407,0.011952311622738956,0.01394216097150617,0.00031460425142255325,0.0006492648197223896,0.06286811127618612,0.09365259416951711,0.03061871503335285
7.340000000000144,7,4,100.32305954686575,16.35393369610884,0.16301270884256802,0.3114107374571445,1,30.28579928730942,4.424765186350091,0.14610032723171973,0.14610032723171973,1,32.51140866936993,3.2904857268469043,0.1012101862552323,0.1012101862552323,2,16.662110489909054,2.6540556290641177,0.15928688209524677,0.2067966795954607,3,20.863741100277352,5.984627153847728,0.2868434345060087,0.3114107374571445,-0.038245427312106374,0.001662679745547206,0.2685606000700986,0.011955075954059481,0.013947076178717868,0.00028163356977043623,0.0006143653763133521,0.08498294237273213,0.10060330848247871,0.03131129990129501
7.350000000000147,7,4,100.1673926280433,16.181790948905693,0.1615474908985039,0.31037752569994825,1,30.287109871516414,4.427827507459331,0.14619511489353074,0.14619511489353074,1,32.50461839035423,3.291386236766964,0.101259033323821,0.101259033323821,2,16.52058600755111,2.474828950747812,0.1498027339718237,0.1738152604681747,3,20.855078358621547,5.987748253931586,0.28711223956903686,0.31037752569994825,-0.03824258781741222,0.0016627469809379805,0.26855952766172675,0.011958005409453788,0.013951992620156289,0.00030747024515496106,0.0006280082702368921,0.06364622119714083,0.0941090624637003,0.0312417770240525
7.36000000000015,7,4,100.29865882242343,16.342631056415126,0.16293967684402832,0.30918445664810335,1,30.29243114016116,4.429263778382359,0.14621684730051662,0.14621684730051662,1,32.50126844274909,3.2843611602287237,0.10105332245767942,0.10105332245767942,2,16.65991121256977,2.649123431659281,0.1590118577379055,0.20616183606877383,3,20.84504802694342,5.979882686144762,0.28687305869554347,0.30918445664810335,-0.03823999318490875,0.0016628171403166876,0.2685584063097309,0.01196070053053354,0.01395665794226208,0.00027584488181483575,0.0005893924930026089,0.0840801563057598,0.09941627001521179,0.03107767952030002
7.370000000000154,7,4,95.79173453821547,16.398610211158143,0.1711902419369599,0.43138498328854347,1,30.27938183717982,4.454158495375086,0.14710202867833516,0.14710202867833516,1,32.52914858615088,3.2020536116135627,0.09843644087803825,0.09843644087803825,2,16.51133038736488,2.3779133155325067,0.1440170634192009,0.16847952753430273,3,16.47187372751988,6.364484788636989,0.38638499140530197,0.43138498328854347,-0.03823727670725284,0.0016624913794938236,0.268557172629378,0.01196347399964496,0.013959957289189032,0.00029590564745611965,0.0007558747171433367,-0.006068587605541116,0.05612172503458089,0.014503292990618505
7.380000000000157,7,4,100.30080447663417,16.371474710730396,0.16322376272210515,0.31029588970317584,1,30.298754549839696,4.434073016469393,0.14634505881011048,0.14634505881011048,1,32.491233624298,3.2779530453340766,0.10088730650358307,0.10088730650358307,2,16.658514245483467,2.64444318517856,0.1587442401050582,0.20535653358193345,3,20.852302057013002,6.015005463748367,0.2884576219595579,0.31029588970317584,-0.03823473146114517,0.0016625761153992588,0.2685561126653908,0.011966115340820854,0.013965241743807618,0.0002718613856661484,0.0006288649178522028,0.08922048846880162,0.10524933941528042,0.03489195388061344
7.39000000000016,7,4,95.78355251920888,16.417226405665673,0.17139922224510606,0.4312689120668731,1,30.2857343955418,4.458937545295666,0.14722897213125008,0.14722897213125008,1,32.518984618532926,3.197654707642561,0.09833193579544247,0.09833193579544247,2,16.51072675741876,2.375472221644029,0.14387447969706477,0.16795231056491522,3,16.468106747715396,6.385161931083416,0.38772896173807125,0.4312689120668731,-0.03823203084092073,0.0016622776672234798,0.26855490281031236,0.011968874324152608,0.013968715248948719,0.0002949575307177985,0.0007672970658087573,-0.005158450776335092,0.055133262728595755,0.013720244713249362
7.400000000000164,7,4,100.27989585716624,16.35918569012894,0.16313524810027885,0.30823424422523404,1,30.305082691493894,4.438988584488842,0.14647670259401038,0.14647670259401038,1,32.48109687603806,3.272765011489344,0.10075906684985526,0.10075906684985526,2,16.6583058541287,2.6401005695671955,0.15848553824654724,0.2046728362418993,3,20.835410435505587,6.007331524583559,0.28832316709952954,0.30823424422523404,-0.038229489417514924,0.001662382676079157,0.2685538489362812,0.01197151411068588,0.01397401567344985,0.00027189530474032843,0.0006280529770417362,0.08870048080631715,0.10443425844773524,0.034739660528606324
7.410000000000167,7,4,95.79237646698691,16.50477260241082,0.17229734986373252,0.43464876783352835,1,30.291634999658374,4.4637145162307394,0.14735799227348015,0.14735799227348015,1,32.508566568638926,3.1935520974809757,0.09823724742639994,0.09823724742639994,2,16.42974634586626,2.349785845846509,0.14302021445618468,0.15709744218301613,3,16.56242855282335,6.497720142852597,0.39231687080968264,0.43464876783352835,-0.03822699014522246,0.001661816711897987,0.2685524932618656,0.011974055841019684,0.013976177795975082,0.0002929118911838573,0.0008918830203218141,0.0011349131288402382,0.053639276790002494,0.018589238210896794
7.4200000000001705,7,4,99.92820977897406,15.815346032202195,0.15826708060900244,0.27444673528140734,1,30.318180907533492,4.4338568949067225,0.14624415984683942,0.14624415984683942,1,32.4698740486013,3.260484775157401,0.10041568902537373,0.10041568902537373,2,16.642565648607736,2.610725996708192,0.15687040398885835,0.20174640401522329,3,20.497589174231535,5.510278365429879,0.26882568084431624,0.27444673528140734,-0.03822439210577835,0.0016618788141590007,0.2685513851696378,0.011976752011401439,0.013980763685110585,0.00030837872094012156,0.0007513154826135329,-0.0021084390457221866,0.07679816611269576,0.024609367414445187
7.430000000000174,7,4,99.7516840254656,15.657148861647842,0.15696124847025872,0.2734323831212576,1,30.318891988721706,4.43767145712741,0.1463665446210295,0.1463665446210295,1,32.4630875172542,3.261037927879421,0.10045372074194027,0.10045372074194027,2,16.435775979462637,2.390042927628641,0.1454171029475654,0.1556511050517086,3,20.533928540027052,5.568396549012371,0.2711802828259494,0.2734323831212576,-0.03822179487151871,0.001661609949902972,0.2685501808682276,0.011979413180458896,0.013984397707712903,0.0003288890501748558,0.0006706835782357145,-0.02152708726601625,0.0767151239417348,0.019050938157158127
7.440000000000177,7,4,95.86551498282765,16.531757688276706,0.1724473883151625,0.43011064137510907,1,30.30319144620014,4.470740036653406,0.14753363666631267,0.14753363666631267,1,32.495153721072846,3.184430962119869,0.09799710410524358,0.09799710410524358,2,16.63898116374234,2.4854677492222588,0.1493761982637669,0.19024791612495054,3,16.428188651812327,6.391118940281172,0.3890336954205913,0.43011064137510907,-0.03821920760932284,0.0016617274636345606,0.26854916565441095,0.011982095339289576,0.013990032576273645,0.00027172053750219735,0.0007304793685063167,0.01073368669229016,0.06131063503098425,0.015494666414888508
7.4500000000001805,7,4,99.89598666514698,16.022237164045865,0.16038919779382801,0.3033679109903033,1,30.318085414120326,4.452751643257113,0.14686783754436192,0.14686783754436192,1,32.45358452418824,3.2656124190723412,0.10062409028002506,0.10062409028002506,2,16.32973071909543,2.317881900124772,0.14194244473451847,0.1510496387959325,3,20.794586007742982,5.9859912015916406,0.2878629658394124,0.3033679109903033,-0.038216642218902044,0.0016618480331016391,0.26854811017990954,0.011984761341211835,0.013995220974041416,0.0003095458230096326,0.0006565979834530796,0.041980652237235766,0.13230783114816244,0.033819624045379096
7.460000000000184,7,4,95.84075766319872,16.521581042676864,0.17238575158949188,0.43009736512152164,1,30.30919683902973,4.475915174754325,0.14767514951074534,0.14767514951074534,1,32.484900938136754,3.180284385031326,0.09790038735496721,0.09790038735496721,2,16.619642746511623,2.4616566803639146,0.14811730419900895,0.18608683809695734,3,16.427017139520604,6.4037248025272975,0.3898288257775678,0.43009736512152164,-0.0382140580950706,0.0016616097853756858,0.26854687244055325,0.011987418146556485,0.013998506853284626,0.00027458396808858354,0.0007327912769358912,0.008746485324370841,0.055983743774721484,0.014593758036700686
7.470000000000187,7,4,103.41327209885259,17.585087760698645,0.17004672034638926,0.30235813073549234,1,30.30711695619008,4.468446477243696,0.14743885021142,0.14743885021142,1,32.43058085046948,3.279648398177051,0.10112826573470308,0.10112826573470308,2,19.885939232881476,3.8095001271438136,0.19156752329026483,0.27857777517421334,3,20.78963505931155,6.027492758134086,0.28992778088398474,0.30235813073549234,-0.03821158647767437,0.0016617281451393941,0.2685457958294448,0.01198999435125352,0.014003612011029886,0.00031417687702421843,0.0006551468820163467,0.08873087029813574,0.10454826605136638,0.03408170116801796
7.4800000000001905,7,4,100.12528348107918,16.194375643793315,0.16174112153054318,0.29868970715946225,1,30.329455870517325,4.459607960622554,0.14703883840387827,0.14703883840387827,1,32.44002087263552,3.2550499763311214,0.10034056356224137,0.10034056356224137,2,16.600009694729636,2.5431374956839967,0.15320096448446183,0.18839309849192823,3,20.755797043196694,5.9365802111556425,0.2860203440417397,0.29868970715946225,-0.03820886550887587,0.0016617438435315326,0.26854470286465604,0.011992803460033032,0.014008242775009188,0.0002865460926502252,0.0005819206374763599,0.07270426589468415,0.08354980826480013,0.030747825950227545
7.490000000000194,7,4,100.17216700849121,16.27873083937367,0.16250752405100494,0.2974038451396989,1,30.334329591688658,4.461187864008285,0.1470672971533418,0.1470672971533418,1,32.43640622487021,3.249278513097326,0.10017381366391885,0.10017381366391885,2,16.6570346773563,2.647408618343507,0.15893636950533666,0.20504235469486232,3,20.74439651457604,5.920855843924552,0.28541952713660607,0.2974038451396989,-0.038206468157867685,0.0016617702654321727,0.26854352783129015,0.011995305981032902,0.014012422889862782,0.00026162219342220326,0.000539924106213975,0.08156041569698404,0.09592998298781506,0.029925981580759122
7.500000000000197,7,4,100.06593460914848,16.130256908249958,0.16119628494206115,0.2968052112502688,1,30.335453588159307,4.4647805018128155,0.14718027831156386,0.14718027831156386,1,32.42962113722638,3.2504680362717555,0.1002314526746198,0.1002314526746198,2,16.56214998089702,2.495479300049042,0.15067363252520705,0.17956694102250356,3,20.73870990286579,5.919529070116344,0.28543381424600334,0.2968052112502688,-0.038203700346049356,0.0016616630958927927,0.26854240319737205,0.011998148086015136,0.01401669505243011,0.00029028821243154673,0.0005596444349187473,0.06535521051454661,0.08168098464231255,0.029777152372482227
7.5100000000002005,7,4,100.15505296035491,16.251279467605027,0.16226120387593312,0.29626302356636897,1,30.340360564896354,4.46643454877788,0.147210991089721,0.147210991089721,1,32.42611559318883,3.2443251695792052,0.10005284660925226,0.10005284660925226,2,16.655488033099235,2.628192372139885,0.1577973798736436,0.20273128382345856,3,20.733088769170493,5.912327377108058,0.28516384813340107,0.29626302356636897,-0.038201269205833326,0.0016615973237938367,0.26854121571834744,0.012000672709545248,0.014020712191315125,0.00026350757574772587,0.0005302996022029183,0.08018326099511469,0.09407250323289054,0.02988205986985942
7.520000000000204,7,4,99.9981416643913,16.067870195422827,0.16068168795925228,0.29583422670688714,1,30.341306473580566,4.47013052719684,0.1473282151211639,0.1473282151211639,1,32.41923025582488,3.245831575907277,0.10012056271212938,0.10012056271212938,2,16.509042230430826,2.4378639703235216,0.1476684071853575,0.1678983857942515,3,20.728562704555028,5.914044121995187,0.2853089336819092,0.29583422670688714,-0.03819859276028848,0.0016614447677108176,0.26854006824667787,0.012003421651163255,0.014024827316828616,0.0002944593969227404,0.000558175771313252,0.05793438234494744,0.09222801891070384,0.029964480975099177
7.530000000000207,7,4,95.73489887945206,16.459500184627615,0.17192790066403235,0.42618555913830586,1,30.33214010057968,4.493316309693674,0.14813713423431676,0.14813713423431676,1,32.45040426393745,3.163439090933702,0.0974853522687627,0.0974853522687627,2,16.644579079372246,2.474059921039976,0.1486405819721868,0.1893846883598997,3,16.307775435562686,6.328684862960262,0.3880777539503748,0.42618555913830586,-0.038196104115240784,0.0016613021161711835,0.2685388505732619,0.012005995988399328,0.014028427684195472,0.0002631841677718744,0.0005752324621234462,-0.003392255232230676,0.07992498644276004,0.02506272690105828
7.5400000000002105,7,4,95.45849182707171,16.257461401185466,0.1703092212124695,0.4244941108268537,1,30.333138749618502,4.496625233604119,0.14824134326226535,0.14824134326226535,1,32.44343135958589,3.164118934751219,0.09752725905228066,0.09752725905228066,2,16.427536154248983,2.3040409318788613,0.14025480816141261,0.15153110115379065,3,16.25438556361834,6.292676300951268,0.3871371376249349,0.4244941108268537,-0.03819343084924272,0.0016613604910325516,0.268537755643684,0.012008764748664079,0.014033087377561395,0.00029814713177830107,0.000543940989099311,-0.0430068045436837,0.10132191248451664,0.030908460370250083
7.550000000000214,7,4,95.65343098280695,16.37929619164833,0.17123584615163878,0.42418893379646877,1,30.338371428758,4.498339333782549,0.1482722744147873,0.1482722744147873,1,32.440142318148666,3.159098858482934,0.09738239824908454,0.09738239824908454,2,16.635929148101454,2.443110374370079,0.14685746450470394,0.18575644033919206,3,16.238988087798834,6.278747625012766,0.38664648259273643,0.42418893379646877,-0.03819082657409546,0.0016613513523209107,0.26853660821546194,0.012011462808968911,0.014037328660451641,0.0002690065574167431,0.0004951349763721794,-0.016214517170922184,0.08996112286919217,0.032271849663195434
7.560000000000217,7,4,98.8582939967771,17.594555707142014,0.17797753729915283,0.4176953130184881,1,30.32218789204351,4.510352346719947,0.14874758915082958,0.14874758915082958,1,32.42103523074823,3.17690863683633,0.09798911768934936,0.09798911768934936,2,19.875294312264984,3.6491489863346454,0.18360226163205878,0.2695322455540995,3,16.239776561720383,6.258145737251091,0.38535910352378183,0.4176953130184881,-0.03818840086073373,0.0016613009764103964,0.2685354150924166,0.012013985296034885,0.014041288080626354,0.0003022058823015652,0.0005169414460153843,-0.011963377839596355,0.0972091446974612,0.03238072387651161
7.5700000000002206,7,4,99.95915784143708,15.976407546997251,0.15982935322784791,0.28093438144208016,1,30.358742870519755,4.481851820968244,0.14762969073137755,0.14762969073137755,1,32.39475336022035,3.2322068482969697,0.09977562762573798,0.09977562762573798,2,16.59737602618562,2.51937730457341,0.15179371128295205,0.18537746150825074,3,20.608285584511357,5.742971573158626,0.2786729419877067,0.28093438144208016,-0.03818566974248191,0.001661463048663929,0.26853439737381113,0.012016816029953466,0.01404670247710295,0.00028358883346872143,0.0003900843625828964,0.04730570275786812,0.05320555992972646,0.014540287742064693
7.580000000000224,7,4,99.95973285305841,15.988362013614713,0.15994802664306568,0.28341417813448005,1,30.363840318887835,4.483193062063102,0.14764907913424677,0.14764907913424677,1,32.39093245314495,3.2277211017855842,0.09964890965873363,0.09964890965873363,2,16.656428259011324,2.6207537726163133,0.15734188217683792,0.20218173278903348,3,20.548531822014308,5.656694077149713,0.27528458607877343,0.28341417813448005,-0.03818324731215998,0.00166160120639702,0.268533277718722,0.01201935252617719,0.014051407823135846,0.0002665427636099233,0.00035457549624025845,0.04488852979709639,0.05255394641908088,0.01131537778694779
7.590000000000227,7,4,99.84416135551484,15.824090861461228,0.15848789400029542,0.28475745909445244,1,30.365083747251372,4.4867016468095695,0.14775857969486755,0.14775857969486755,1,32.384067915189185,3.228954953989787,0.09970813309946469,0.09970813309946469,2,16.56350107517749,2.470815534051921,0.14917229895041645,0.17666665970781317,3,20.531508617896794,5.637618726609951,0.27458375473177754,0.28475745909445244,-0.038180445952413544,0.0016615407917729736,0.2685321660744123,0.012022233101933542,0.014055758378570902,0.00029729669178388984,0.00037593726617869824,0.02549729952206112,0.03563978276978434,0.005278953229826644
7.600000000000231,7,4,99.93397054175861,15.938808742497466,0.1594934000529604,0.2846358929267049,1,30.370074179732942,4.488169687318696,0.14778263828916874,0.14778263828916874,1,32.380535250432615,3.2225055981342527,0.09951983724824928,0.09951983724824928,2,16.658219454062845,2.6000779874474746,0.15608378762313221,0.2000322053206601,3,20.52514165753021,5.628055469597043,0.2742030025177554,0.2846358929267049,-0.038177990250334984,0.0016614688966108539,0.26853097143378774,0.012024782551079699,0.014059673424820776,0.00027278821571161783,0.00038230792874850375,0.03973063508176456,0.046407843136011234,0.010756828370443063
7.610000000000234,7,4,95.73995269597745,16.600226045801335,0.17338870114669275,0.42913177861861607,1,30.35031030609634,4.522083780219284,0.14899629475323525,0.14899629475323525,1,32.40783754898287,3.1530222702039796,0.09729196727298882,0.09729196727298882,2,16.426548877223425,2.334361652659084,0.14210907416443644,0.152955648320402,3,16.555255963674824,6.590758342718987,0.39810670141133925,0.42913177861861607,-0.0381753462368563,0.001661576803919956,0.26852991997707665,0.012027524512500453,0.01406484269847444,0.00031856593789004046,0.0011219021961459505,0.013967624228989776,0.0669797177165804,0.020280779610723054
7.620000000000237,7,4,95.91167290591613,16.68984727901713,0.1740126803479793,0.42803752345998913,1,30.35561277199753,4.523701706007436,0.14902356740366854,0.14902356740366854,1,32.40453186021077,3.147894394152802,0.09714364668906306,0.09714364668906306,2,16.63453799055943,2.46807229545235,0.14837035431059467,0.1855265414915414,3,16.516990283148402,6.550178883404543,0.3965721824082816,0.42803752345998913,-0.0381727485923368,0.001661580180866578,0.2685287818630981,0.012030217100938342,0.014069159716698533,0.00028799624108026903,0.0010218935600979776,0.03687118964639439,0.04231412211935378,0.007730849032759674
7.630000000000241,7,4,103.03524490312695,17.070788065301084,0.16567911379597267,0.29511975840129645,1,30.360216252118153,4.508441466768328,0.14849833180795563,0.14849833180795563,1,32.34970480105484,3.2396454181266225,0.10014451254037365,0.10014451254037365,2,19.875442142160736,3.7515122717441836,0.18875113544197825,0.2799511991189974,3,20.44988170779322,5.5711889086619495,0.2724313513529436,0.29511975840129645,-0.03817030621168006,0.0016614804115522995,0.26852754134267875,0.012032755432735015,0.014072554125683397,0.00032558422156841354,0.0004859406673415809,0.023084141420439973,0.053414407571798384,0.011529105892310114
7.640000000000244,7,4,99.73730103179605,15.674871824943164,0.1571615800987641,0.29339505093918705,1,30.3828318853092,4.4975788660907545,0.14803027193345455,0.14803027193345455,1,32.359181126582435,3.214581368051309,0.0993406277951389,0.0993406277951389,2,16.598186884949182,2.4997595618222728,0.15060437499284887,0.18338521999275775,3,20.397101134955236,5.462952028978829,0.2678298250733666,0.29339505093918705,-0.03816756384845709,0.00166150871989716,0.2685264484071653,0.012035588315268863,0.014077167659003176,0.0003076559363445861,0.0005884436451788693,0.0010921605107500898,0.04946471007935302,0.016132078813665154
7.650000000000247,7,4,95.72776877988287,16.526718046351338,0.17264288363758895,0.4220509714115592,1,30.36703198173234,4.529910589909159,0.1491719899605,0.1491719899605,1,32.390568184681065,3.1389696718224607,0.09690999101729307,0.09690999101729307,2,16.65176487258886,2.4852755056149762,0.14924997588130062,0.1893008130368661,3,16.318403740880605,6.372562279004741,0.39051382599636875,0.4220509714115592,-0.03816508783996595,0.001661787073566791,0.26852541245465983,0.01203818700319984,0.014082722447798637,0.00026563088135268164,0.000699693395743666,0.008872834759667374,0.06766039949427385,0.017700783470569376
7.660000000000251,7,4,99.80175087724975,15.911073427482263,0.15942679650031333,0.28551749445653696,1,30.382200159161076,4.511825633529942,0.148502268100867,0.148502268100867,1,32.34919515386938,3.2183966869568925,0.09948923525449538,0.09948923525449538,2,16.42704439039219,2.347862238743839,0.14292663871518183,0.1489568703528415,3,20.643311173827097,5.832988868251589,0.2825607199898737,0.28551749445653696,-0.03816247764352489,0.001661883291132973,0.26852432844164337,0.012040898369772419,0.014087569050310353,0.00030218314670808153,0.0006007987380563569,0.048780435779383985,0.11003900993727922,0.03133085101627394
7.670000000000254,7,4,99.99264167118595,16.076210359165024,0.16077393386635142,0.28544527391548763,1,30.387577202827433,4.513013899776932,0.14851509449581968,0.14851509449581968,1,32.34573377964053,3.2116066280142066,0.09928996045950571,0.09928996045950571,2,16.6358205461555,2.553154560025427,0.15347331698738811,0.19168335070516723,3,20.623510142562484,5.798435271348458,0.2811565650689955,0.28544527391548763,-0.038159912651217494,0.0016618424585494783,0.2685231646587359,0.012043556226063772,0.01409164857035084,0.00027427044420252157,0.0005223788312670785,0.07304737203548209,0.0844493709359586,0.028589844269715385
7.680000000000257,7,4,98.82192926550391,17.60501143143415,0.17814883358667222,0.4134971164571988,1,30.357320538248945,4.54642022483733,0.14976355436603941,0.14976355436603941,1,32.36093911100529,3.1524385765499563,0.09741492871193831,0.09741492871193831,2,19.86649978450201,3.6253656110162726,0.18248637909756224,0.272979298328653,3,16.23716983174767,6.2807870190305914,0.3868153800270109,0.4134971164571988,-0.038157505150272227,0.0016616792766573063,0.26852190881743443,0.012046053777575132,0.014094925961504638,0.00030430572318436184,0.0005844350648071526,-0.00528502148240707,0.0854809906389255,0.026964365061654488
7.690000000000261,7,4,95.5215337778703,16.296923280859957,0.17060994140606547,0.4185476282900734,1,30.379717557898193,4.538852250296229,0.14940403055578136,0.14940403055578136,1,32.369713555482264,3.130330617053428,0.09670553963006147,0.09670553963006147,2,16.589481365336006,2.366039982331715,0.14262290244200124,0.17277763190531056,3,16.182621299153837,6.261700431178584,0.38693981125950205,0.4185476282900734,-0.038154794463691515,0.0016616327245344805,0.26852078531535084,0.01204884925284613,0.014099235308634361,0.0002783901350037021,0.0004931280115924131,-0.02475420265258959,0.07945214240469523,0.032533633183993015
7.700000000000264,7,4,99.90984576348626,15.95445162792991,0.15968848221123702,0.28963643982862664,1,30.399190834382452,4.518591891616277,0.1486418476147597,0.1486418476147597,1,32.33119060985948,3.2016942309231378,0.09902803362727917,0.09902803362727917,2,16.65764885062972,2.5873680495728957,0.15532612511969743,0.19772089266117138,3,20.521815468614598,5.646797455817599,0.2751607168699879,0.28963643982862664,-0.038152337367774805,0.0016618167962706481,0.2685197044319857,0.012051422121832146,0.014104296242510752,0.0002641577188035166,0.00036818263463345293,0.054200618679080693,0.06334425510472518,0.013262682159153738
7.710000000000267,7,4,95.68536110012516,16.575478019357373,0.17322898538275663,0.424081658150425,1,30.37981552823338,4.551900971762417,0.14983306819398304,0.14983306819398304,1,32.358015572161754,3.1326220405668295,0.0968113150690825,0.0968113150690825,2,16.4221576394058,2.321361321765574,0.14135544017646925,0.15044055511233545,3,16.525372360324226,6.569593685262553,0.397545879270805,0.424081658150425,-0.038149668894571276,0.0016620829480780465,0.2685187160402847,0.012054202746898904,0.014110057568429372,0.0003245274566992395,0.0011592555206065506,0.014587359181296404,0.07060578848899352,0.021287694592821448
7.720000000000271,7,4,95.83925237437863,16.635397568238655,0.1735760364996953,0.42259191175987415,1,30.385336862586936,4.553126296483729,0.14984616813940718,0.14984616813940718,1,32.35467520880243,3.1273081862067014,0.09665707246400929,0.09665707246400929,2,16.63111444990469,2.445358490124656,0.14703515494950312,0.18217520300517623,3,16.468125853084572,6.509604595423569,0.3952850891168216,0.42259191175987415,-0.03814704054138722,0.0016621359437805226,0.26851758595074293,0.012056932001184842,0.014114410676406623,0.0002909119116685687,0.0010102278347424568,0.03387313084846376,0.03857012866955711,0.006729170674701558
7.730000000000274,7,4,95.8454299580555,16.667855557651404,0.17390349821525866,0.42242169417761277,1,30.390292226439584,4.554279974438243,0.14985969665918564,0.14985969665918564,1,32.35091375222208,3.1227126112747454,0.09652625688386489,0.09652625688386489,2,16.6474526308887,2.4982882196459357,0.15007030054619042,0.18891344798931045,3,16.45677134850514,6.492574752292478,0.3945229969353761,0.42242169417761277,-0.03814473003749655,0.0016620529563372921,0.2685163461320705,0.012059343680399431,0.014118000930086277,0.0002626267607157442,0.0009358343193351823,0.03662747803233399,0.04431933998962947,0.010692131502799936
7.740000000000277,7,4,99.88612765457242,15.979339492074203,0.15997556284626605,0.2911529686914122,1,30.406080543209452,4.536093514046582,0.14918376301741468,0.14918376301741468,1,32.310037393902086,3.2021294753008647,0.09910633764556419,0.09910633764556419,2,16.557473602449967,2.4392447733247717,0.14731986484724596,0.17131418054225817,3,20.612536115010922,5.801871729401984,0.2814729685386368,0.2911529686914122,-0.03814188269226469,0.0016623231879557172,0.26851540824925374,0.012062294590051143,0.01412407020967939,0.00029947147486340304,0.0006624628456269113,0.07001910024763622,0.0932221739296445,0.034648440982519395
7.750000000000281,7,4,99.942394586502,16.031005727645677,0.1604024577755193,0.2919051909072534,1,30.411533076399518,4.536898272837776,0.1491834779075501,0.1491834779075501,1,32.30627070911083,3.195862995628749,0.09892392174895849,0.09892392174895849,2,16.65407668627887,2.5663618337468117,0.1540981155599705,0.19414220614037747,3,20.570514114712793,5.731882625432342,0.2786455697445446,0.2919051909072534,-0.038139355390390275,0.0016624091606935567,0.26851426207936313,0.012064931229026745,0.0141283688406943,0.00027195928990478757,0.0005223522620339871,0.07470559193113635,0.08707204084679372,0.027976801601924332
7.760000000000284,7,4,99.59745739660893,15.709438276531795,0.1577293104378653,0.2920060260501012,1,30.412440963911983,4.540090539418827,0.14928399021986397,0.14928399021986397,1,32.29894421551275,3.197016814008344,0.09898208414109276,0.09898208414109276,2,16.32198864043955,2.2459078315489007,0.13760013445815134,0.15592749234245543,3,20.56408357674465,5.726423091555723,0.2784672154333965,0.2920060260501012,-0.03813686143546434,0.001662273059745003,0.2685130479480588,0.012067512938072409,0.014131998731942841,0.0003043302283632794,0.0005181404165430685,0.026919833365069236,0.1213468480222978,0.0354286720588185
7.770000000000287,7,4,99.8445934820791,15.870179996553608,0.1589488167869812,0.2938882449599365,1,30.41825684332269,4.540878498415087,0.14928135171598056,0.14928135171598056,1,32.29545598989828,3.1905723662270766,0.09879322859615478,0.09879322859615478,2,16.621234571444383,2.498820813818255,0.15033906194376678,0.18404814548035192,3,20.50964607741375,5.639908318093189,0.2749880859379694,0.2938882449599365,-0.03813420735312437,0.001662248979550434,0.26851192733350504,0.012070256010236114,0.014136403846405195,0.0002804003433245329,0.00040798607569866705,0.05402918395171835,0.06129748904343489,0.018193895100875438
7.780000000000291,7,4,99.79705362493583,15.81901524075282,0.1585118464539538,0.29875274231195187,1,30.423719172914648,4.541530164735573,0.14927596915168626,0.14927596915168626,1,32.291384348985886,3.1860088422900485,0.09866436222918097,0.09866436222918097,2,16.65809879818388,2.57533414819224,0.15459952419498266,0.19613285654722257,3,20.423851304851414,5.51614208553496,0.2700833453592895,0.29875274231195187,-0.03813179361341112,0.001662378610480354,0.26851080471129235,0.012072784348457224,0.014141055306923578,0.00026746720368031856,0.00035513283254501993,0.04136989812916446,0.04831853690349508,0.010294749170888467
7.790000000000294,7,4,99.53932091651629,15.538745871946322,0.15610660921605726,0.2997545622153458,1,30.424861477580638,4.544644026564476,0.14937271053520873,0.14937271053520873,1,32.2841300768317,3.1872462561824433,0.09872486105703465,0.09872486105703465,2,16.42472282138351,2.31173791654877,0.14074745380415768,0.14432151795662512,3,20.405606540720434,5.495117672650632,0.2692945030418401,0.2997545622153458,-0.03812924306157174,0.0016622414056282266,0.26850961531022327,0.012075418709359225,0.014144823336075599,0.00030516158996653865,0.00039089750726395786,0.002613562511301238,0.05769487723257712,0.022115521059920422
7.800000000000297,7,4,99.70710845161729,15.670444688730388,0.15716476921336503,0.30184240235201987,1,30.4305352997688,4.545333392962859,0.1493675135250543,0.1493675135250543,1,32.28050639994699,3.1807520021904194,0.09853476159208094,0.09853476159208094,2,16.63527169142653,2.5139560500130713,0.15112203134672644,0.18751915622991483,3,20.36079506047497,5.430403243564039,0.2667088012739597,0.30184240235201987,-0.03812666133633404,0.0016622085580564937,0.2685084679891847,0.012078092956168286,0.014149009733694632,0.0002891100503736485,0.000473223150132259,0.020152839515313534,0.03979221347520744,0.006280317422694946
7.810000000000301,7,4,99.66104660257179,15.636456281692217,0.15689636838801482,0.30628921780999385,1,30.435916559936214,4.545885298899201,0.14935923779220428,0.14935923779220428,1,32.27641792779187,3.1756323509317443,0.09838862410432914,0.09838862410432914,2,16.653784342617538,2.5711124679274175,0.15438607916567426,0.19609316981589342,3,20.294927772226163,5.343826163933854,0.26330845933075653,0.30628921780999385,-0.03812430338689225,0.0016622894127271486,0.2685073062246856,0.012080564775342263,0.01415329863080212,0.0002859334749461426,0.0006244950125977763,0.008724340136006793,0.06577677796828006,0.017347932353746272
7.820000000000304,7,4,95.4590341389489,16.295027991058355,0.17070178991481863,0.41372661121635707,1,30.41644511154318,4.579450132203082,0.15055836128809016,0.15055836128809016,1,32.30427028110241,3.1064381319668963,0.09616184191549819,0.09616184191549819,2,16.492877315166943,2.2964262465613072,0.13923745400382628,0.1551153170811764,3,16.245441431136364,6.312713480327069,0.38858368404985205,0.41372661121635707,-0.03812161459947307,0.0016623891054923466,0.2685062751230056,0.01208334825137979,0.014158570435498221,0.00029271998273795047,0.0006798091600858813,-0.01913921961698298,0.07107265671323953,0.01963042480386199
7.830000000000307,7,4,95.55784081099807,16.355333669405248,0.17115637534918912,0.4128505087852537,1,30.421895010512948,4.580428018750164,0.15056353383532803,0.15056353383532803,1,32.30076619903216,3.1015005942563465,0.0960194125162665,0.0960194125162665,2,16.63917399461763,2.403783466166188,0.144465312217046,0.17941910207090597,3,16.196005606835342,6.269621590232548,0.3871091269310579,0.4128505087852537,-0.03811910214812964,0.0016622926040841938,0.26850509156558666,0.012085950334558058,0.014162459825990284,0.00026567739402534867,0.0005619302022471073,-0.007087235683102981,0.07612427439022024,0.025275168042037974
7.840000000000311,7,4,95.49071907861062,16.330373918780364,0.1710152994589636,0.4114285978789657,1,30.42707796232836,4.581216639549663,0.15056380521394952,0.15056380521394952,1,32.296969053681615,3.0970466083733124,0.09589279425030975,0.09589279425030975,2,16.64450675727776,2.4374156537104117,0.14643964457791211,0.18383772714002677,3,16.12216530532289,6.214695017146975,0.3854752075451759,0.4114285978789657,-0.03811680094353669,0.0016622910465000315,0.2685038909494901,0.01208836005349757,0.014166395277171558,0.0002487306338389341,0.00044545679305785777,-0.016825970750335317,0.09603726661010872,0.033826307652683886
7.850000000000314,7,4,95.76081828793427,16.578704169100877,0.17312617483334278,0.41733754009627383,1,30.422584304229588,4.592650053891839,0.15096186464518507,0.15096186464518507,1,32.289146083399,3.103362054528395,0.09611161739962966,0.09611161739962966,2,16.548370006486696,2.352826358414551,0.14217873769394088,0.1644229701867798,3,16.500717893818987,6.5298657022660915,0.3957322187001402,0.41733754009627383,-0.038113974440958626,0.001662593411714529,0.2685029905519579,0.012091290727788454,0.014172862213826088,0.00031569662424120427,0.001178690790378336,0.03389883004829062,0.05189267324211267,0.011547516973839848
7.860000000000317,7,4,95.77688778532146,16.580418866842948,0.17311503067427947,0.41534112914937943,1,30.42812802868111,4.593430722293053,0.15096001692786856,0.15096001692786856,1,32.28558599389974,3.0982934189706786,0.09596522174186622,0.09596522174186622,2,16.647113204163418,2.4410951783043213,0.14663774723979212,0.18183257530750271,3,16.416060558577193,6.447599547274894,0.3927616814197302,0.41534112914937943,-0.03811145049166022,0.0016626472699922457,0.2685018422054891,0.012093920616625642,0.014177102605085779,0.000281603973081058,0.0009763528214439669,0.034352020107103774,0.03974571474571824,0.008457282275967091
7.870000000000321,7,4,98.93935593856644,17.738555723216653,0.1792871558031053,0.40909312038461004,1,30.412255853881085,4.605225299036871,0.15142662619843675,0.15142662619843675,1,32.266147362942746,3.1161468237841987,0.09657635256953712,0.09657635256953712,2,19.854577126261756,3.605804557065093,0.18161074568018254,0.27876839611393617,3,16.406375595480853,6.411379043330489,0.39078582627941955,0.40909312038461004,-0.038109089173730834,0.0016624488776998557,0.2685005857415618,0.01209636947043017,0.014180412359171939,0.0003095290945474391,0.0009500838257551958,0.03306775619418653,0.041037871283608016,0.00966547284392971
7.880000000000324,7,4,99.489179161757,15.39488820488808,0.15473932275446672,0.315830194898594,1,30.45628358704396,4.565980589018254,0.1499191644958485,0.1499191644958485,1,32.23990694984806,3.16443322167374,0.09815267849861624,0.09815267849861624,2,16.59393696922649,2.4383361007639186,0.14694138619941854,0.17497345481275886,3,20.19905165563849,5.226138293432166,0.25873186437311324,0.315830194898594,-0.038106320068317816,0.0016624848074044897,0.2684994734365246,0.012099233498320934,0.01418469652964301,0.00032631664232198173,0.000792061706905704,-0.020508170592790753,0.0709974632971708,0.029023870316749745
7.890000000000327,7,4,99.75466173279581,15.773493200496752,0.1581228679091494,0.30487932512199395,1,30.45534169889946,4.575815115768511,0.15024671734134126,0.15024671734134126,1,32.23675992356362,3.166845396792275,0.09823708723522967,0.09823708723522967,2,16.659192333928218,2.538000418930566,0.15234834727021299,0.1909660146861066,3,20.40336777640452,5.492832269005399,0.2692120403454957,0.30487932512199395,-0.03810377365750502,0.0016629242884068174,0.2684985444363646,0.012101911445786439,0.01419125523387604,0.0002719949117839297,0.00035977383033482165,0.05033831366052954,0.05845410744842525,0.011267022995560733
7.900000000000331,7,4,99.10606044588665,17.9264084212987,0.18088105147804537,0.41124905695190395,1,30.418936247852425,4.6172289010139975,0.15178798046693606,0.15178798046693606,1,32.25101502322631,3.1127305063132136,0.09651573769295352,0.09651573769295352,2,19.85175745686174,3.6220902706595304,0.18245690733076927,0.2809827273140419,3,16.584351717946177,6.574358743311958,0.3964193991494853,0.41124905695190395,-0.03810144305645354,0.001662751073305707,0.26849731532422805,0.012104330397426467,0.014194904260551188,0.0003330404880963599,0.001330338997903529,0.06517265555692839,0.07625623121123279,0.02209403931853523
7.910000000000334,7,4,95.70786180301342,16.50048557649655,0.17240470391510745,0.4129240997687093,1,30.441818165727117,4.609016482951088,0.1514041131794205,0.1514041131794205,1,32.259839584439405,3.090395361909886,0.09579698478725679,0.09579698478725679,2,16.585870585696824,2.3569765134378073,0.1421074945243089,0.16804622807066902,3,16.420333467150073,6.444097218197772,0.39244618454854163,0.4129240997687093,-0.03809869634504581,0.0016628384989940896,0.26849626118309305,0.012107172438895928,0.014199824145110644,0.0003008732049431503,0.001033448253790093,0.027427499677366574,0.032111562982628836,0.005395159734045085
7.920000000000337,7,4,95.73901623393394,16.529037567365073,0.17264682903130235,0.4124458206809532,1,30.447237562021222,4.609650458602592,0.1513979864088722,0.1513979864088722,1,32.256171992799715,3.0854789806126015,0.09565546033488873,0.09565546033488873,2,16.650128332616124,2.4295498761074503,0.14591778679256048,0.18086987380409095,3,16.385478346496885,6.40435825204243,0.3908557392474076,0.4124458206809532,-0.03809628190170851,0.0016626760002674728,0.2684950243726111,0.012109676370255302,0.014203280002608428,0.00026753010344061586,0.0008979443639555859,0.03141322442224734,0.03840074284097068,0.008768409494548777
7.930000000000341,7,4,102.72049092588287,16.66538896765662,0.1622401608232324,0.3153669526730176,1,30.451210275485344,4.596464709701783,0.15094522247617045,0.15094522247617045,1,32.20165658347063,3.177331977153423,0.09866982988646532,0.09866982988646532,2,19.851896740079876,3.6740923730779675,0.18507513015923457,0.28814083778019833,3,20.215727326847023,5.217499907723448,0.25809112990925975,0.3153669526730176,-0.0380938188499149,0.0016630312230484032,0.26849389241108584,0.012112286193578214,0.014207443199199579,0.0003314409092401034,0.0005614279045482907,-0.010339431686107538,0.08652376763923011,0.026029724008697474
7.940000000000344,7,4,99.64558395749725,15.58773026715511,0.15643172178913506,0.3050148388411995,1,30.46796263495254,4.593458803520693,0.1507635695420974,0.1507635695420974,1,32.21134901160166,3.162459864364574,0.0981784359054798,0.0981784359054798,2,16.592367591001004,2.4269892916194684,0.14627142740833227,0.17230513227897043,3,20.373904719942043,5.404822307650374,0.26528161302139186,0.3050148388411995,-0.03809094873308162,0.0016637361477094034,0.2684930711130289,0.012115305496674115,0.014214579121625928,0.00029675773381690316,0.0003760423697552076,0.03767561724618637,0.04762908677443486,0.010547858607644555
7.9500000000003475,7,4,95.89559182358437,16.624396611544775,0.17335934108554305,0.41037563752497636,1,30.4529733003769,4.623884027309958,0.1518368660328064,0.1518368660328064,1,32.24113944196441,3.0828636153405746,0.09561894116335053,0.09561894116335053,2,16.650742196678824,2.4486867314284595,0.1470617166793248,0.18100311352280793,3,16.550736884564245,6.468962237465784,0.39085644842187955,0.41037563752497636,-0.038088485871382256,0.0016637478045707765,0.2684918842256002,0.012117874882749315,0.01421857390730556,0.0003054173603774076,0.0013058219017132537,0.06234186422110133,0.07264013212054811,0.020926227409741868
7.960000000000351,7,4,95.73010206270308,16.48770548771554,0.17223114916263346,0.4063577198401014,1,30.458596397462998,4.624072144702403,0.1518150109204493,0.1518150109204493,1,32.23724754184657,3.0782028275950033,0.09548590721336384,0.09548590721336384,2,16.64167378510187,2.4554415181951357,0.14754774969770898,0.18210693862015478,3,16.392584338291645,6.329988997222999,0.38614954583071426,0.4063577198401014,-0.03808614107278252,0.0016639909097232403,0.2684907616668483,0.012120352084065008,0.014223320340303484,0.000272370036966097,0.0009952568843218685,0.037536651611044115,0.0440951017792626,0.00904617949542691
7.970000000000354,7,4,95.59513697856733,16.30183139064,0.17052992344469273,0.4059208715813908,1,30.460452878661897,4.625996059487401,0.15186891928084217,0.15186891928084217,1,32.2302358379042,3.0782674218766855,0.09550868437197424,0.09550868437197424,2,16.54384804853132,2.297404478743151,0.13886760033117587,0.1588133894238843,3,16.3606002134699,6.300163430532763,0.38508143639777676,0.4059208715813908,-0.038083403329390676,0.0016637284873200252,0.2684895696304966,0.012123154759671259,0.014226895306005446,0.00029222637546946013,0.0009053796358388187,0.013700314968956863,0.03460957568882249,0.006684426457702845
7.9800000000003575,7,4,95.33975673786941,16.259919476683326,0.17054710472346746,0.4033595617017458,1,30.46633649349431,4.626681463817244,0.15186208767848447,0.15186208767848447,1,32.22657470050251,3.073703092292711,0.0953779022703515,0.0953779022703515,2,16.646041619251903,2.3842194108786137,0.14323041269590217,0.1765076614020531,3,16.000803924620683,6.175315509694756,0.3859378277983085,0.4033595617017458,-0.038080802093173105,0.0016641714619606094,0.26848862706089827,0.012125889085605863,0.01423314482107467,0.0002671954183588626,0.0005953102872815307,-0.021606120309044425,0.09309584245581118,0.04192585831427088
7.990000000000361,7,4,99.69450653522789,15.651945878224142,0.15699908071357369,0.3049626081643165,1,30.486698886818534,4.604855061089077,0.15104472537956767,0.15104472537956767,1,32.188333318862774,3.1468676409475975,0.0977642305916937,0.0977642305916937,2,16.650626626918942,2.5352066705378786,0.1522589345940428,0.19006407874099218,3,20.368847702627633,5.365016505649589,0.26339322596817727,0.3049626081643165,-0.03807842228793879,0.0016644900899100883,0.26848754552077647,0.012128406097586636,0.014238236247718748,0.00026066811232670277,0.0003591291664117033,0.046363265809695235,0.05411673183971214,0.008920266480557852
8.000000000000364,7,4,95.60009632428549,16.323156252047074,0.17074414022217327,0.4053984841156884,1,30.46810759440002,4.6367821756301355,0.15218477751740536,0.15218477751740536,1,32.21507989583476,3.0744805227797536,0.09543606698232239,0.09543606698232239,2,16.489618302844995,2.2709153394255326,0.13771788392662346,0.15052077799911728,3,16.42729053120571,6.340978214211653,0.38600268268015137,0.4053984841156884,-0.03807570695744086,0.0016645522152100682,0.268486490513781,0.01213121437248301,0.014243261424561938,0.0003081892744579586,0.0010212002599367018,0.015659128565606056,0.052949330740236604,0.014014368761957469
8.010000000000367,7,4,95.59731416907573,16.28927309457901,0.17039467307386277,0.4021044930769321,1,30.474260909999373,4.636841243095719,0.15215598687659246,0.15215598687659246,1,32.21160045189007,3.069052288461066,0.0952778578340085,0.0952778578340085,2,16.638728483911514,2.3636556543233764,0.14205746891109294,0.173621592001778,3,16.27272432327477,6.219723908698846,0.38221773964441935,0.4021044930769321,-0.038073123504384875,0.0016645323730334414,0.2684853601663475,0.012133891258237108,0.014247656159807193,0.0002754394248836019,0.0007308190189987798,0.010965004144730908,0.0507734013713556,0.011558639708339216
8.02000000000037,6,4,96.95396247013312,13.99746617126757,0.14437229603255794,0.6680238056763047,1,30.49290073936101,4.619548698973528,0.15149587566165842,0.15149587566165842,1,32.184130001039264,3.109416993821314,0.0966133617320371,0.0966133617320371,2,16.653980295581736,2.502946033774739,0.15029116099283277,0.18603129608698699,2,17.62295143415112,3.7655544446979894,0.21367331452782684,0.6680238056763047,-0.038070801744757965,0.001664529489499273,0.26848421663875477,0.012136315021726407,0.01425217024291282,0.00024922836823960666,0.0006412135962421425,0.07553059856251791,0.08804243999841332,0.02977545840715708
8.030000000000374,6,4,96.40169762747192,13.838667953945134,0.14355211883739152,0.751000060658031,1,30.494460253224283,4.62181070599548,0.1515623056652331,0.1515623056652331,1,32.17509319865165,3.1182452403129304,0.09691487825880192,0.09691487825880192,2,16.313087615898674,2.1958691148900775,0.13460781714615397,0.15958434137436217,2,17.419056559697303,3.9027428927466454,0.22405018775680838,0.751000060658031,-0.0380683333340651,0.001664937806910125,0.2684832813224306,0.012138913348765398,0.0142584479026937,0.0002888715657674663,0.0004984718505437306,-0.021059417743284466,0.10943267482609914,0.03793150130019557
8.040000000000378,7,4,95.38721109524661,16.297550002133317,0.1708567617713426,0.40405662822870325,1,30.481619738048455,4.648593038104938,0.1525047906920237,0.1525047906920237,1,32.19658561048866,3.0664454397345167,0.0952413239351555,0.0952413239351555,2,16.608885027120618,2.350993802962569,0.14155036892143186,0.16827973120704218,3,16.100120719588887,6.231517721331293,0.3870478880167312,0.40405662822870325,-0.0380655502951739,0.0016658951778462515,0.2684825650140833,0.012141868833183581,0.01426661278478775,0.0002992957677378632,0.0008548726677901047,-0.014425655651406612,0.07226170289951514,0.034372472658703794
8.05000000000038,7,4,95.68422290368562,16.580366036658667,0.17328213088325153,0.40715852312563117,1,30.481778540856176,4.657408234871266,0.15279319179583697,0.15279319179583697,1,32.19224388189122,3.0682556049402883,0.09531039887114681,0.09531039887114681,2,16.65151685577419,2.462283158154372,0.14787140291669792,0.180072000426806,3,16.35868362516404,6.392419038692741,0.39076610228340664,0.40715852312563117,-0.038062896799539614,0.001667261579007515,0.2684819105943675,0.012144745464195075,0.014275685213521822,0.000339909219531764,0.0013898608527400317,0.036295632320275856,0.05899843720989639,0.008217327420307226
8.060000000000384,7,4,98.8083631686709,17.487268999244733,0.1769816687418764,0.3948785448609815,1,30.467619769227664,4.665691909740181,0.15313608168540083,0.15313608168540083,1,32.173386684615515,3.084055079338938,0.09585733418650805,0.09585733418650805,2,19.841254937385102,3.576447854530514,0.18025310726650323,0.28490529105486717,3,16.32610177744262,6.161074155635102,0.37737570423257494,0.3948785448609815,-0.038060327192296066,0.0016681525865527766,0.26848095356242074,0.012147512275557642,0.014281807586434015,0.00033523524176175127,0.0008532255021343015,0.008889234214577237,0.06325912380609697,0.015773014569817993
8.070000000000388,7,4,95.42879116471627,16.128714698899273,0.16901308821003577,0.4004583904362014,1,30.491508443468955,4.656662699972611,0.15271998460181238,0.15271998460181238,1,32.18223210064541,3.0599358520643793,0.09508152953762995,0.09508152953762995,2,16.583982419464057,2.2913945161239715,0.13816913562538752,0.16123459071397073,3,16.171068201137846,6.120721630738312,0.3784982880912987,0.4004583904362014,-0.03805750967042083,0.0016684462446463833,0.26847985900628857,0.012150457911135571,0.014286396481256658,0.00029039598470018797,0.0005649722266642384,-0.02602673533733807,0.0767046160817776,0.033174813923504305
8.08000000000039,7,4,95.81027352394719,16.479488763042692,0.17200127039532712,0.4038768457347707,1,30.492111286982666,4.664357718669737,0.15296932622245116,0.15296932622245116,1,32.17773994072184,3.0606254554385735,0.09511623442407355,0.09511623442407355,2,16.65240965852853,2.4120702902037747,0.1448481234647283,0.176779874868454,3,16.488012637714156,6.3424352987306065,0.3846694831021127,0.4038768457347707,-0.03805491274567562,0.001669073260180696,0.2684789373099649,0.012153210983354625,0.014293066721434839,0.0003001372273548476,0.0011251435309032113,0.040274178999411735,0.047860264143411206,0.007778737361478926
8.090000000000394,6,4,97.05002627212583,13.970969431582562,0.14395636939250603,0.6628151423947257,1,30.51183684096816,4.646021170939501,0.15226946824457652,0.15226946824457652,1,32.15037277942786,3.1103517922287947,0.09674387956767404,0.09674387956767404,2,16.652559201638752,2.5204302237805303,0.1513539266404469,0.185838055753126,2,17.735257450091055,3.694166244633736,0.20829504477335736,0.6628151423947257,-0.03805253913895703,0.0016699383681853764,0.2684780780699429,0.012155769544368407,0.014300348653882826,0.0002663030881869253,0.0007711096752609707,0.07357565912397093,0.08738698271176953,0.025193633619426805
8.100000000000398,6,4,96.65018022234796,13.807982503581918,0.14286556395255604,0.7272179552314358,1,30.514799383170867,4.646232322605651,0.15226160474671452,0.15226160474671452,1,32.14186404422569,3.1165157974454702,0.09696126500806833,0.09696126500806833,2,16.418781067955834,2.2526265349750734,0.13719815896513013,0.13961447084636747,2,17.57473572699556,3.7926078485557246,0.21579885509914745,0.7272179552314358,-0.03804992649195279,0.001670762066972274,0.26847722975913263,0.01215855597305227,0.014307304596156211,0.00029025657395649786,0.0004346254258499124,-0.010803355073504932,0.08742311415422721,0.024786450286625194
8.110000000000401,7,4,95.57589676631855,16.205279938564836,0.16955404539061214,0.40001650989708226,1,30.502869465187242,4.671397664205927,0.1531461710360518,0.1531461710360518,1,32.163584618326325,3.054331948417662,0.09496242364345639,0.09496242364345639,2,16.62720293492784,2.3460407594739245,0.1410965373223254,0.16914492520873922,3,16.28223974787715,6.133509566467321,0.3766993768327848,0.40001650989708226,-0.038047209848841204,0.00167165424595721,0.2684763905701764,0.012161452892296047,0.014314382563880823,0.00028865433034527257,0.0006838327330165845,-0.011179660609324349,0.06961952067605728,0.02813529644952518
8.120000000000404,7,4,95.84792573929047,16.482879013844723,0.17196907378756113,0.4027668837833537,1,30.503891914368257,4.6783783614807986,0.15336988390249118,0.15336988390249118,1,32.15903784708589,3.0552061425512766,0.09500303327103816,0.09500303327103816,2,16.651787216217347,2.4326273379014776,0.14608806287965995,0.17774613400143924,3,16.53320876161898,6.3166671719111696,0.38205936082867337,0.4027668837833537,-0.038044684697877654,0.001672655509138293,0.2684755659998,0.01216417486438947,0.014321920756971376,0.000305676571008996,0.001164018064995149,0.037813913550017814,0.04617761699778009,0.008059507057879339
8.130000000000408,6,4,100.3214223098995,15.012736281461827,0.14964636600831369,0.644373906311528,1,30.503324818883183,4.669078566431713,0.15306785716491156,0.15306785716491156,1,32.115155213618976,3.1336822351967117,0.09757643126282699,0.09757643126282699,2,19.841916747178324,3.632965055490191,0.1830954691414491,0.29508036617194233,2,17.861025530219024,3.5770104243432117,0.20026903932762857,0.644373906311528,-0.03804223902425845,0.0016735286302329135,0.26847468179333644,0.01216680864609736,0.014328789088624132,0.0003136802404606365,0.0007362105751297477,0.07301286589669354,0.08496210923708121,0.028171114040215845
8.140000000000411,6,4,96.93181389710242,13.804437337954958,0.14241389676880498,0.7018387118439987,1,30.528455242851233,4.65756688997185,0.15256477450042286,0.15256477450042286,1,32.12343565410398,3.10986342676567,0.09680980142509647,0.09680980142509647,2,16.591745834861392,2.3796592474615754,0.14342428284199035,0.16602991619221946,2,17.68817716528582,3.6573477737558617,0.206767929763483,0.7018387118439987,-0.03803950318969743,0.0016741361580189743,0.2684737667233965,0.012169694906036716,0.01433496011726885,0.00027657935726165586,0.0003543888032779604,0.011867928984000464,0.04652013952733243,0.011547494791729042
8.150000000000414,7,4,95.5360484616663,16.278625325881002,0.17039249150453167,0.40199858881689293,1,30.516166423759824,4.6824712434605145,0.1534423157364469,0.1534423157364469,1,32.144435886657426,3.0471114624165407,0.09479436731012417,0.09479436731012417,2,16.65410396536263,2.3791629279476987,0.14285745620994714,0.17414567002152026,3,16.22134218588642,6.169879692056248,0.38035568335550113,0.40199858881689293,-0.03803700786754383,0.0016748495874777745,0.26847285261618775,0.012172359331431947,0.01434147287054007,0.0002653219295903276,0.000678877998450603,-0.016122769309970537,0.08403430897689218,0.04128597774559027
8.160000000000418,7,4,95.63009005179273,16.38270177659916,0.17131325263550812,0.40265973275125216,1,30.51859115692835,4.687432080431908,0.1535926758980735,0.1535926758980735,1,32.14022257926219,3.0465589966519624,0.09478960480558996,0.09478960480558996,2,16.648842699313118,2.4278920148038043,0.1458294764779039,0.17741350250812263,3,16.322433616289075,6.220818684711485,0.3811207832699274,0.40265973275125216,-0.03803469441059916,0.0016758613697854564,0.26847204969574656,0.012174872223431532,0.014349199436373408,0.0002688696147361805,0.0009113551874733397,0.0014346352422714564,0.07840669581324947,0.03185551404309018
8.170000000000421,6,4,94.21294124661087,16.193503141481315,0.1718819402856064,0.5647542770497295,1,30.518270880515647,4.693452367343058,0.15379155607205738,0.15379155607205738,1,32.136400414877606,3.043413161359136,0.09470298857585127,0.09470298857585127,2,16.416923015053243,2.2637303470453505,0.13789005070984728,0.13995161087019792,2,15.141346936164375,6.192907265733771,0.4090063646149149,0.5647542770497295,-0.03803208792007947,0.001676879867582724,0.2684712970071646,0.012177667705329912,0.014357020518364126,0.00032398227862030966,0.001157811269692568,0.00012053360048705931,0.06842398383729263,0.024973795636529513
8.180000000000424,6,4,94.41548966443045,16.404123201037166,0.17374398268059993,0.5762727992125544,1,30.521995184362922,4.697452443370349,0.1539038458985458,0.1539038458985458,1,32.13257916089679,3.0413770589897275,0.09465088512692069,0.09465088512692069,2,16.63257146114126,2.3971686178182297,0.14412495526736463,0.17134412925603312,2,15.128343858029481,6.26812508085886,0.414329892265901,0.5762727992125544,-0.03802945486231734,0.001677940875343719,0.26847056845073136,0.012180492164676827,0.014365068009074916,0.0003189755329295168,0.0012896203953252233,0.03003034912517065,0.047977400647617637,0.005440665306879962
8.190000000000428,6,4,94.47430947013011,16.435366200368144,0.17396651314571931,0.5673067216071799,1,30.525792836381875,4.700873914017811,0.15399678361228736,0.15399678361228736,1,32.12876038973599,3.039085767986205,0.09459081928841195,0.09459081928841195,2,16.65783444462733,2.4555205913016906,0.14740935260607493,0.17837194629285208,2,15.161921799384917,6.239885927062437,0.41154980283011183,0.5673067216071799,-0.038027018467603285,0.0016792049561152255,0.26846984532691204,0.012183150756038565,0.014373364161207849,0.0003125514795981251,0.0012916184552568834,0.03591703657771661,0.05473622613581358,0.007883308725286486
8.200000000000431,6,4,94.4936616564015,16.4054568943999,0.17361436319457632,0.556210100260807,1,30.529654667463525,4.703697147200081,0.15406977898813143,0.15406977898813143,1,32.12476132440026,3.0367292600122497,0.09452923959020083,0.09452923959020083,2,16.640076013538437,2.46767850335997,0.14829730954066894,0.17833071922144073,2,15.199169650999274,6.197351983827599,0.40774279951669284,0.556210100260807,-0.038024723496522195,0.001680520832010534,0.268469088920899,0.012185681803150751,0.014381449220736722,0.00030388581799723803,0.00125534512122621,0.036273781010378314,0.05206750905151678,0.007515992534754586
8.210000000000434,6,4,94.5162278047082,16.088447274059156,0.1702188888378143,0.5153618334933294,1,30.529704303535922,4.707847977230308,0.15420548887153976,0.15420548887153976,1,32.117690789788675,3.0391229926440624,0.09462457972259651,0.09462457972259651,2,16.491197061678584,2.2870845355483738,0.13868517409588088,0.14871314151087225,2,15.377635649705013,6.05439176863641,0.3937140862582832,0.5153618334933294,-0.03802206851903166,0.001681442530623008,0.2684682781676099,0.012188519085112929,0.014388602342302832,0.0003392183438527428,0.0013454227183699635,0.033243253751849965,0.0796976692566987,0.018087228868700567
8.220000000000438,6,4,97.32541912876394,13.650555503754449,0.1402568375862263,0.6247560101396891,1,30.552768665952723,4.683612318709,0.15329583940221778,0.15329583940221778,1,32.086235344435174,3.10452999792323,0.0967558195779942,0.0967558195779942,2,16.64819766442983,2.4459425913107933,0.14691936272097128,0.17699858624835924,2,18.03821745394621,3.416470595811426,0.18940178565504578,0.6247560101396891,-0.03801957351700007,0.0016821574035382415,0.26846735154320256,0.01219118526082075,0.014394725200903999,0.00026030839403153234,0.0004924790237697644,0.04996165689101296,0.05958124533361024,0.012405957796345707
8.230000000000441,6,4,94.3083994290617,16.333912609830563,0.17319679592396062,0.5864480574192666,1,30.543843151505456,4.70447292499292,0.15402360802003542,0.15402360802003542,1,32.110174512258666,3.026238524849236,0.09424547112610404,0.09424547112610404,2,16.65444383997354,2.3911835074722374,0.14357630494588985,0.17481946832701734,2,14.999937925324035,6.21201765251617,0.4141362239925387,0.5864480574192666,-0.03801731477185232,0.0016829030381222076,0.2684664162523967,0.012193624703292168,0.014400993405430267,0.00023987474116842974,0.0005398126230763421,-0.02015222643556768,0.08867991799811036,0.04182033787186209
8.240000000000444,6,4,94.33164918447453,16.286038065833544,0.1726465953540645,0.5725314153470462,1,30.548036092039727,4.706273814515198,0.15406141986789026,0.15406141986789026,1,32.106007273265455,3.0231317921952434,0.09416093899388708,0.09416093899388708,2,16.63078859715317,2.3942394662827686,0.14396427759851452,0.1734694340063648,2,15.046817222016173,6.162392992840333,0.40954793973463405,0.5725314153470462,-0.038015226034977465,0.001683639022686529,0.2684654821404844,0.012195895693735134,0.01440738544552071,0.0002277442214744359,0.0005373452589524634,-0.015802516715749837,0.08382663491761944,0.037972575449832784
8.250000000000448,6,4,94.26982429186097,16.11151139707134,0.17090846957760128,0.5644814136875181,1,30.54893103805091,4.70952593592523,0.15416336270683823,0.15416336270683823,1,32.0988739555552,3.025087533133202,0.09424279298151718,0.09424279298151718,2,16.54625892917761,2.2500472538450342,0.13598525585002838,0.15167021259123856,2,15.075760369077257,6.126850674167873,0.40640409002089223,0.5644814136875181,-0.0380126306990877,0.0016842214709733457,0.268464633703057,0.012198632455301325,0.014414019222192856,0.0002637324511025636,0.0005642242764746037,-0.0323393240115213,0.08162661483530592,0.03674793424725487
8.260000000000451,6,4,97.47660441870885,13.550170949456518,0.13900946827458233,0.5906072831369354,1,30.56687544801206,4.692680496178101,0.15352175933583334,0.15352175933583334,1,32.06725696855886,3.0948521025300897,0.09651128269451031,0.09651128269451031,2,16.657442462136437,2.4462862484727133,0.1468584540533937,0.17779252895326703,2,18.185029540001487,3.3163521022756153,0.18236715508108786,0.5906072831369354,-0.03801028880615671,0.0016848329564852944,0.26846376015176227,0.012201127425979487,0.014420708070076506,0.0002464223193653338,0.0004952401219550667,0.0626534386629693,0.07339812568383805,0.022775189816816456
8.270000000000454,6,4,97.52559930466343,13.563821346396562,0.13907960005479272,0.5776517129908088,1,30.57127487693591,4.694280923152855,0.1535520171157269,0.1535520171157269,1,32.06331876661412,3.0895739175928436,0.09635851921884823,0.09635851921884823,2,16.65780316110194,2.4758615949647935,0.14863073906085295,0.18107308787318097,2,18.233202500011462,3.3041049106860694,0.18121363543699975,0.5776517129908088,-0.03800822629118472,0.001685186926279557,0.2684627419175834,0.012203330621399382,0.014426146155759729,0.0002299291176354854,0.0005129444613542231,0.07192953908812308,0.0845021938709981,0.028564310441251725
8.280000000000458,6,4,97.51866708749046,13.534624593766152,0.13879009012318988,0.5721172878380006,1,30.57556131615428,4.695697210718507,0.1535768113024824,0.1535768113024824,1,32.05901572628902,3.0857973481180885,0.09625365215400779,0.09625365215400779,2,16.626203049949897,2.4655258864007576,0.14829157799851286,0.17757267336111088,2,18.25788699509727,3.2876041485287986,0.18006487549252595,0.5721172878380006,-0.03800630279333102,0.0016855360413342063,0.2684617186650678,0.01220539725581682,0.01443158647448904,0.00022044489452229066,0.0005035592763494843,0.07323867774975278,0.08584002507005974,0.029979042801503923
8.290000000000461,6,4,94.47002852191395,15.897374454443744,0.1682795559943763,0.510395430063393,1,30.563271413462402,4.717334704014277,0.15434652397636997,0.15434652397636997,1,32.07949103796845,3.0162103452576963,0.09402301120325718,0.09402301120325718,2,16.545621230138508,2.2321125790324077,0.13490654403272123,0.14981450326066661,2,15.281644840344585,5.931716826139363,0.3881595789007755,0.510395430063393,-0.0380039113043976,0.0016854757492795341,0.2684606662127945,0.012207870843503367,0.01443612604331285,0.00025340814506351984,0.0006538362559813445,-0.0090668674679446,0.057367907741263505,0.016866529756653998
8.300000000000464,6,4,94.6678632508763,15.919656742203436,0.16816326254259337,0.4888396074040509,1,30.567961102627315,4.718876852524045,0.15437329420438375,0.15437329420438375,1,32.075690871188954,3.01207989854014,0.0939053787067655,0.0939053787067655,2,16.650779786216358,2.327817897567114,0.13980233523321828,0.1682276007458995,2,15.373431490843668,5.860882093572137,0.38123447566425533,0.4888396074040509,-0.038001758942415025,0.0016854862572150556,0.26845959803047015,0.01221012132923999,0.01444080441595,0.00023133401249008227,0.0006986619846575715,0.019160148285029006,0.0408653890254182,0.006116484561607897
8.310000000000468,6,4,94.70218271953482,15.92354157082242,0.16814334277786155,0.4821728925647878,1,30.57239601774057,4.720378946750149,0.15440003276194003,0.15440003276194003,1,32.071554479261984,3.0088559001864543,0.09381696487870683,0.09381696487870683,2,16.654585273011897,2.3600422453024184,0.14170525453592497,0.17165830109077043,2,15.403646949520368,5.834264478583399,0.3787586470725404,0.4821728925647878,-0.037999800801363906,0.0016855568124993427,0.26845853054457763,0.012212189273491488,0.014445673151195987,0.000217642430519486,0.0007036770578298515,0.024653473477550862,0.04125690691885804,0.007187074424677936
8.320000000000471,6,4,94.68925708463422,15.896245205361389,0.16787802222540582,0.4781423726500418,1,30.576637838127986,4.72180468711674,0.15442524165390142,0.15442524165390142,1,32.06720497702175,3.0060766590150467,0.09374302067077867,0.09374302067077867,2,16.62567346693275,2.3551163900556444,0.1416553978844706,0.16901853027141092,2,15.419740802551729,5.813247469173958,0.37700033636181196,0.4781423726500418,-0.03799796144881187,0.001685650251093174,0.2684574542932505,0.012214144844643155,0.014450505338673304,0.00020994278049624637,0.0006934483297814383,0.02498556121241615,0.040335612868399616,0.006814947200919995
8.330000000000474,6,4,94.61532929515975,15.70558627496464,0.16599409833442383,0.4667320904352403,1,30.577137924552485,4.725348975661558,0.15453862906728266,0.15453862906728266,1,32.059835188818106,3.0083180334756605,0.09383448217241327,0.09383448217241327,2,16.489442748483665,2.195039262547749,0.13311785583230823,0.1403997977072656,2,15.488913433305498,5.776880003279672,0.37296870617520295,0.4667320904352403,-0.037995761362102434,0.0016854366156182708,0.26845637983249687,0.012216412260439015,0.014454904536623167,0.00025233631550224047,0.0008174530325223905,0.010085663173481576,0.0536716693063079,0.016388663065215595
8.340000000000478,6,4,94.79233814044322,15.794210378012952,0.16661906107445557,0.46199014119756954,1,30.581786902784383,4.7271185950705155,0.15457300157434964,0.15457300157434964,1,32.05597427264901,3.004864792727072,0.09373805853378478,0.09373805853378478,2,16.64259812100656,2.3040060317738056,0.1384402852860847,0.1647447024703188,2,15.51197884400327,5.75822095844156,0.3712112436684771,0.46199014119756954,-0.03799362347718187,0.0016853225283379068,0.26845532774783126,0.012218629546328236,0.014459629821639218,0.00023568579963427114,0.0008205151383577016,0.033371471142887806,0.03800272263558471,0.006007227422211785
8.350000000000481,6,4,94.89284017586948,15.794452928585036,0.1664451490682797,0.4478394669757389,1,30.585990081979695,4.728893575033813,0.15460979233822247,0.15460979233822247,1,32.05191577280195,3.0016471943370764,0.0936495408141613,0.0936495408141613,2,16.65685552660594,2.3470368342319303,0.14090515646743865,0.16987482202577742,2,15.598078794481902,5.716875324982217,0.36651150441711217,0.4478394669757389,-0.03799173840415844,0.0016850519830793988,0.26845416363573193,0.012220591131173039,0.014463477022857198,0.0002215610028643115,0.0008988864140510656,0.05004997138719776,0.057845780267235636,0.01624037439506749
8.360000000000484,6,4,94.89268491782298,15.781167804024092,0.16630541982967997,0.44419580775861484,1,30.589978789454413,4.730719354395166,0.15464931790099945,0.15464931790099945,1,32.047580115961225,2.9991753295943395,0.09358507939576402,0.09358507939576402,2,16.631166182208993,2.3482192060485683,0.14119389947293953,0.1678877716655736,2,15.623959830198341,5.703053913986018,0.36501975017645827,0.44419580775861484,-0.03798996376410823,0.0016848870977696896,0.26845303145007016,0.012222454849189887,0.014467716297080933,0.00021620633546282555,0.0009267347741622033,0.05325532023734322,0.061585301816382235,0.01829986169323517
8.370000000000488,6,4,97.28382879144752,13.015428224994903,0.13378819878581016,0.5547625539958293,1,30.608531194691913,4.709200313020765,0.15385254140641114,0.15385254140641114,1,32.01183627764138,3.0619593356108896,0.0956508495499682,0.0956508495499682,2,16.313964152865957,2.105153221135117,0.12903995628587267,0.16428042352114713,2,18.349497166248263,3.1391153552281317,0.17107364451393056,0.5547625539958293,-0.037988036909311955,0.0016844722745402976,0.26845182119075656,0.01222444361866262,0.01447087262635735,0.000266342867853728,0.0003953612978137,0.005209788795951437,0.10848249952845468,0.03992908118076646
8.380000000000491,6,4,94.52078026969093,15.724224369620028,0.1663573271904333,0.49006240288879305,1,30.599963054826496,4.729034814455635,0.15454380797723644,0.15454380797723644,1,32.0364767914875,2.993773517290946,0.09344890003904642,0.09344890003904642,2,16.609471708717585,2.220243107948345,0.13367331284733375,0.1550821881104632,2,15.274868714659346,5.781172929925102,0.3784761124903738,0.49006240288879305,-0.03798585566680141,0.0016841041183954615,0.2684506961494343,0.012226678037683543,0.01447469684691965,0.00024345294048676053,0.00041086335883542386,-0.028323539932092974,0.07801679121006469,0.0353575019169782
8.390000000000494,6,4,94.59982373779609,15.760551830908641,0.16660233823048579,0.48263461342256714,1,30.604144646855616,4.731072621172382,0.15458927788261093,0.15458927788261093,1,32.03245132635056,2.990961255679286,0.09337284946465708,0.09337284946465708,2,16.656968438309804,2.2822841084963836,0.13701677570855558,0.16523482581321006,2,15.306259326280111,5.756233845560589,0.37607058150892636,0.48263461342256714,-0.037983863084293926,0.0016838740620670237,0.26844958404056807,0.012228744595215491,0.014478930556854279,0.00022696602002240842,0.0004058782653223526,-0.016236492130891574,0.08125459275980434,0.03231028889182791
8.400000000000498,6,4,97.6836277817368,13.31635299961842,0.13632123726375447,0.5360518508990005,1,30.62121144622436,4.715206141739384,0.15398496398550474,0.15398496398550474,1,32.00018167219692,3.0503996312483035,0.09532444729520446,0.09532444729520446,2,16.64174315720411,2.4137277473538856,0.14504056002745105,0.17347373656699486,2,18.420491506111407,3.1370194792768475,0.17030053070169554,0.5360518508990005,-0.0379819994048646,0.0016837684092527055,0.26844850417230365,0.01223069764245614,0.014483641497239566,0.0002198426180452327,0.0003773024878423798,0.06495021604054366,0.07514101753767624,0.02678715685005075
8.410000000000501,6,4,97.69029690384289,13.316667198191908,0.1363151471563197,0.5265646204784383,1,30.62481298724966,4.717500638946093,0.15404177785216772,0.15404177785216772,1,31.995980625877447,3.0473342942933153,0.09524115950453843,0.09524115950453843,2,16.61360352086389,2.4040539216268657,0.1447039420802223,0.17015838594397922,2,18.455899769851893,3.147778343325635,0.1705567532647527,0.5265646204784383,-0.03798026729271458,0.0016834938805063043,0.268447328624625,0.012232510409835518,0.014487445622487063,0.00021211421214629487,0.0003991420738018683,0.07173617701930743,0.08275274253850966,0.03196919013730365
8.420000000000504,6,4,94.63798404202575,15.554289528016696,0.16435567267694043,0.4516475596073146,1,30.611897587859744,4.7400455689405465,0.1548432453537406,0.1548432453537406,1,32.01667214731825,2.988696483781063,0.09334813031251903,0.09334813031251903,2,16.54543903405405,2.1670269389953667,0.13097427844224394,0.14306168069416164,2,15.46397527279371,5.6585205362997195,0.3659162949034809,0.4516475596073146,-0.03797800685981761,0.0016829270117595543,0.26844616678731115,0.012234800314824013,0.014490778813389248,0.0002466530769361734,0.0005531889137770859,-0.009624517810481828,0.057946270786701094,0.014267341723282645
8.430000000000508,6,4,94.83052984804993,15.599610440224296,0.16449987641342997,0.43556978370488203,1,30.615975711050755,4.7423478886542725,0.1548978197987835,0.1548978197987835,1,32.01289410150689,2.985634701089083,0.09326350474974848,0.09326350474974848,2,16.6522632296057,2.2613267309810476,0.13579696043722653,0.16179117957959938,2,15.549396805886591,5.610301119499893,0.3608050646296441,0.43556978370488203,-0.037975933361002676,0.0016825352158168082,0.2684450169288893,0.01223692925715058,0.014494526014122641,0.00022664866510810152,0.0006107918493942525,0.01882210371091213,0.03679197841951818,0.0058346996867481606
8.440000000000511,6,4,94.85624210664335,15.616740203569972,0.1646358727347922,0.4319560363315308,1,30.61980044713148,4.744725549771191,0.15495612252481827,0.15495612252481827,1,32.00879066616692,2.9832280190307734,0.0932002727045863,0.0932002727045863,2,16.654800976588724,2.290846153174667,0.13754869580218085,0.16473294683227746,2,15.572850016756227,5.597940481593341,0.3594679506686325,0.4319560363315308,-0.03797400845271878,0.001682289336678659,0.2684438871576026,0.012238929835107083,0.014498663222266714,0.00021555810555938114,0.0006301654452094558,0.024366589857435624,0.037440909691017536,0.006431078677607981
8.450000000000514,6,4,94.83812011354144,15.60405827666334,0.16453361009246026,0.4302064658848258,1,30.62345227243555,4.74710594517963,0.15501537524077727,0.15501537524077727,1,32.004504162342776,2.9811218967255635,0.093146948367137,0.093146948367137,2,16.627450770757143,2.287868657319237,0.1375958761726081,0.16218849509462901,2,15.582712908005973,5.587961777438909,0.3586000595934721,0.4302064658848258,-0.03797216268213541,0.0016821354186654783,0.2684427633731852,0.012240864631768426,0.014502921061227799,0.00021080977240176807,0.0006340056849830488,0.024880675298082394,0.037240475359278505,0.006420906586346391
8.460000000000518,6,4,98.06622999696707,16.76446339663005,0.17095042194594948,0.4323453949396917,1,30.60590498601225,4.765260720351559,0.1556974290591772,0.1556974290591772,1,31.98419198355225,3.002056801770358,0.09386064226084419,0.09386064226084419,2,19.825075593199593,3.4557872962518026,0.17431395305434338,0.2923888460243547,2,15.65105743420298,5.54135857825633,0.3540564975594903,0.4323453949396917,-0.037970291542032256,0.0016817949941522628,0.26844159228353126,0.012242804826886347,0.014506635841501142,0.0002634501645561714,0.0007774935385750123,0.03458545410308199,0.040219086348873015,0.006115978067343521
8.470000000000521,6,4,94.94088564117388,15.47465212460013,0.16299249812231684,0.4116990365923826,1,30.627017951313587,4.754656063897434,0.15524384618364412,0.15524384618364412,1,31.99323061678237,2.9812364662922466,0.09318335187845672,0.09318335187845672,2,16.582643467547854,2.195507160798429,0.13239789935151322,0.14836521744843642,2,15.737993605530068,5.543252433612021,0.35222103735410176,0.4116990365923826,-0.03796805955603065,0.0016812501326397727,0.268440442777524,0.012245068778866377,0.014510198034448673,0.00024734576167253656,0.0008781535793219611,0.036590031258284944,0.05411956851134623,0.01715741001651961
8.480000000000524,6,4,95.03906254892473,15.547632209008485,0.16359201987082722,0.4095572791493493,1,30.63085225660236,4.757279526786486,0.15531006081494428,0.15531006081494428,1,31.98933062625288,2.978722183359857,0.09311611481220838,0.09311611481220838,2,16.656859965475242,2.2727398046598752,0.136444672607598,0.16199224299986928,2,15.76201970059425,5.5388906942022675,0.3514074210929608,0.4095572791493493,-0.037965995065572446,0.0016809119425151664,0.2684393246731431,0.012247192675146847,0.014514314060606137,0.00023600608596588567,0.0009137991806277988,0.05112958104012133,0.0579944146912417,0.01932503429378787
8.490000000000528,6,4,95.03826594487207,15.558948751155068,0.1637124646211474,0.408665988577939,1,30.63446426531249,4.7599262036302665,0.15537814411920195,0.15537814411920195,1,31.985209996357675,2.9765645875108313,0.09306065484171555,0.09306065484171555,2,16.647706644172587,2.289197486949396,0.13750827882053734,0.162644453793528,2,15.770885039029308,5.5332604730645745,0.3508528823443345,0.408665988577939,-0.03796404537689071,0.0016807142760538857,0.26843821150725783,0.012249222536994899,0.01451860576418814,0.00023047533110901963,0.0009242496487108262,0.05320435227265449,0.06094178559627726,0.019357079811871607
8.500000000000531,6,4,97.7220342706631,13.197855129851032,0.1350550592642864,0.5205994178757622,1,30.656583381715937,4.737186282838664,0.15452427375400207,0.15452427375400207,1,31.95294575947554,3.028201842378626,0.0947706626228858,0.0947706626228858,2,16.620573599630678,2.372628009447918,0.14275247452955775,0.167073868478322,2,18.491931529840947,3.0598389951858227,0.16546886896309748,0.5205994178757622,-0.037962216425223246,0.0016803340130657793,0.2684369635250769,0.012251126017992704,0.014521589815486338,0.0002301488070636203,0.0003787891869291232,0.05292283931897894,0.06055356913688485,0.018944512803671657
8.510000000000534,6,4,100.92916707199487,14.40955758552419,0.14276901319561622,0.51669197056112,1,30.638724813281648,4.758969274893677,0.15532530494972496,0.15532530494972496,1,31.932040186764453,3.052861586385137,0.09560496506109625,0.09560496506109625,2,19.827391316342972,3.5072877032567193,0.17689103156832306,0.30038679714642014,2,18.531010755605795,3.090439020988658,0.16677120647905147,0.51669197056112,-0.03796028742089397,0.001680031523020033,0.26843581057935006,0.01225312643844416,0.014525469769629613,0.00027720942522027717,0.00040596705745253375,0.05970525446974026,0.06821124133153886,0.02405299137423957
8.520000000000538,6,4,97.76177843117158,13.15080637967865,0.1345188947123888,0.4999007415650423,1,30.65976011517804,4.745678767045586,0.15478525432742213,0.15478525432742213,1,31.94211749165374,3.0286139576956783,0.09481569149218222,0.09481569149218222,2,16.58815207373539,2.2705382981022506,0.1368771089154213,0.1525178990583248,2,18.571748750604407,3.105975356835135,0.16724194358563316,0.4999007415650423,-0.03795798970585444,0.0016795185431222198,0.2684346832300716,0.01225545703391714,0.014529240118693856,0.00025562030129165793,0.00043194425048010136,0.05728414068079979,0.08070874753185955,0.03202564994301121
8.530000000000541,6,4,97.84982530940418,13.239585295981131,0.13530515005128677,0.4969389186097771,1,30.663484232146583,4.748373070312778,0.15485432230609789,0.15485432230609789,1,31.938341996375883,3.0259232441267208,0.09474265271722869,0.09474265271722869,2,16.66303419489111,2.3595374119204218,0.14160310687256805,0.1686365591059805,2,18.584964885990605,3.105751569621211,0.16711097323419397,0.4969389186097771,-0.037955858999182544,0.00167920960296774,0.26843357706147813,0.012257648926765423,0.014533461737638408,0.00023955323913807676,0.00043068487578193636,0.07085283949201246,0.08092045723121175,0.03340816849533124
8.540000000000544,6,4,97.83960093390836,13.237239996075624,0.13529531876379497,0.4958684019928478,1,30.666974284049548,4.751138522284986,0.15492687600276692,0.15492687600276692,1,31.93426246350489,3.024125458611958,0.09469845943891733,0.09469845943891733,2,16.646900869228567,2.3634411737568652,0.14197484518728856,0.1674653421382351,2,18.591463317125353,3.098534841421815,0.16666438722806873,0.4958684019928478,-0.03795384481675652,0.0016790348949249575,0.2684324707895284,0.012259744834465068,0.014537818114620371,0.00023080547410861817,0.00042507770896419204,0.07279093537996681,0.08371873064447038,0.033266588588282894
8.550000000000548,6,4,94.8255107546998,15.474358492118803,0.16318771572081253,0.415369718946117,1,30.65700010257882,4.7717381974469335,0.1556492214332981,0.1556492214332981,1,31.957953762921463,2.9639491403942473,0.09274527281634365,0.09274527281634365,2,16.621096939559173,2.2409330559782976,0.13482461862338022,0.15680298702692566,2,15.589459949640352,5.497738098299325,0.35265737979757006,0.415369718946117,-0.03795195946824667,0.0016786812344654922,0.26843124514016736,0.012261705025517764,0.014541064435224732,0.00021980652511296186,0.0005202633863890922,0.008204294173603263,0.05419776773595397,0.014085526206938303
8.560000000000551,6,4,97.6118284868659,13.066591331494138,0.13386278624267656,0.5470089609589215,1,30.679180736178026,4.748995465227727,0.15479538081756974,0.15479538081756974,1,31.924743247401796,3.015430437374102,0.09445433637495311,0.09445433637495311,2,16.59496392437005,2.350271744343524,0.1416256013001692,0.1627892342136357,2,18.412940578916025,2.9518936845487853,0.16031625540186065,0.5470089609589215,-0.0379501667767213,0.0016781702891819606,0.268429946402657,0.012263562137276975,0.014543616408867267,0.00026615227602934133,0.0006495931185185254,0.013606698265925535,0.047245760134414956,0.01016528869891705
8.570000000000555,6,4,97.59603465360854,12.975391902722205,0.13294999073246105,0.5371889561018587,1,30.67898158228858,4.754920495227536,0.1549895156224032,0.1549895156224032,1,31.917971740499237,3.0188951766677397,0.0945829265472155,0.0945829265472155,2,16.549418322744852,2.2287429427403467,0.1346719805660633,0.14412173634327408,2,18.449663008075877,2.972833288086583,0.16113211860754856,0.5371889561018587,-0.037947779540232734,0.0016776928504733937,0.26842884639480297,0.012265982561149469,0.014547603069375064,0.000290316468093072,0.0005526275753654051,0.003698156425204638,0.04390585168776112,0.011143828296961053
8.580000000000558,6,4,97.71540608364937,13.083514528782754,0.13389408132411176,0.5346671750891757,1,30.68271859498728,4.75761996356366,0.15505861870860835,0.15505861870860835,1,31.914290229626175,3.0162803798750484,0.09451190542458068,0.09451190542458068,2,16.658566546567073,2.3408122957582997,0.14051703003465713,0.16641730989779688,2,18.459830712468847,2.9688018895857455,0.16082497915760643,0.5346671750891757,-0.03794555343722037,0.0016774098477982155,0.26842775774969363,0.012268269929125395,0.014551948315874646,0.00027191529041815894,0.0005141468846502623,0.02073487225666862,0.031134936991321447,0.005746834583968331
8.590000000000561,6,4,97.71271249495831,13.086709425298006,0.13393046913904105,0.5337330500404903,1,30.686186394812545,4.760449689323059,0.1551333107371011,0.1551333107371011,1,31.910284326045264,3.014483273975732,0.09446745266118806,0.09446745266118806,2,16.65116059472201,2.35152818106673,0.14122307977812093,0.16676981406171174,2,18.465081179378494,2.960248280932485,0.160316017686315,0.5337330500404903,-0.03794345557692205,0.0016772548656748614,0.26842666151406547,0.012270449871467387,0.014556384330733915,0.0002610739977683594,0.0004959179813359017,0.023477137473473846,0.03557788128786638,0.005838636505303906
8.600000000000565,6,4,97.7626938737636,13.117566330274677,0.1341776275847388,0.5110973502063072,1,30.689164814562325,4.763724895445956,0.15522497677048283,0.15522497677048283,1,31.906634447462586,3.01075282894128,0.0943613414914939,0.0943613414914939,2,16.626355332734683,2.34073754433412,0.14078476596284306,0.16361566558627552,2,18.540539279003994,3.002351061553321,0.1619343977202053,0.5110973502063072,-0.0379415023794382,0.001676930365013339,0.26842545906740684,0.012272478237476635,0.014559884927110878,0.0002468714020621551,0.0004320612841091786,0.04061093955383441,0.04618253233309881,0.010186118132211165
8.610000000000568,6,4,94.7004142860499,15.400907146501455,0.16262766390843683,0.4170035231908928,1,30.678701400501257,4.784817717913091,0.15596545810230783,0.15596545810230783,1,31.931075840041917,2.9519859129239676,0.09244868314841259,0.09244868314841259,2,16.601082967253628,2.1994601950183035,0.13248895866353033,0.15181609838214505,2,15.489554078253102,5.4646433206460925,0.3527953931429374,0.4170035231908928,-0.03793965198593739,0.0016764541099812073,0.2684241901416742,0.012274393525180213,0.014562774974656696,0.00023173808447124515,0.0004004510985358628,-0.022874735904291753,0.08987825348297106,0.03620220645248333
8.620000000000571,6,4,94.54684028002632,15.242528470328233,0.16121668820643098,0.41264684864367307,1,30.678143284063243,4.790676218815817,0.1561592621318934,0.1561592621318934,1,31.923735514110156,2.95503663130943,0.09256550286865133,0.09256550286865133,2,16.415144244371504,2.042533015451247,0.1244297939173821,0.1373520364953112,2,15.529817237481417,5.454282604751739,0.3512135733051486,0.41264684864367307,-0.03793742022422008,0.0016760351248603098,0.26842307158228784,0.012276672077464799,0.014566770696157947,0.0002747226409756425,0.0004432271287759109,-0.051955215755101286,0.1117311154779063,0.031492576144534934
8.630000000000575,6,4,94.77506604483035,15.35006628034839,0.16196312934340268,0.410646858511068,1,30.682007839533952,4.793494848296108,0.15623145895033835,0.15623145895033835,1,31.920205409507563,2.952382090045579,0.09249257804482047,0.09249257804482047,2,16.631569199144035,2.155849176706523,0.12962391887937288,0.14916577649848106,2,15.541283596644806,5.448340165300181,0.35057208314996696,0.410646858511068,-0.037935055262415356,0.0016757409437563354,0.2684220059606272,0.012279091801260742,0.014571229027374375,0.0002565710327394838,0.00042857164187699214,-0.022006006082594308,0.07068109919470916,0.030863197106326932
8.640000000000578,6,4,94.8074259913283,15.386204465846989,0.16228902224657285,0.40958977591207735,1,30.68554780806792,4.796438676695965,0.15630937100086165,0.15630937100086165,1,31.916358106794704,2.9501726578446283,0.09243450170514797,0.09243450170514797,2,16.659327889763414,2.1975057870010763,0.13190843001243574,0.1555079049166164,2,15.546192186702262,5.442087344305318,0.3500591835575218,0.40958977591207735,-0.03793284379457189,0.001675583449978996,0.268420923597586,0.012281381621418522,0.014575746664115737,0.00024390988173481477,0.00041328053603281,-0.01641010488586752,0.07802154122158887,0.03119779052662439
8.650000000000581,6,4,94.8657653813905,15.357030709382496,0.16188169301794336,0.3970532116223368,1,30.6886655247735,4.799635591141636,0.1563976637324656,0.1563976637324656,1,31.912363535550444,2.9482259356137304,0.09238506989084028,0.09238506989084028,2,16.637635018877962,2.20137846855219,0.13231318429899364,0.15381066521475054,2,15.627101302188596,5.40779071407494,0.34605206746292555,0.3970532116223368,-0.037930805922028854,0.0016752778682807099,0.2684197437609408,0.012283493324346806,0.014579471909628555,0.00023155463466878253,0.0004614545916313662,-0.0016721980455219505,0.0645967725619549,0.02071851194776334
8.660000000000585,6,4,94.96181665594297,15.321543567709384,0.1613442550622321,0.3815879348379247,1,30.691610291828773,4.8028978636877735,0.15648894984719913,0.15648894984719913,1,31.908333265599403,2.9463716724901987,0.09233862665169988,0.09233862665169988,2,16.61274804104314,2.202743688856631,0.13259357713814562,0.15177446130197575,2,15.749125057471648,5.36953034267478,0.34094150139009693,0.3815879348379247,-0.03792888933537329,0.0016748331820901727,0.26841850193243244,0.012285474998478454,0.01458265607282615,0.00022101090461869029,0.0005673638577712353,0.01884310757297356,0.04193770148893709,0.005979516377989415
8.670000000000588,6,4,94.96597104116896,15.321401246082312,0.16133569823068822,0.3801247456525062,1,30.694559376297676,4.8061718974755925,0.15658057959245103,0.15658057959245103,1,31.904110562585295,2.944890814000952,0.0923044323152044,0.0923044323152044,2,16.58909969330144,2.201052395834639,0.13268064189905426,0.14963873176025114,2,15.778201408984541,5.369286138771129,0.3402977310020716,0.3801247456525062,-0.037926981202672724,0.0016745300876088514,0.26841733539604257,0.01228745809124411,0.014586570884844682,0.0002192615772332784,0.0006160899975703137,0.023526683094241385,0.035536986211287314,0.0059798745714872495
8.680000000000591,6,4,94.92578078942422,15.228816479451709,0.1604286670365567,0.38077772493357964,1,30.694479986253857,4.811849182727055,0.15676594569714106,0.15676594569714106,1,31.89722121046967,2.9474607601408955,0.09240493837041348,0.09240493837041348,2,16.546491514339806,2.099563667218556,0.12688875254303886,0.1347031447120264,2,15.787588078360887,5.369942869365203,0.340137001466707,0.38077772493357964,-0.03792445210049556,0.001674226673798479,0.26841630099613867,0.0122900341885941,0.0145911649957127,0.0002662730161828055,0.0006882045900899927,0.0051551599961765695,0.042608572158526536,0.011853341187104936
8.690000000000595,6,4,95.04006576805753,15.308577828008,0.1610749919446408,0.3798720209086587,1,30.698197476473407,4.814772154186766,0.15684217804243158,0.15684217804243158,1,31.89357586531772,2.9450578310634197,0.092340157889476,0.092340157889476,2,16.656509307446463,2.1844666960225454,0.13114792875875603,0.1528187173859133,2,15.791783118819934,5.3642811467352685,0.33968812175126445,0.3798720209086587,-0.03792208680520763,0.0016740631769640625,0.26841524180862764,0.012292471698751858,0.014595796096522937,0.00025205820479594614,0.0006766187190867796,0.02005434303723539,0.029389775467977924,0.005724563110682487
8.700000000000598,6,4,95.0942234496256,15.32163087762255,0.16112052153976417,0.3753773391952989,1,30.70141978360673,4.818010777930817,0.15693120422083645,0.15693120422083645,1,31.889683513599948,2.9430749128322176,0.09228924807538741,0.09228924807538741,2,16.652465100890986,2.2030869728146367,0.1322979486500627,0.15389528588631884,2,15.850655051527932,5.357458214044878,0.33799601320126155,0.3753773391952989,-0.03791993469783886,0.001673775501085925,0.2684140877970591,0.012294695182047854,0.014599741376667443,0.00024068914299051555,0.0007436259534524124,0.0329199890020462,0.037260481691593315,0.005810603680199454
8.710000000000601,6,4,95.15912164554152,15.325305762060667,0.1610492562042128,0.3704110025835179,1,30.70442540237054,4.8213238082537835,0.15702374315988837,0.15702374315988837,1,31.885690186618824,2.941284186601386,0.09224464546280162,0.09224464546280162,2,16.62990475200811,2.2071877898477004,0.13272401873385212,0.15220456182584233,2,15.939101304544042,5.355509977357797,0.33599823948863455,0.3704110025835179,-0.03791793405080084,0.0016733630173858354,0.2684128723961113,0.01229676091454109,0.014603193471696911,0.00023404106825428858,0.0008570653763235075,0.048516891476435654,0.054739888353404015,0.016988131366958585
8.720000000000605,6,4,94.74665229037244,15.290487145622153,0.16138287502508283,0.3964294037592797,1,30.712820905511244,4.817233941488107,0.15684765513101018,0.15684765513101018,1,31.881876867939557,2.935615105265013,0.09207786346534291,0.09207786346534291,2,16.605599383894017,2.163520101083321,0.13028858826871054,0.14794638546304223,2,15.546355133027616,5.374117997785713,0.3456834706141899,0.3964294037592797,-0.03791601228983153,0.0016728033657371227,0.2684115540421851,0.012298742542689808,0.014605551707786006,0.00024138246494656714,0.0004090074212096361,-0.0285891691913658,0.09580723785181494,0.04022557884541563
8.730000000000608,6,4,100.97204408610878,14.264973794456441,0.14127646838853036,0.5063988046758586,1,30.708605897500394,4.822684462175073,0.157046675393611,0.157046675393611,1,31.832009982583983,3.0192716039916627,0.09485017143572068,0.09485017143572068,2,19.829725131957204,3.4496260528863782,0.17396237365524686,0.30220503332864734,2,18.601703074067196,2.973391675403328,0.15984513157553623,0.5063988046758586,-0.03791382919098679,0.0016728599643779278,0.26841058798283934,0.01230101931232093,0.014611290576406205,0.000302705925196689,0.0004143196172932816,0.03221928759655132,0.037009595752739606,0.00586791735754964
8.740000000000611,6,4,95.20817866794846,15.269185639328732,0.1603768274213301,0.3696113764520025,1,30.710457001987123,4.833479457166903,0.15738871801400262,0.15738871801400262,1,31.870679087867245,2.9407163024540957,0.09227027432790375,0.09227027432790375,2,16.588519119885653,2.127646906004692,0.12826020759467036,0.14031527941159927,2,16.038523458208438,5.367342973703041,0.33465318597991395,0.3696113764520025,-0.037911344745402455,0.001672395908952767,0.268409489591667,0.012303538450157912,0.014615418976353014,0.0002811713812810096,0.0010683106075189419,0.04929856799183323,0.07489582075296357,0.02785103047770587
8.750000000000615,6,4,97.93545716364991,13.111443500501018,0.13387841217294597,0.4734303708735104,1,30.732841102164475,4.811550038300561,0.15656053478120155,0.15656053478120155,1,31.83907404874274,2.991416902595214,0.09395426820565277,0.09395426820565277,2,16.66566766053901,2.2942705682530655,0.13766448575507373,0.16093816934520958,2,18.697874352203687,3.0142059913521773,0.16120581059509206,0.4734303708735104,-0.03790900726158798,0.0016720911723953618,0.26840834457194385,0.01230594100038384,0.014619226693054335,0.0002614491872023009,0.00038145274976050775,0.05136647101712709,0.057794744403229625,0.0203632036645646
8.760000000000618,6,4,97.97668585739531,13.152534834397608,0.13424147509481055,0.4581737640417111,1,30.735779878568522,4.815078494089064,0.15666036499195932,0.15666036499195932,1,31.835520860201687,2.98816659875289,0.09386265774870564,0.09386265774870564,2,16.649998655109606,2.2918344212796007,0.13764772410815032,0.15905285049505,2,18.7553864635155,3.0574553202760533,0.1630174524115333,0.4581737640417111,-0.03790688534969182,0.001671678534725966,0.2684071438844064,0.012308124436161527,0.014622781175796939,0.0002450872314660481,0.0004087531228383401,0.06797602952908305,0.07742786813872557,0.031013545103695476
8.770000000000621,6,4,94.92043248927496,15.255649072196167,0.1607203915123322,0.3767547610687143,1,30.725550922355506,4.835984196345483,0.1573929205880206,0.1573929205880206,1,31.85942122787511,2.9308772863240624,0.09199405304198427,0.09199405304198427,2,16.627730343026425,2.1659160207467965,0.13025927027107276,0.14874557819445228,2,15.707729996017912,5.322871568779826,0.33886956104600946,0.3767547610687143,-0.03790481170810278,0.001671387781711397,0.26840595973207504,0.012310274972194092,0.014626491424345559,0.00023563987445171443,0.00046062031363251136,-0.0028267029462294493,0.06535768223102079,0.02163935818168286
8.780000000000625,6,4,94.92068603995386,15.250550764566846,0.1606662509597498,0.3747992153694931,1,30.728535905878505,4.839329221230626,0.15748648865189965,0.15748648865189965,1,31.855323248165625,2.9294345361558927,0.09196059676853484,0.09196059676853484,2,16.604472959109135,2.163823880054534,0.1303157218770663,0.1466452667900392,2,15.732353926800592,5.317963127125793,0.3380271732932772,0.3747992153694931,-0.03790276215769925,0.0016711995627608502,0.26840482178548475,0.012312409871604637,0.01463069848132578,0.00023262062252483393,0.00048480248905868065,0.0009098202205963281,0.06060526308943577,0.01896673577516562
8.790000000000628,6,4,95.00516128667618,15.224844015339247,0.16025280952261722,0.36379484413527785,1,30.731372725718195,4.842725652458014,0.1575824710363581,0.1575824710363581,1,31.85128338583698,2.9278746404345384,0.09192328626030968,0.09192328626030968,2,16.581418878518598,2.1622299590299434,0.13040078022702478,0.1446401521183555,2,15.84108629660242,5.292013763416751,0.33406886777403494,0.36379484413527785,-0.037900780514815026,0.0016708327024238326,0.26840360080227793,0.012314464667949252,0.014634101862923639,0.00022708558194665254,0.0005821698298574838,0.018308253786607314,0.040468255301618045,0.005953261145317132
8.800000000000631,6,4,94.99248581761533,15.144754247941293,0.15943107623290412,0.3638670755891214,1,30.731237399258635,4.8485840000478735,0.15777379664395946,0.15777379664395946,1,31.84451182558334,2.930526345531732,0.09202610363702914,0.09202610363702914,2,16.54907843757051,2.070087386377864,0.12508777417347014,0.13153988889270166,2,15.86765815520285,5.295556515983823,0.33373270738426275,0.3638670755891214,-0.037898190715277356,0.0016704697246646564,0.26840253977189993,0.012317096735699428,0.014638514279973472,0.00027237044651975137,0.0006782424557891238,0.0030924181082144673,0.04522390090511037,0.012641622264189186
8.810000000000635,6,4,95.11116295619982,15.226528620328837,0.16009191925600672,0.3633041960750493,1,30.73487192002264,4.851671521517451,0.15785559588933135,0.15785559588933135,1,31.840945712437392,2.9283186498185896,0.09196707523277987,0.09196707523277987,2,16.660184339468742,2.153295106140418,0.12924797602864233,0.14949922029627438,2,15.875160984271039,5.293243342852378,0.33342927029822717,0.3633041960750493,-0.037895767365711236,0.0016702635079595403,0.2684014684414119,0.012319587973923348,0.014643096297294642,0.00025763025757285867,0.0006762990120655544,0.018990485049822935,0.02846793533694461,0.005691680359614908
8.820000000000638,6,4,97.82917365452184,12.998630012337966,0.132870692113192,0.4998561450845646,1,30.757286329689983,4.829475555603413,0.15701890940038893,0.15701890940038893,1,31.80821745241076,2.9800936051605103,0.09368942505562027,0.09368942505562027,2,16.653392638458826,2.282048048215362,0.137032020907576,0.1583362601582316,2,18.610277233962265,2.90701280335868,0.15620470167169861,0.4998561450845646,-0.0378935431131647,0.0016699241585975604,0.26840027464932514,0.012321881562509083,0.01464663832739484,0.00028031195527589235,0.0005654420751379148,0.015285681439747373,0.04093636400683255,0.008208926748955233
8.830000000000641,6,4,97.8305901179408,13.005120052388357,0.13293510789120133,0.49365414752933195,1,30.760340273522804,4.832831156849036,0.15711240883147615,0.15711240883147615,1,31.80438490609851,2.978304447612382,0.0936444599197795,0.0936444599197795,2,16.632899698919132,2.2763408968542915,0.13685773004464258,0.15598924961953853,2,18.63296523940036,2.9176435510726484,0.1565850369807561,0.49365414752933195,-0.03789140364628279,0.0016696937822558765,0.26839912664708443,0.012324100787508372,0.014650763114019175,0.00027017764946010497,0.0005198298652377689,0.021489535236320297,0.03639533134008997,0.005824974772411047
8.840000000000645,6,4,97.81370771471475,12.99730967266404,0.13287820261933256,0.4923396238305562,1,30.763426620380326,4.836085465031266,0.15720243146865276,0.15720243146865276,1,31.800364654653738,2.977259736185609,0.09362344641384199,0.09362344641384199,2,16.61041398761101,2.2690491219467117,0.13660400780131654,0.15344046199542744,2,18.639502452069678,2.914915349500453,0.1563837531069285,0.4923396238305562,-0.03788929374122638,0.0016695429473475153,0.2683980010710995,0.01232629891743431,0.014655113405158597,0.00026572749332869143,0.0004989172345278552,0.02244068037597262,0.035728397387691305,0.005847771841227805
8.850000000000648,6,4,97.86416714407687,13.035453323823166,0.13319945087390572,0.4710164784108662,1,30.766127049810713,4.839741902216603,0.1573074795661152,0.1573074795661152,1,31.796758992062387,2.9742056128673777,0.09353801164482979,0.09353801164482979,2,16.58767108056258,2.2559785015902776,0.13600332986068378,0.1504154405956519,2,18.713610021641195,2.965527307148907,0.1584690128585264,0.4710164784108662,-0.03788725934672767,0.0016692010799419198,0.2683967858654851,0.01232840873583529,0.014658601934831771,0.0002555664661162258,0.0004340439864801379,0.039015113080281556,0.04380756088538697,0.009724300757513552
8.860000000000651,6,4,97.71631678077893,12.85688446237641,0.13157356811984747,0.467656386236308,1,30.765579164849193,4.846103253172984,0.1575170494014244,0.1575170494014244,1,31.78975430274982,2.9793004595168138,0.09371888914722136,0.09371888914722136,2,16.429557339839533,2.0528486045851304,0.12494850360984713,0.14631334455379205,2,18.73142597334038,2.9786321451014817,0.15901790655665185,0.467656386236308,-0.03788483225952033,0.00166887807367294,0.2683956943451499,0.012330890850334715,0.014662925315807285,0.0002993302748041687,0.0004234953187069967,0.006546189647394569,0.08458640140478613,0.029205267048869322
8.870000000000655,6,4,94.88309830064462,15.143796416690876,0.15960478407552162,0.36959646063090135,1,30.75579491281394,4.866771577746314,0.15823917383837954,0.15823917383837954,1,31.81492129885808,2.9187939934892193,0.09174292672520244,0.09174292672520244,2,16.638876889868186,2.090468342780376,0.12563758699683106,0.14237231631311947,2,15.673505199104406,5.267762502674967,0.3360934542565482,0.36959646063090135,-0.037882352891657,0.0016683866866569075,0.26839451981469653,0.012333412422092117,0.014666414204851362,0.000273156522187936,0.0004218885050312891,-0.031534984857669236,0.08134262250373456,0.036126258929499014
8.880000000000658,6,4,94.93849150364696,15.172561587376816,0.15981464785327854,0.366190780913729,1,30.759083747124677,4.870100681118224,0.1583304860819684,0.1583304860819684,1,31.811208072234457,2.9170156432503047,0.09169773234095885,0.09169773234095885,2,16.660615114306403,2.1237655532049806,0.12747221748021248,0.14704837463757464,2,15.707584569981416,5.261679709803307,0.33497700975991196,0.366190780913729,-0.03788004517782275,0.0016680702194279745,0.26839338424923465,0.012335784078854533,0.01467056301170905,0.0002565524613762241,0.0004181931133096745,-0.01915034397612984,0.07835509130756213,0.03193444340797829
8.890000000000661,6,4,94.92991342984192,15.176667121829922,0.1598723371115919,0.36577392634844325,1,30.762262502315917,4.873423364041806,0.15842213698276952,0.15842213698276952,1,31.80732165443787,2.915494509002041,0.09166111314484918,0.09166111314484918,2,16.64381641013794,2.1275640631383292,0.12782909945115745,0.14576647439783447,2,15.716512862950193,5.260185185647745,0.33469162221398396,0.36577392634844325,-0.03787783023434686,0.0016678767489333994,0.2683922648030908,0.012338079225470108,0.014674953269048673,0.0002484094719504946,0.00041275598568117004,-0.016348088227028906,0.07930879664653731,0.03139458526149929
8.900000000000665,6,4,97.99374800972404,13.101156424880148,0.1336937987470395,0.44605232838301545,1,30.77868077374671,4.859143573073739,0.15787367914801737,0.15787367914801737,1,31.77534975680858,2.970625497220172,0.09348836503628569,0.09348836503628569,2,16.622284557226905,2.2493852506200405,0.13532347150452737,0.151707049048692,2,18.817432921941844,3.0220021039661966,0.16059587492629918,0.44605232838301545,-0.0378756628682168,0.0016677878410122045,0.26839118436358905,0.012340336762568592,0.01467978866695864,0.0002469327810612196,0.00038699076745593304,0.06267095144815038,0.07141225302180239,0.026474409737181553
8.910000000000668,6,4,97.9997094085601,13.114368981825677,0.1338204884583072,0.43902655766433596,1,30.781589553430923,4.8626127495756934,0.15797146346634025,0.15797146346634025,1,31.771501533694174,2.9690143522308503,0.09344897813791281,0.09344897813791281,2,16.600247307223242,2.2406545533770967,0.1349771790690205,0.1490903656460072,2,18.84637101421176,3.0420873266420374,0.16141501853847864,0.43902655766433596,-0.037873577648733565,0.0016675207836120162,0.268390013380868,0.0123425014108906,0.014683741394676214,0.00024269311659731082,0.0004138330798652137,0.06912760837314269,0.07867228938059886,0.03143833764304082
8.920000000000671,6,4,97.9855609426191,13.109881259649676,0.1337940114189569,0.4377180126631622,1,30.784554293447826,4.865990478212603,0.1580659713903436,0.1580659713903436,1,31.76745305542326,2.9682797107541994,0.09343776177383734,0.09343776177383734,2,16.5795211148314,2.2326344865117167,0.13466218179935777,0.14667465217683598,2,18.85403247891661,3.0429765841711562,0.16139659182055316,0.4377180126631622,-0.03787148284521184,0.0016673343749411117,0.26838887641261816,0.012344682017227278,0.014688006693983006,0.00024246300157725458,0.00042441440321377337,0.07013265367461838,0.07982644014543203,0.03220399066151965
8.930000000000675,6,4,94.91589904839348,15.054980966981754,0.15861390049422464,0.35574967879386227,1,30.770930073246493,4.88958288431086,0.1589026679619952,0.1589026679619952,1,31.788504816332956,2.914535996848109,0.09168521809023927,0.09168521809023927,2,16.499435184153473,2.012662344091941,0.12198371166213975,0.12417863398893528,2,15.857028974660562,5.238199741730844,0.33033929307321414,0.35574967879386227,-0.03786894650499881,0.0016668577832938166,0.2683877177670523,0.012347260047321923,0.014691573125390836,0.0002846806993384712,0.0005820063611164803,-0.020936871211005577,0.07432630303392694,0.020286527953078264
8.940000000000678,6,4,95.15069653029188,15.139580810685366,0.15911161308068383,0.3495556407705079,1,30.77457195572254,4.892719539898818,0.15898578693274124,0.15898578693274124,1,31.785197379196568,2.912173089035381,0.09162041859590277,0.09162041859590277,2,16.65496832723295,2.1084665361194252,0.12659685054289893,0.14432387513445458,2,15.935958868139824,5.226221645631742,0.3279515019381943,0.3495556407705079,-0.03786645032487277,0.0016665011837701704,0.26838658361470663,0.012349811731690056,0.01469556698060252,0.000264752747751662,0.0006367806804365045,0.0123968237551753,0.031401503458422575,0.005660501011535219
8.950000000000681,6,4,95.17212221660047,15.16006140201267,0.15929098825294835,0.34925180781031856,1,30.777866371766567,4.8960490317500005,0.15907694745992168,0.15907694745992168,1,31.781453121919984,2.9105493476941775,0.09158012179395103,0.09158012179395103,2,16.65792692295794,2.1257348976831967,0.1276110111128841,0.1456732343103775,2,15.954875799955975,5.227728124885294,0.32765708680099653,0.34925180781031856,-0.037864109797481636,0.0016662761207990877,0.26838546355906434,0.012352226520419965,0.014699923181622035,0.0002530595489729102,0.0006552735311028109,0.020275789987163593,0.03363347952073215,0.005755234635029064
8.960000000000685,6,4,95.15994265952425,15.162791735710044,0.15934006801539882,0.3493380620042238,1,30.781088927365328,4.899343455940581,0.15916732080212131,0.15916732080212131,1,31.777594208053277,2.9091027012894304,0.09154571873009151,0.09154571873009151,2,16.640591324460985,2.1279405333562917,0.12787649740717486,0.1443116159017449,2,15.960668199644664,5.22640504512374,0.3274552781718811,0.3493380620042238,-0.03786185552382215,0.0016661334259925446,0.26838434728435767,0.012354567277544354,0.014704391692317936,0.000247311071901628,0.0006588271274268143,0.022030678586399868,0.03505775880221157,0.005814275006419422
8.970000000000688,6,4,95.19599434608546,15.173085451849964,0.15938785613907394,0.3483976976668022,1,30.784064347403916,4.902802090119948,0.15926428800274425,0.15926428800274425,1,31.773689127116555,2.9077889742491796,0.09151562359082789,0.09151562359082789,2,16.619316233100136,2.129210593069474,0.12811661822938278,0.14262872967931597,2,16.018924638464853,5.233283794411362,0.3266938269904293,0.3483976976668022,-0.037859719009651405,0.0016658277002492014,0.2683831602564771,0.012356779714751536,0.014708239865078415,0.0002427237464352068,0.0007347185578696231,0.03222566525678944,0.03661375372185344,0.005838671622663309
8.980000000000691,6,4,95.18803520274986,15.178042464860427,0.15945325935692758,0.349217584774667,1,30.787047908704565,4.90624008520719,0.15936052393708156,0.15936052393708156,1,31.76968886002301,2.9066728078479716,0.09149201368180684,0.09149201368180684,2,16.59833680401737,2.127264890972463,0.12816132821558313,0.14077214521011314,2,16.032961630004916,5.237864680832803,0.3266935206175752,0.349217584774667,-0.03785759031360336,0.001665619388604904,0.2683820167077817,0.012358992005907551,0.014712494888086057,0.00024313644279890708,0.0007658305026510554,0.034239616444315495,0.0383832784892189,0.00644681783925768
8.990000000000695,6,4,95.24394637319305,15.192798042114099,0.15951457935798213,0.3489253036375774,1,30.789897403765377,4.909733900552581,0.15945924847259013,0.15945924847259013,1,31.76571922781514,2.905482725206059,0.09146598269564506,0.09146598269564506,2,16.577983632213417,2.1267194847262223,0.12828577539392058,0.139086288422411,2,16.110346109399117,5.2508619316292355,0.32593104430982844,0.3489253036375774,-0.037855525922944014,0.0016652373788283252,0.26838080101781875,0.012361127261083786,0.014716053565285119,0.00024249330120412806,0.0008656653115960883,0.04674248209121793,0.05224538735532735,0.016375141667726273
9.000000000000698,6,4,95.10556019340837,15.09149609909287,0.1586815331133378,0.35138939999561764,1,30.78943112878083,4.915788851898782,0.15965832013387485,0.15965832013387485,1,31.75877336576777,2.908938491148401,0.09159479988871029,0.09159479988871029,2,16.428068143809238,2.0044804974091255,0.12201559427816806,0.13912550169318028,2,16.129287555050535,5.262288258636562,0.32625670790950656,0.35138939999561764,-0.03785306196190239,0.0016648903796987805,0.26837970417968865,0.012363644235209971,0.014720382271988009,0.00029808697916208126,0.0009707775993402839,0.013189656720736145,0.09366189545709462,0.02996925494142736
9.010000000000701,6,4,95.32663072610444,15.18806616438903,0.15932658113164486,0.3511783141766634,1,30.793238346409158,4.918898685485,0.15973957107562867,0.15973957107562867,1,31.755499208543768,2.906766017434046,0.09153583126956433,0.09153583126956433,2,16.643370114166885,2.1007357250019965,0.12622057375349985,0.1414096172696204,2,16.134523056984623,5.261665736467987,0.32611225741750177,0.3511783141766634,-0.03785047370514744,0.0016646396786812847,0.26837864094698355,0.01236629193651386,0.014725024108594989,0.00028431518285285503,0.0009688239434408737,0.04154395466874344,0.053554061211788455,0.018297889297284695
9.020000000000705,6,4,98.04368700715295,13.055873722879767,0.13316383870720053,0.4407342504380097,1,30.81542889183149,4.8972627521741705,0.1589224271180704,0.1589224271180704,1,31.723935519893573,2.957433150965001,0.0932240310824753,0.0932240310824753,2,16.6598632786905,2.219341381991149,0.1332148616627539,0.1513142448566374,2,18.844459316737392,2.9818364377494464,0.15823412004721302,0.4407342504380097,-0.03784810507716843,0.0016642374154162078,0.26837742042336366,0.012368724213496485,0.014728325854964452,0.0002696843372272897,0.00038892085689626587,0.04771120596822248,0.05349067248615592,0.017963230694718793
9.030000000000708,6,4,94.96675113526844,15.093195592759947,0.1589313671609293,0.3500858829227696,1,30.805124656287045,4.918361591998099,0.15966049957192127,0.15966049957192127,1,31.748421378933227,2.8995332025559573,0.0913284212764025,0.0913284212764025,2,16.645276599849694,2.0886103666992715,0.12547766053452855,0.1414877106948011,2,15.76792850019847,5.18669043150662,0.32893924090544524,0.3500858829227696,-0.037845843391294876,0.0016639311710212237,0.2683762256856228,0.012371061090318018,0.014732043593623362,0.0002565410049269882,0.00040233240371828974,-0.02257540304416359,0.08550035324801195,0.03532915963023929
9.040000000000711,6,4,94.97099019707585,15.092695638728735,0.1589190089248268,0.3484837135251881,1,30.80820264598571,4.921776014013388,0.1597553765329667,0.1597553765329667,1,31.744560791158303,2.898305781558312,0.09130086255172151,0.09130086255172151,2,16.625327331720875,2.088762409921989,0.125637370515807,0.13981583497909741,2,15.792899428210955,5.183851433235046,0.328239374713873,0.3484837135251881,-0.03784363984394941,0.0016637112547814663,0.268375071890537,0.01237334719122854,0.014736235199323055,0.00025036155962306566,0.0004081595927183586,-0.017913082855541235,0.08095344985964856,0.03235601280388578
9.050000000000715,6,4,94.95652094968517,15.0905813837213,0.1589209591168297,0.34839124219733636,1,30.811283987069697,4.925137891844203,0.15984851179558415,0.15984851179558415,1,31.740635330022247,2.897171927220856,0.09127643152374244,0.09127643152374244,2,16.6047531260663,2.0857815743673758,0.12561352514739266,0.13791853199218418,2,15.799848506526924,5.182489990288865,0.3280088406004637,0.34839124219733636,-0.037841453175511186,0.0016635536672538508,0.26837393736634496,0.012375622641791303,0.014740605298460685,0.0002482451727823241,0.00040823608332403097,-0.017328830655789666,0.07975400698046559,0.03200122288011597
9.060000000000718,6,4,98.01759499727316,13.06736532582994,0.13331652675413502,0.42926347765040956,1,30.82766703145326,4.910903363381,0.1593018167210136,0.1593018167210136,1,31.70868644275186,2.9528273811585923,0.09312361098558107,0.09312361098558107,2,16.58506200394721,2.1968568712730416,0.13245997336339135,0.1429176603995697,2,18.89617951912084,3.006777710017305,0.15912093272477537,0.42926347765040956,-0.037839269581133816,0.0016634643630114513,0.26837284411369183,0.012377898900788907,0.014745402435758493,0.0002501201920391543,0.0003862258604150409,0.06094959216196867,0.06912012080518612,0.025797778170021657
9.070000000000721,6,4,98.02677768253562,13.082584547018287,0.1334592940450094,0.4224758823044575,1,30.830519087304022,4.914455265458174,0.1594022874393296,0.1594022874393296,1,31.704873094483734,2.9514495345342184,0.0930913530465364,0.0930913530465364,2,16.566592415672375,2.1878401964216607,0.13206338041804624,0.14061954459960818,2,18.924793085075486,3.0288395506042347,0.16004611183795955,0.4224758823044575,-0.03783714254756057,0.0016631772889292209,0.26837166223871134,0.012380104751345468,0.01474931893247921,0.0002476853463857445,0.00041427531764412956,0.06731621793779127,0.07630305914784966,0.03083767334383617
9.080000000000725,6,4,98.02577747088559,13.015292530552411,0.13277418314196032,0.4215800870603918,1,30.83057818285142,4.920451328746705,0.15959646619548504,0.15959646619548504,1,31.69840907847107,2.955916026912785,0.09325124234453724,0.09325124234453724,2,16.56355535180999,2.104824312181414,0.12707563487880086,0.13083614636963883,2,18.933234857753114,3.034100862711507,0.1602526396311537,0.4215800870603918,-0.03783439958932844,0.0016628413915609902,0.2683706084406496,0.012382892252852667,0.014753916472818273,0.00029176250787804175,0.0004703158797677626,0.048243728530371885,0.0947183273430267,0.03165980238827107
9.090000000000728,6,4,95.14336824847513,15.084402424427878,0.15854391853180622,0.3412509334324249,1,30.820730638068913,4.941188221208547,0.16032028180102026,0.16032028180102026,1,31.72284421132037,2.8960482673067096,0.09129220091410492,0.09129220091410492,2,16.660554390116435,2.074026761568285,0.12448725972760323,0.1408760592431804,2,15.939239008969405,5.173139174344336,0.3245537112175357,0.3412509334324249,-0.03783190921345932,0.0016623866505143924,0.26836941279078824,0.01238543445911826,0.014757429757541343,0.00026893695427406407,0.0005576602769376899,-0.00016936439145607413,0.045801074039756334,0.014906056940377856
9.100000000000732,6,4,95.2168814667996,15.096104240049538,0.15854440943135986,0.33784543831610936,1,30.82392287234153,4.944624863210291,0.16041517115419235,0.16041517115419235,1,31.719270447839886,2.8944987134914157,0.09125363454532208,0.09125363454532208,2,16.65622978783251,2.0860012929432523,0.12523850352179283,0.14109898202234428,2,16.01745835878569,5.170979370404578,0.322833951216003,0.33784543831610936,-0.037829563660635425,0.0016620528634492507,0.2683682319073815,0.01238784881367921,0.014761290954818629,0.0002551420739145998,0.0006198833722570721,0.01671890223547177,0.037500396322542304,0.005773852791702287
9.110000000000735,6,4,95.21806749594651,15.105997048359367,0.15864633094976893,0.3383196445010229,1,30.827066578425143,4.948055640254475,0.16051010327779477,0.16051010327779477,1,31.715518240737037,2.8932956169749353,0.09122649660060222,0.09122649660060222,2,16.63965354647606,2.0892875056501654,0.12556075760920116,0.13988266708504735,2,16.03582913030828,5.17535828547979,0.32273718081082453,0.3383196445010229,-0.037827299751977586,0.0016618217950123528,0.2683670830445191,0.012390192631047186,0.014765548306482051,0.0002491242105769713,0.0006449784917148616,0.020989421792831225,0.03551257775576409,0.005823666513325413
9.120000000000738,6,4,95.20284143461011,15.10712775708754,0.1586835805469508,0.33873604042815103,1,30.830195625381283,4.9514366030685375,0.16060347664457295,0.16060347664457295,1,31.711693798258473,2.8921996020115617,0.09120293669619105,0.09120293669619105,2,16.619849112377807,2.087907762201944,0.12562735967602456,0.13816626636060558,2,16.041102898592545,5.175583789805496,0.3226451337245399,0.33873604042815103,-0.037825069568620424,0.0016616592347139698,0.26836594827438637,0.012392510732341936,0.01476994838787079,0.00024704002489187173,0.000652899961928625,0.02156573893145068,0.035067884025417516,0.0058510783278767796
9.130000000000742,6,4,97.89881778414133,12.939022761660102,0.1321673034927711,0.46337572773305635,1,30.852447415782155,4.929427604766485,0.15977428105897695,0.15977428105897695,1,31.67901628414996,2.9442316050777304,0.09293948961890035,0.09293948961890035,2,16.59985907567134,2.189306042609916,0.13188702582533068,0.1432808620539,2,18.76749500853788,2.8760575092059693,0.15324674432563146,0.46337572773305635,-0.03782291347429131,0.0016613055774208892,0.2683647134864398,0.012394743713487075,0.014773346801969896,0.0002812759139537715,0.0005763227596405786,0.014314775816902615,0.04201905373823424,0.008946982495143597
9.140000000000745,6,4,97.90082675747985,12.946075577600816,0.13223663176686815,0.4576882389654283,1,30.85533621791133,4.933003445948381,0.1598752128678735,0.1598752128678735,1,31.675242087576876,2.94315915270698,0.0929167058792992,0.0929167058792992,2,16.581155906124472,2.1805614251552,0.13150840855128684,0.14097449310590135,2,18.78909254586717,2.889351553790256,0.15377813200594379,0.4576882389654283,-0.037820760605061364,0.0016610319342705209,0.26836353712877486,0.012396976644787219,0.014777364201485739,0.00027602396427366154,0.0005303042925985527,0.01942712761796093,0.0353710380698223,0.005854880645360379
9.150000000000748,6,4,97.88811526560661,12.940620355238492,0.13219807450706156,0.45666919576089965,1,30.85829085110628,4.936477178699186,0.1599724755501879,0.1599724755501879,1,31.671330884958227,2.942723736972979,0.09291443254033183,0.09291443254033183,2,16.563954991247943,2.1729845067905518,0.131187539928641,0.13890526196819672,2,18.79453853829417,2.8884349327757746,0.15368480193810252,0.45666919576089965,-0.03781858679636212,0.0016608273215576487,0.26836239069020235,0.012399235527570995,0.014781643567939996,0.0002743460493365877,0.0005079204665879797,0.020149461833653147,0.03412212039710774,0.00584656598617683
9.160000000000752,6,4,97.88830632067446,12.874864347580472,0.13152607120817292,0.45674574634913206,1,30.85844588666834,4.942482324688564,0.16016627482927928,0.16016627482927928,1,31.664972688111447,2.9473388336409263,0.09307883706931157,0.09307883706931157,2,16.566768105481408,2.098184072777294,0.12665017457949884,0.13028983582012985,2,18.79811964041327,2.886859116473687,0.15357169608961063,0.45674574634913206,-0.037815804044570966,0.0016605644498713958,0.26836135011133516,0.01240207079884442,0.014786402653026635,0.0003118126552370605,0.0004896186190644193,-0.0005674389009837823,0.05026060883455437,0.014855301373989356
9.170000000000755,6,4,95.3389604419069,15.134927222427304,0.15874860762352766,0.3419980912124647,1,30.842816666258553,4.970940445418603,0.16117011942222242,0.16117011942222242,1,31.690272665097595,2.890580990985768,0.09121350963222664,0.09121350963222664,2,16.66115172587704,2.0735677025802324,0.12445524395289546,0.13967516639880945,2,16.144719384673717,5.199838083442701,0.3220767087707291,0.3419980912124647,-0.03781321615659025,0.0016604300783108785,0.2683603081008263,0.012404732134975569,0.014791527559318354,0.00027918093681738974,0.0008457602646852762,0.031477491768223065,0.03515060200201816,0.00886455690215616
9.180000000000758,6,4,95.39274286020054,15.163151466588431,0.15895497929868996,0.34310056927341587,1,30.846057373367803,4.974378241060893,0.16126463686590056,0.16126463686590056,1,31.686723659520787,2.8891535822453727,0.09117867827831673,0.09117867827831673,2,16.658624052809277,2.0857605602774423,0.12520605265269216,0.1400564777085313,2,16.201337774502676,5.2138590830047225,0.32181657808592723,0.34310056927341587,-0.03781083622813799,0.0016601302508970897,0.26835913565828484,0.012407184377471297,0.014795533005115461,0.00026816569786823976,0.0009045691519443254,0.045064436612915745,0.05040566307916069,0.016041427279771946
9.190000000000762,6,4,95.3902807182023,15.174715007241252,0.15908030559286973,0.3442098613536077,1,30.849244691871846,4.97779999430873,0.16135889367885495,0.16135889367885495,1,31.683030774233348,2.888036370031905,0.09115404364599614,0.09115404364599614,2,16.642993729433435,2.089030659976385,0.12552012540159144,0.13894239472462466,2,16.215011522663676,5.219847982924232,0.3219145404632285,0.3442098613536077,-0.03780853838895489,0.001659918902540491,0.2683579877131616,0.012409564678381231,0.01479984822354498,0.00026372919205603544,0.0009278867097919116,0.048512922424389635,0.05467415389841863,0.017419541724829873
9.200000000000765,6,4,95.37480452313551,15.176401016215445,0.15912379681505964,0.34478332070243606,1,30.85241021660816,4.981173753466853,0.16145168946267408,0.16145168946267408,1,31.679279196187554,2.8870226755166386,0.09113283978582687,0.09113283978582687,2,16.623850072092562,2.0877603616853175,0.1255882573911181,0.13731941408920859,2,16.219265038247237,5.220444225546636,0.32186687949399173,0.34478332070243606,-0.03780627773220666,0.0016597634437817584,0.2683568496259,0.012411914707016636,0.01480426538504494,0.00026225117976861706,0.0009352041889357203,0.0489385877147039,0.055154962945498445,0.01746699961442271
9.210000000000768,6,4,98.04956291993437,13.026419624661974,0.13285545836955062,0.4235747900994764,1,30.874379297885667,4.959540022579796,0.16063610460727334,0.16063610460727334,1,31.647606460582363,2.9381024764066987,0.09283806281104247,0.09283806281104247,2,16.60381615238712,2.1644218020838113,0.13035688797196382,0.14061846762226185,2,18.923761009079225,2.9643553235916675,0.15664726066712806,0.4235747900994764,-0.037804092915308916,0.0016593774092747908,0.26835558171413326,0.012414176687491542,0.01480737342569474,0.0002605471174729282,0.0003861204677133106,0.048495983935669264,0.05454803448472331,0.01723378051192976
9.220000000000772,6,4,94.97462740029546,15.010632002656596,0.1580488643497421,0.3336904218145965,1,30.863878277916065,4.9807619892664885,0.16137835771696774,0.16137835771696774,1,31.672009880215466,2.8810471019397923,0.09096508598083931,0.09096508598083931,2,16.585522383208108,2.038708100480567,0.12292094595372181,0.13149282080561742,2,15.853216858955816,5.1101148109697485,0.32233929911095216,0.3336904218145965,-0.03780191580415125,0.0016590438263403185,0.2683543556783753,0.012416432675090744,0.01481093211882491,0.0002541563768470726,0.00040039195994545564,-0.023723229400690455,0.08558739149185358,0.03581106621933385
9.230000000000775,6,4,94.98180750864469,15.011394702214258,0.15804494666884505,0.33288699070584127,1,30.866831914523054,4.98426799711444,0.161476500436357,0.161476500436357,1,31.668147623430883,2.880269776070281,0.09095163412523706,0.09095163412523706,2,16.56870804967295,2.0361816497196457,0.1228932058924074,0.12994292192152662,2,15.87811992101781,5.11067527930989,0.3218690439883193,0.33288699070584127,-0.0377997339626939,0.0016587766501724944,0.2683531798113095,0.012418695631308829,0.014814998659340937,0.00025204110146245806,0.00040827220501716795,-0.019665597094097126,0.07991431744374335,0.032743447790368224
9.240000000000778,6,4,94.75198268387088,14.904353560983447,0.15729859300897284,0.3345173880432968,1,30.866323237036536,4.99041902494534,0.16167844114835586,0.16167844114835586,1,31.661199534073763,2.884094776190842,0.09109240390867002,0.09109240390867002,2,16.339177923699783,1.9153067186053483,0.11722173095546128,0.1572894596074942,2,15.8852819890608,5.114533041241916,0.3219667768418575,0.3345173880432968,-0.037797270729586455,0.0016585067989446853,0.2683520705692128,0.01242122585443169,0.014819427508032808,0.00030609324944472433,0.00045995929823458977,-0.06889924019362911,0.13584655260836084,0.04375252910215734
9.250000000000782,6,4,95.04821027535888,14.987874313514304,0.15768707553875835,0.3334162128640456,1,30.870360686582742,4.993356646141728,0.16175245559446938,0.16175245559446938,1,31.658251207278568,2.8819559053893626,0.09103332608362051,0.09103332608362051,2,16.631165668629443,2.0021915093658587,0.12038792404927424,0.13163129108388422,2,15.888432712868132,5.110370252617355,0.3216409286536133,0.3334162128640456,-0.037794540756486916,0.001658251108158743,0.2683510043222657,0.012424014320784214,0.01482411848931936,0.0002877137737530292,0.00044192427738784886,-0.03133940173747363,0.08160973743923025,0.032489934825624615
9.260000000000785,6,4,98.15462021066448,13.065816969959076,0.13311464036961837,0.4124070188313399,1,30.887216127356588,4.979121937282742,0.16120332492097822,0.16120332492097822,1,31.626892861294326,2.9377937572057684,0.09288910453802762,0.09288910453802762,2,16.663103942655653,2.1565605810873176,0.12942130040770902,0.14425069529398818,2,18.977407279357905,2.9923406943832482,0.15767911023536263,0.4124070188313399,-0.03779199883575531,0.0016581194982231548,0.26834993779556154,0.012426634752497272,0.014829118506517025,0.00027560365011420593,0.0004043896926552125,0.056206450745865055,0.06334271491770926,0.025134016704124865
9.270000000000788,6,4,98.17404857593911,13.091098396307473,0.13334581374813437,0.40578449172859526,1,30.890375256821056,4.982613740136229,0.1612998773472651,0.1612998773472651,1,31.62352266366211,2.935797458125316,0.09283587693090169,0.09283587693090169,2,16.65472558290832,2.157719231256093,0.12955597620115833,0.14341580400463708,2,19.00542507254763,3.0149679667898353,0.15863722885865905,0.40578449172859526,-0.037789644892647946,0.0016578190611814382,0.2683487600883108,0.012429062866569585,0.014833163708626643,0.00026419136650396275,0.00042540301507999756,0.06589122865367414,0.07487487660648445,0.030228570336616065
9.280000000000792,6,4,98.16362315437937,13.092823689178868,0.133377551362261,0.40459806523511416,1,30.893542887155384,4.986045241911762,0.1613944137169457,0.1613944137169457,1,31.619927490692547,2.934866494026989,0.09281699001020413,0.09281699001020413,2,16.637957268733906,2.154290619008994,0.12948047553033104,0.14164840573865617,2,19.012195507797525,3.017621334231123,0.15872029787372519,0.40459806523511416,-0.03778735344714225,0.0016576012633733289,0.26834760558500537,0.012431437624428159,0.014837471251680208,0.00025896479728845827,0.00043146543501234333,0.06819964619249838,0.07769693837267865,0.03114890760172018
9.290000000000795,6,4,98.1469594206738,13.087408881402034,0.1333450262611527,0.4043501529251473,1,30.896704470675758,4.989425053197316,0.16148728929756273,0.16148728929756273,1,31.616246968241448,2.9342697358302683,0.09280892000804983,0.09280892000804983,2,16.61927458172378,2.148534731227796,0.12927969392782884,0.13961145344446532,2,19.01473340003281,3.0151793611466537,0.1585706881981028,0.4043501529251473,-0.037785087775266804,0.0016574353058038604,0.2683464605146896,0.012433792804188722,0.014841867589648932,0.00025696951450098333,0.0004318792451811357,0.06832018727110158,0.07779310508501248,0.031112727356233497
9.300000000000798,6,4,98.12991202944724,13.08009075808221,0.13329361544884583,0.4041999055359947,1,30.899852540698234,4.992782278014066,0.1615794855796825,0.1615794855796825,1,31.612513593839328,2.933765035245857,0.0928039153399555,0.0928039153399555,2,16.600947436971357,2.141705451701549,0.12901103746234605,0.13755693333625255,2,19.01659845793833,3.0118379931207384,0.1583794283600425,0.4041999055359947,-0.03778282933024647,0.0016572970154118383,0.26834531845486614,0.01243614424660632,0.01484628798732547,0.0002565671626385887,0.00043090252067301375,0.06782695785358278,0.07712847354615597,0.03088339372415031
9.310000000000802,6,4,95.13788643068726,15.033032558812751,0.15801310206491787,0.3295839384009665,1,30.889437754942303,5.013897783623179,0.16231754761612507,0.16231754761612507,1,31.636530928578566,2.8758618425947176,0.09090319823899638,0.09090319823899638,2,16.5833116925131,2.033367377997555,0.12261527828096987,0.12991183204361673,2,16.02860605465329,5.109905554597299,0.31879912309117076,0.3295839384009665,-0.03778063700214398,0.0016569195901071452,0.2683440615744912,0.012438414247747945,0.014849587433384768,0.00025010125823090316,0.0005290894064981681,0.0034732955907408047,0.05311331316020839,0.015709577980013323
9.320000000000805,6,4,95.19856273513562,15.040868240484283,0.15799469874699107,0.3287074877833119,1,30.892382608667035,5.0174064574879935,0.16241565181444864,0.16241565181444864,1,31.63283613860691,2.8750027995209058,0.0908866592588596,0.0908866592588596,2,16.566959076541373,2.0317782857558147,0.12264038779650212,0.12852168180759782,2,16.106384911320312,5.11668069771957,0.3176802694019395,0.3287074877833119,-0.03777844015334162,0.0016565863259948384,0.268342840906476,0.012440689858975318,0.014853258651513893,0.0002470591297148521,0.000599389042363062,0.015796920755272174,0.03869350493214611,0.0059108952529263355
9.330000000000808,6,4,98.44402017358749,16.28216512300401,0.1653951666570857,0.3416188580427065,1,30.874866354315884,5.038874534169003,0.16320312050402244,0.16320312050402244,1,31.613219106369318,2.8965654211458274,0.0916251335050608,0.0916251335050608,2,19.8257401577715,3.2410352426693003,0.1634761283501865,0.29776616892040286,2,16.130194555130785,5.1056899250198775,0.3165299654365192,0.3416188580427065,-0.03777609955689908,0.001656288667642563,0.26834168623513616,0.012443102698526179,0.01485744018508245,0.0003053058574327725,0.0006976077626044718,0.0186655815810428,0.03446421941400379,0.005899070872276701
9.340000000000812,6,4,95.25570878292415,15.015717836944255,0.15763588375751,0.330740215478363,1,30.895752618904933,5.026646640732891,0.16269701219892327,0.16269701219892327,1,31.623031057722972,2.877099908496889,0.09098115557756581,0.09098115557756581,2,16.605997133186953,1.985394290736655,0.11955887230456401,0.1269886968383272,2,16.130927973109284,5.126576996977819,0.31781042017694017,0.330740215478363,-0.03777333042354293,0.001655984845707398,0.26834061370650375,0.012445924736639823,0.014862074838129798,0.0002888098998916544,0.0006883147518592659,0.003201402544096865,0.04432684400323591,0.01111262891563842
9.350000000000815,6,4,95.31499556001364,15.055334276711452,0.15795346984234068,0.3304352992026494,1,30.899315692692255,5.029946973341573,0.16278506046433788,0.16278506046433788,1,31.619736204700697,2.8757268132087024,0.09094721077341522,0.09094721077341522,2,16.662569205793464,2.0252108323167977,0.12154253088489171,0.13485070956533632,2,16.13337445682722,5.124449657844378,0.3176303675066468,0.3304352992026494,-0.03777074612273034,0.0016557860938312314,0.2683395097805687,0.012448583479032492,0.014866686684704086,0.0002740768320569301,0.0006749045400806812,0.015088578072088459,0.02861017653928396,0.005690882125116037
9.360000000000818,6,4,95.31329701639109,15.062844816613893,0.15803508312196488,0.33031104935481925,1,30.902705629076756,5.03326664066455,0.16287462661291005,0.16287462661291005,1,31.616275830824875,2.8746155684002175,0.09092201699472642,0.09092201699472642,2,16.65907168594965,2.0329727032399245,0.12203397293467104,0.13492685202036087,2,16.135243870539806,5.121989904309202,0.3174411211510152,0.33031104935481925,-0.0377682912897935,0.0016556437798882161,0.26833838504411694,0.01245112541612895,0.014871246706814908,0.00026494722261836956,0.0006648874689836296,0.018573678758174124,0.03393575588919056,0.005776220448478459
9.370000000000822,6,4,98.00695103639963,12.932698419519832,0.13195695083623862,0.44414824388551893,1,30.925215371860833,5.011267236161347,0.16204469963760218,0.16204469963760218,1,31.58400412384601,2.9270946346424846,0.09267648975617122,0.09267648975617122,2,16.64383753387499,2.1416662311451713,0.12867622787030128,0.14098613732667734,2,18.85389400681779,2.85267031757083,0.15130403918359098,0.44414824388551893,-0.037765979940391936,0.00165529545931341,0.26833714316734414,0.012453514753972258,0.014874712417923477,0.0002913019601637188,0.0005770833923768052,0.012601746062819615,0.04274356980576483,0.009810648601509285
9.380000000000825,6,4,98.01008301949881,12.943094169920585,0.13205880222900734,0.4385065654399811,1,30.928280207253643,5.014804247515862,0.16214300355244887,0.16214300355244887,1,31.58055335994485,2.9258049375394575,0.09264577805816404,0.09264577805816404,2,16.62597453118381,2.134831806404535,0.12840340891900365,0.13889763031336239,2,18.8752749211165,2.8676531784607313,0.15192643235371248,0.4385065654399811,-0.03776372012637577,0.0016550133160741132,0.2683359507701543,0.012455855768916405,0.01487873956645565,0.0002840819631141112,0.0005358691310851122,0.018303016551091573,0.0364916349507739,0.005846805290867765
9.390000000000828,6,4,97.99713255564265,12.939852801125356,0.13204317783255673,0.4374478497973349,1,30.93138555517407,5.018260678531772,0.16223847035821964,0.16223847035821964,1,31.57694871534899,2.925247769415488,0.09263870919844694,0.09263870919844694,2,16.608317571398338,2.128197603076941,0.12814046901065834,0.13687508656054287,2,18.880480713721244,2.868146750101156,0.15191068456306583,0.4374478497973349,-0.03776147220251787,0.0016547897865775874,0.268334783839764,0.012458189579585761,0.014882994386845646,0.00028094209696053434,0.0005157414175954918,0.019352250552491852,0.0350239966659066,0.005856027409538272
9.400000000000832,6,4,97.98189164808747,12.933457662651445,0.13199844833679425,0.4372259372249614,1,30.93449635578144,5.0216790787581465,0.1623326599859005,0.1623326599859005,1,31.573290861361517,2.9249007385602397,0.09263845037261063,0.09263845037261063,2,16.591573337833317,2.1214066857156775,0.12786048932913982,0.13493987968834714,2,18.88253109311119,2.8654711596173827,0.15175249258097484,0.4372259372249614,-0.037759219278963876,0.0016546050927391395,0.26833362819663087,0.01246053202969644,0.014887335210843481,0.0002800132514332853,0.0005063696454933212,0.019114312112665878,0.034626470076946636,0.005859044309855849
9.410000000000835,6,4,97.96733315051335,12.926605369604783,0.13194811937714818,0.4370753852684595,1,30.937600860310102,5.025090956039413,0.16242665288523098,0.16242665288523098,1,31.56960174366886,2.9245983909802264,0.0926396986166207,0.0926396986166207,2,16.576004453364824,2.1146137029591934,0.12757077309604248,0.13311516203196158,2,18.884126093169574,2.8623023196259494,0.1515718707608741,0.4370753852684595,-0.03775695496783243,0.0016544424976220413,0.26833247715131014,0.012462888058667125,0.01489170824957066,0.00028020170350650717,0.0005026618009650446,0.018561327920903592,0.03441263172441022,0.005858649137468364
9.420000000000838,6,4,97.95411442062087,12.920022727015176,0.131898724248946,0.4368583065036063,1,30.940699674037894,5.028498596300172,0.16252051987433067,0.16252051987433067,1,31.565893869696936,2.9242799796965007,0.0926404933048258,0.0926404933048258,2,16.561669739358027,2.1078752116021344,0.12727431743146456,0.13140447161736826,2,18.885851137528018,2.8593689394163704,0.1514027045217214,0.4368583065036063,-0.037754677584686216,0.0016542899447512768,0.2683313276136996,0.012465258130755259,0.01489609127252781,0.00028092788089198424,0.0005020110429307589,0.017973511802314147,0.03428417530010094,0.005856236439773486
9.430000000000842,6,4,98.5514002494985,16.336959398329103,0.16577095157419883,0.3479637214859577,1,30.904032470676967,5.074967503817663,0.1642170001158588,0.1642170001158588,1,31.57501844912787,2.8918676227211355,0.09158720294591027,0.09158720294591027,2,19.826357912994524,3.2338050783983396,0.16310636036076248,0.29872022292274925,2,16.245991416699145,5.136319193391964,0.3161591719242432,0.3479637214859577,-0.03775226657206163,0.0016541381788417228,0.2683302354520901,0.012467751939197469,0.01490096829755313,0.00031605851301509896,0.0008732269951664289,0.034375313950399576,0.038069624926958284,0.008026231261330891
9.440000000000845,6,4,95.41746321695226,15.093822914831247,0.15818721653196935,0.33952733870752927,1,30.924843692692157,5.063114250819891,0.1637231961827621,0.1637231961827621,1,31.584961355599784,2.872377806017951,0.09094131139434493,0.09094131139434493,2,16.609703074541144,1.981712263243494,0.11931051713266345,0.1263535504443859,2,16.29795509411917,5.176618594749911,0.3176238101562694,0.33952733870752927,-0.03774950633021411,0.0016537067143726633,0.2683290994103418,0.012470557575406601,0.014905073816636798,0.00029778708049618257,0.0009201705985416835,0.027378778523175055,0.06166169370870564,0.015289386177502973
9.450000000000848,6,4,95.48458779828525,15.140611476541979,0.158566024377956,0.3405308320068477,1,30.928335735162747,5.066522231528551,0.16381490019097178,0.16381490019097178,1,31.581736661981466,2.8711803917791796,0.09091268230462914,0.09091268230462914,2,16.662849198543178,2.0188706826210265,0.12115999242179633,0.13332435325752398,2,16.311666202597856,5.1840381706132215,0.3178116880412617,0.3405308320068477,-0.03774693754872127,0.0016534092029171596,0.26832796215232113,0.012473193192769043,0.014909452651609595,0.0002838256525164461,0.0009341072549638703,0.0419129047796178,0.04726070917096262,0.01678461017147341
9.460000000000852,6,4,95.48691766505996,15.154036006383826,0.1587027456424945,0.3409961362614983,1,30.9316793882566,5.0699469650124,0.16390791141257063,0.16390791141257063,1,31.5783691344481,2.870246291137513,0.09089279686728435,0.09089279686728435,2,16.661182103931402,2.02831510714791,0.12173896752915901,0.1336294463161255,2,16.315687038423867,5.185527643086003,0.3178246573910097,0.3409961362614983,-0.037744492847348224,0.0016531977993715337,0.26832681968418337,0.012475719141118786,0.01491390446511824,0.0002759743260139009,0.0009363774317890397,0.04621927479527964,0.05185184611902845,0.016927562644741215
9.470000000000855,6,4,95.47480164183546,15.157618009808013,0.1587604032598084,0.34125884053893973,1,30.934966246360126,5.073349512796342,0.16400048645255214,0.16400048645255214,1,31.57493185634736,2.8694291473461035,0.09087681203559829,0.09087681203559829,2,16.647287523968647,2.0300713988678805,0.12194607655721679,0.13260306761419038,2,16.31761601515933,5.184767950797688,0.3177405293751829,0.34125884053893973,-0.03774212020199,0.001653033473743335,0.2683256723362753,0.012478181289525775,0.014918360362699641,0.0002715904711860732,0.000934553188678899,0.04722242940389779,0.05317221465036623,0.01677141261897506
9.480000000000858,6,4,95.45916672818484,15.15710662741256,0.1587810489753347,0.34145447990648664,1,30.938217178822512,5.076724034034975,0.16409232648059754,0.16409232648059754,1,31.571442334686576,2.868695979571233,0.09086363394996004,0.09086363394996004,2,16.63023205173241,2.0283939346611626,0.12197027247433147,0.13115860141176136,2,16.31927516294335,5.18329267914519,0.31761782477416906,0.34145447990648664,-0.03773978747438385,0.0016528907135520171,0.26832452090086584,0.012480607712135385,0.014922798376885368,0.00026918543473828803,0.0009315208771293928,0.04714368023821516,0.053017694996933235,0.016574315949186146
9.490000000000862,6,4,95.44354478101116,15.154612176508758,0.15878090248303334,0.3416039879088527,1,30.94144095211155,5.080087591854933,0.16418393699625844,0.16418393699625844,1,31.567911014401705,2.868027798705029,0.09085263188294582,0.09085263188294582,2,16.613098904505318,2.0250040020084326,0.12189200904951396,0.12961440063575688,2,16.321093909992584,5.181492783940364,0.3174721506116693,0.3416039879088527,-0.03773747519409656,0.001652753897982059,0.2683233661951248,0.012483015351816057,0.014927212593948377,0.00026792828013682944,0.0009283015824268865,0.04673545623575818,0.05244154461983905,0.016397325350389833
9.500000000000865,6,4,95.42902424632004,15.151406817318517,0.1587714737416776,0.34172499704547965,1,30.944646530794586,5.08343146831843,0.16427498899558118,0.16427498899558118,1,31.564350734528865,2.8674099874786854,0.09084330647555405,0.09084330647555405,2,16.59688562000795,2.020908152620223,0.12176429957340726,0.1280994340279335,2,16.323141360988643,5.179657208901177,0.3173198769986919,0.34172499704547965,-0.03773517174009754,0.0016526139570965394,0.26832220888524155,0.01248541433175536,0.014931602464545182,0.00026734843685109945,0.0009252340789712706,0.046253004809554826,0.051787540202911264,0.016250977940293104
9.510000000000868,6,4,98.09845037342468,13.008089158379656,0.13260239187125433,0.4038933592152189,1,30.966708194751337,5.06185928972408,0.16346132943449357,0.16346132943449357,1,31.53298124406575,2.919021445418118,0.09257042405298908,0.09257042405298908,2,16.5811286145944,2.0877072981695814,0.1259086366613199,0.13056510334927748,2,19.017632320013195,2.939501125067877,0.15456714461634083,0.4038933592152189,-0.03773293213334341,0.0016522069776699802,0.2683209173468756,0.012487733388230475,0.014934643538678396,0.00026723639285297776,0.00039273772064825883,0.045780440683309165,0.05116139907769669,0.01613306539060536
9.520000000000872,6,4,95.03937275362404,14.939765933204617,0.15719554433438676,0.3174591683329911,1,30.956185946058028,5.083118643217851,0.16420364744142962,0.16420364744142962,1,31.557559426830043,2.862249274625057,0.09069932297082488,0.09069932297082488,2,16.56734742703052,1.9702889438145914,0.11892603523240895,0.12278950723030863,2,15.958279953705443,5.024109071547117,0.3148277311917028,0.3174591683329911,-0.037730696211998475,0.0016518310920126459,0.2683196660890214,0.012490047640069996,0.014938117931222714,0.00026144246025591386,0.0004056299031658167,-0.02597890213275563,0.08531145651520564,0.03655784689384341
9.530000000000875,6,4,98.06593809418783,12.995003239899312,0.13251291419267522,0.40628244873406044,1,30.972878612724784,5.068792929277658,0.16365262630755972,0.16365262630755972,1,31.525713545140572,2.9188105014813215,0.0925850733656505,0.0925850733656505,2,16.55532798321636,2.076228064486465,0.12541147276522255,0.12750221077086718,2,19.01201795310611,2.9311717446538683,0.15417467792654724,0.40628244873406044,-0.03772838551107185,0.0016517676305662812,0.26831858304310535,0.012492454112288522,0.014943245029151737,0.000267305150207403,0.0003809346338708089,0.04418570301686224,0.04964849524386632,0.0145417574678734
9.540000000000878,6,4,98.67183991394475,16.409096049335126,0.16629968655338837,0.35748330197683453,1,30.936657934770476,5.114560867681741,0.16532363898084024,0.16532363898084024,1,31.53428531578365,2.8875911055118495,0.09156989215374868,0.09156989215374868,2,19.827077934981205,3.22360598948622,0.1625860351211292,0.299441094742096,2,16.37381872840942,5.183338086655315,0.31656256690212137,0.35748330197683453,-0.03772592944983027,0.001651697007300537,0.2683175304701955,0.012494998348396229,0.014948540957945603,0.0003280486120903963,0.001063513513203508,0.0516976197162322,0.05793705983769318,0.02086588994077625
9.550000000000882,6,4,98.14310323582473,12.995133152876935,0.13241004945249563,0.40217807210492235,1,30.97658549395553,5.077987356840662,0.1639298610827049,0.1639298610827049,1,31.516530618402168,2.922067541831057,0.09271539362028931,0.09271539362028931,2,16.61945922951969,2.055895751810538,0.12370413040629084,0.1308727623830313,2,19.030527893947337,2.9391825023946776,0.15444566324035,0.40217807210492235,-0.03772311327742579,0.001651288165168087,0.2683163600511118,0.012497867466219977,0.014952269228793462,0.0003039606395658487,0.0004012425222864275,0.029412795433621408,0.06659543134537141,0.016678360052957825
9.560000000000885,6,4,98.2105746342586,13.043702040980145,0.1328136210337388,0.3962682502959012,1,30.98000618408875,5.081397570975806,0.16402183849742413,0.16402183849742413,1,31.513535237492235,2.919856251300281,0.09265403672725597,0.09265403672725597,2,16.66259959823317,2.084320740346299,0.12508976933991206,0.13643820074781549,2,19.054433614444445,2.95812747835776,0.15524615101208336,0.3962682502959012,-0.03772051168134287,0.0016509805468749904,0.26831519866745407,0.012500538105626817,0.014956484209854475,0.0002858123935232831,0.0003983709941295104,0.04782473607174988,0.055477047452666566,0.021154988902028715
9.570000000000888,6,4,95.14937487628366,14.95072797698309,0.15712901946463145,0.3169949496743019,1,30.969946392028167,5.102335432625484,0.16475118710372882,0.16475118710372882,1,31.538254369395563,2.8621374149923673,0.09075129464900757,0.09075129464900757,2,16.662684984166983,1.9678549503843041,0.11809951110845435,0.1292772014873115,2,15.978489130692942,5.018400178980936,0.31407225914377185,0.3169949496743019,-0.037718038480201714,0.0016507199787160786,0.2683140077291241,0.012503092932770873,0.014960507248788243,0.00027353719398811845,0.0004101221708270144,-0.025299814365749573,0.08283241264022712,0.035868222189337724
9.580000000000892,6,4,95.15404110582912,14.95564980079161,0.15717303886398398,0.31659686176313895,1,30.973268243776726,5.105707497753691,0.1648423878800569,0.1648423878800569,1,31.53494396655194,2.8613854083052215,0.09073697455559766,0.09073697455559766,2,16.649913615800948,1.970035404415116,0.11832105858768728,0.1283591055991334,2,15.995915279699506,5.018521490317581,0.3137376888140068,0.31659686176313895,-0.03771565585922409,0.001650493618885934,0.26831282804578616,0.012505561888409488,0.014964738060771032,0.00026653776222828707,0.0004127251980605603,-0.021218091881243364,0.08116322968109443,0.0337494118200928
9.590000000000895,6,4,95.14339251594562,14.956732378015955,0.15720200827933764,0.31659424824103394,1,30.976553892956915,5.109071665353211,0.1649335069035827,0.1649335069035827,1,31.53157378841243,2.8607613317131597,0.09072688064699339,0.09072688064699339,2,16.63387574523137,1.9688184478469068,0.118361978771624,0.12699044825217112,2,16.0013890893449,5.018080933102678,0.3136028319218953,0.31659424824103394,-0.037713320495289145,0.0016502920437676655,0.2683116540635746,0.012507987017784541,0.014969038268529985,0.00026299862256159724,0.00041162377010893974,-0.02034723606981719,0.08055632271992338,0.03334465397424843
9.600000000000898,6,4,95.12977147621174,14.955330030970117,0.15720977564536529,0.3165577378574703,1,30.979810530697364,5.112424994025759,0.1650244112681046,0.1650244112681046,1,31.528173328478893,2.8602188283091774,0.09071945902192778,0.09071945902192778,2,16.61762204676813,1.9658528956771595,0.118299290364441,0.12550334923068057,2,16.004165570267354,5.016833312958021,0.31347047060537336,0.3165577378574703,-0.0377110079288849,0.0016501033056212592,0.2683104819474181,0.012510391279293789,0.014973351565911607,0.00026143159020477157,0.00041019223293832936,-0.020426361798055945,0.08021228222166221,0.03334135221090971
9.610000000000902,6,4,95.11635747886821,14.952739111286366,0.15720470703063227,0.316457462199873,1,30.983040037487758,5.11578297565629,0.1651155912869259,0.1651155912869259,1,31.524748803023808,2.8597440919117862,0.09071425468860465,0.09071425468860465,2,16.60217775801258,1.9621272390900346,0.11818493138004552,0.12403464046437511,2,16.006390880344068,5.015084804628255,0.31331765181286464,0.316457462199873,-0.03770870431357402,0.0016499189343435281,0.2683093101386672,0.012512787362749824,0.014977660760614547,0.00026096519300818137,0.00040936314385233466,-0.02076907823488674,0.07993112549659814,0.03342231921379435
9.620000000000905,6,4,95.10398535013586,14.949552312441417,0.1571916493026342,0.3163046914002211,1,30.98624640549001,5.119150986623141,0.1652071993371921,0.1652071993371921,1,31.52130944912887,2.859324999275087,0.09071085717075462,0.09071085717075462,2,16.58784628694259,1.9580328249977306,0.11804020794061915,0.1226292102824576,2,16.00858320857439,5.013043501545458,0.31314723084678797,0.3163046914002211,-0.03770640181906526,0.0016497337599521956,0.2683081381386483,0.012515182343244124,0.014981961997489713,0.00026110583648885244,0.0004091430325035324,-0.021164024210034073,0.07966550016585511,0.03350916820781409
9.630000000000908,6,4,95.09283079688754,14.94627814654436,0.1571756568954046,0.3161230712689296,1,30.98943565885495,5.122519722008081,0.16529890309713877,0.16529890309713877,1,31.51786415030693,2.8589515789908355,0.09070892511486994,0.09070892511486994,2,16.574674850479294,1.9538538942044743,0.11788188376726885,0.12130767271645362,2,16.01085613724637,5.010952951340968,0.31297220513298407,0.3161230712689296,-0.037704096084198044,0.0016495449347228538,0.2683069658492544,0.012517580141743997,0.014986255364554793,0.0002615712481084285,0.0004093366857830137,-0.021546940501271317,0.07940559619639526,0.03358401739192639
9.640000000000912,6,4,95.08286839166266,14.943038881477122,0.15715805732662774,0.3159152896229422,1,30.99260719595424,5.125908541685401,0.16539133056074531,0.16539133056074531,1,31.514415790864977,2.858619418818917,0.09070831069150073,0.09070831069150073,2,16.562623257991138,1.949689405807661,0.11771622015654884,0.12007257382476588,2,16.0132221468523,5.008821515165143,0.31279285762920117,0.3159152896229422,-0.03770178477897118,0.0016493511062273367,0.2683057933027249,0.012519982864304413,0.014990541996539805,0.00026220098936324235,0.0004097767507155612,-0.021900054801107974,0.07915023888258152,0.0336445891379485
9.650000000000915,6,4,95.07402669548753,14.940047155213716,0.1571412053795215,0.31568706221489196,1,30.99576540745666,5.129307359330997,0.16548413281309188,0.16548413281309188,1,31.510969952368754,2.8583230455451627,0.09070882457333865,0.09070882457333865,2,16.551624002418023,1.9457302248407762,0.11755524560952597,0.11893170124953704,2,16.01566733324409,5.00668652549678,0.3126117957697763,0.31568706221489196,-0.03769946673281253,0.0016491518334438128,0.2683046205619192,0.012522391594436752,0.01499482324996774,0.00026290368200106097,0.0004103477952235593,-0.022220332267123118,0.07890012880910491,0.03369247483494364
9.660000000000919,6,4,98.32232698379089,16.180763198966797,0.1645685542169309,0.32747176185931637,1,30.97861515801527,5.1508341297851805,0.16627063874585357,0.16627063874585357,1,31.491782250263487,2.879994645130897,0.09145225958453973,0.09145225958453973,2,19.82852948905942,3.164341036969392,0.1595852601533234,0.2970465472301249,2,16.02340008645271,4.9855933870813285,0.3111445361272913,0.32747176185931637,-0.0376970120502251,0.0016489199569919492,0.26830346890835516,0.012524927437580151,0.014999179069240571,0.0003189160915288468,0.00045745642479999663,-0.022509231512715066,0.0787041575988569,0.03372988253731076
9.670000000000922,6,4,95.14296569814002,14.914256814155085,0.15675627414719792,0.31553659147606783,1,30.999644917734095,5.13825074524856,0.16575192260699412,0.16575192260699412,1,31.502048763337225,2.860864599397052,0.09081519176386359,0.09081519176386359,2,16.619830117374757,1.9118841589987652,0.11503632380694656,0.12149971638748307,2,16.021441899693947,5.003257310510707,0.3122850828180629,0.31553659147606783,-0.03769415880656909,0.001648627892287643,0.26830237461394235,0.012527839067250355,0.015003797826569068,0.00030005582437309895,0.0004421873746430936,-0.03965428062342864,0.09295831189315625,0.033781111628775666
9.680000000000925,6,4,95.19141074476092,14.939081751362911,0.15693728703548096,0.3147475347550379,1,31.00327709314005,5.141523481796766,0.165838065000374,0.165838065000374,1,31.49908389326361,2.8599556218772375,0.0907948825295477,0.0907948825295477,2,16.665012979841922,1.9374700993734257,0.11625974139456109,0.12659610051403752,2,16.024036778515335,5.000132548315482,0.31203950773624944,0.3147475347550379,-0.037691509981746515,0.0016484019348101185,0.26830123958140195,0.012530564241742306,0.01500831432784756,0.0002845509431074596,0.0004274074831203586,-0.02689568209407063,0.07636992612804615,0.03379683465772794
9.690000000000929,6,4,95.19587767379195,14.947325400860006,0.15701651968670385,0.3142449676942912,1,31.006783248380955,5.144814413968142,0.1659254484012553,0.1659254484012553,1,31.49603324087767,2.8592417310230305,0.09078101071191766,0.09078101071191766,2,16.66655142092857,1.945875365713778,0.11675332926224304,0.12714360495687108,2,16.026509763604768,4.997393890155056,0.311820475191912,0.3142449676942912,-0.03768900181248144,0.0016482074123167535,0.2683000811699379,0.012533158665790608,0.015012747209965862,0.00027479555939555975,0.0004185837027183256,-0.0226792187245557,0.07893394833839767,0.03381021936023475
9.700000000000932,6,4,95.18698940592802,14.948991029345958,0.15704867989463875,0.313888574631706,1,31.01021434128485,5.148103673433599,0.16601315994710075,0.16601315994710075,1,31.492922536254504,2.8586685905661557,0.09077177855676208,0.09077177855676208,2,16.654877517746854,1.947286458782761,0.11691989068714559,0.12627546838387133,2,16.028975010641805,4.994932306563443,0.3116189465169953,0.313888574631706,-0.037686582530577044,0.0016480226020647683,0.2682989096881952,0.012535668925161942,0.015017114288019771,0.0002689287162878707,0.00041348350925850627,-0.02142132160166306,0.08067775271044253,0.03381931588548555
9.710000000000935,6,4,95.17445142482404,14.947968825241578,0.15705862867041173,0.3136098146325873,1,31.01358932993193,5.15140155418893,0.16610143054990395,0.16610143054990395,1,31.489770102438406,2.8582041532224958,0.09076611686667001,0.09076611686667001,2,16.639637664173147,1.945651316666482,0.11692870697873846,0.12496079301134115,2,16.03145432828056,4.9927118011636695,0.3114322443196056,0.3136098146325873,-0.03768421711928681,0.00164783602530361,0.2682977307678537,0.012538127136623688,0.015021430940530635,0.0002655833151415251,0.00041073375696565795,-0.021195146379885354,0.0809670543639641,0.03382522276598104
9.720000000000939,6,4,95.16155858969174,14.945773260684746,0.15705683557713113,0.31336616426105673,1,31.016921423774853,5.154705045582348,0.16619009266442553,0.16619009266442553,1,31.486586760247835,2.8578284492749293,0.09076336126985252,0.09076336126985252,2,16.624102742461695,1.9425909536750678,0.11685388280916081,0.12353935841129943,2,16.033947663207357,4.990648812152401,0.31125515169319784,0.31336616426105673,-0.037681882612751565,0.0016476424589662387,0.2682965476389928,0.01254055473053037,0.015025710402883252,0.0002638337761342988,0.0004094478900651911,-0.021322599757991362,0.08077804498401528,0.033829003936716846
9.730000000000942,6,4,95.14938587460225,14.943134301736094,0.15704919337503356,0.3131364477034199,1,31.020215998336475,5.158026589656621,0.1662795188122878,0.1662795188122878,1,31.483382711370357,2.8575256248582814,0.0907629796662947,0.0907629796662947,2,16.60933557716738,1.938884623891537,0.11673462884071621,0.12213623924596477,2,16.036451587728035,4.988697463329656,0.311084870367911,0.3131364477034199,-0.03767956416055776,0.001647440226400804,0.26829536223163364,0.012542965809751692,0.015029963711142805,0.00026308369256201794,0.000409063066464126,-0.021563594736566365,0.08044362893188857,0.033831357418580316
9.740000000000945,6,4,95.13824283079384,14.940488816146479,0.1570397809713448,0.3129145905256326,1,31.02347912302734,5.161365478514896,0.16636965370798293,0.16636965370798293,1,31.480166641994924,2.8572831329339685,0.09076454916608727,0.09076454916608727,2,16.595638290235488,1.9349684097195352,0.11659499778673944,0.12080055985108085,2,16.038958775536095,4.986871794978079,0.31092241490042705,0.3129145905256326,-0.037677252268467874,0.0016472295141500522,0.26829417573561476,0.012545369562098332,0.0150341997057209,0.0002629474113698281,0.0004092038756829978,-0.021831995178015498,0.08007627974455342,0.03383273179938618
9.750000000000949,6,4,95.12818266196635,14.938042820908459,0.1570306759037972,0.31269997774273955,1,31.026715076898295,5.164723471599654,0.1664605311519161,0.1664605311519161,1,31.47694781062528,2.8570891375778795,0.09076766765211738,0.09076766765211738,2,16.583054726151538,1.9310398497340981,0.11644657040713019,0.1195478704793643,2,16.04146504829123,4.985190361996827,0.3107690193501285,0.31269997774273955,-0.03767494095464727,0.0016470113831375773,0.268292988895015,0.012547771901078753,0.01503842525683232,0.0002631777757947634,0.00040963129628354445,-0.022097553819282585,0.07971394128513168,0.03383340258872609
9.760000000000952,6,4,95.11916087527136,14.935823999013127,0.15702224306413193,0.3124864939036355,1,31.02992617385161,5.168108477982557,0.16655239361599364,0.16655239361599364,1,31.473724683869474,2.8569417612892427,0.09077228036990002,0.09077228036990002,2,16.571544159097865,1.927179278928941,0.1162944901468889,0.11838026035150793,2,16.04396585845241,4.983594480812386,0.31062110981661617,0.3124864939036355,-0.0376726265224497,0.0016467872350211304,0.2682918021871636,0.012550176576690077,0.01504264564752497,0.00026362070839942424,0.00041020067397009295,-0.0223496939511476,0.07936836973179125,0.0338336060993685
9.770000000000955,6,4,95.11112138425956,14.933851666242845,0.15701477859679958,0.31227452627542346,1,31.033117433261875,5.171511632809575,0.16664492840370115,0.16664492840370115,1,31.470504254841963,2.856832666338751,0.09077810267050954,0.09077810267050954,2,16.56104113172769,1.9234283603576074,0.11614175371333978,0.11729568324936829,2,16.046458564428036,4.98207900673691,0.3104784140832942,0.31227452627542346,-0.0376703067265774,0.001646558472481395,0.2682906158920973,0.012552585940291204,0.015046864838790431,0.00026418129729869954,0.0004108281945588532,-0.022585533179865815,0.07907522382232976,0.03383343913197292
9.780000000000959,6,4,95.10399803470106,14.932134286567594,0.1570084811904462,0.31206419088420057,1,31.036292494178728,5.17492863264217,0.1667379772765319,0.1667379772765319,1,31.467289581737255,2.856757276075046,0.09078498065918676,0.09078498065918676,2,16.551475578428548,1.9198165699014733,0.1159906596124614,0.11629108631506001,2,16.04894038035653,4.980631807948904,0.31034022744860235,0.31206419088420057,-0.03766798028392103,0.0016463263522178233,0.2682894301679917,0.012555001395497239,0.015051085707207945,0.0002647992395575634,0.0004114665060149393,-0.022804424361133585,0.07881729685743902,0.03383295375012557
9.790000000000962,6,4,95.09772561241164,14.930655050146573,0.15700328219203916,0.31184715200627183,1,31.039451949732317,5.178367714371829,0.16683180240289283,0.16683180240289283,1,31.464084083931045,2.8567113432513214,0.0907927698016249,0.0907927698016249,2,16.54277941600679,1.9164178934925995,0.11584618553507846,0.11670619014647042,2,16.05141016274149,4.9791580990308235,0.3102006645240702,0.31184715200627183,-0.03766564654393237,0.0016460919547913225,0.2682882451007801,0.012557423711242693,0.015055310352235143,0.00026543493432072533,0.0004120872989160511,-0.023006994798313533,0.07857587984677189,0.03383225490237422
9.800000000000965,6,4,95.01622860043648,14.850871331965182,0.15629826136771083,0.31266127530757537,1,31.03962487756752,5.184217573985578,0.16701933719992332,0.16701933719992332,1,31.45828676832757,2.8605311953937296,0.09093092756321787,0.09093092756321787,2,16.464039621624988,1.8261750948650972,0.11091901725421474,0.13258090118365967,2,16.0542773329164,4.979947467720778,0.3101944338229597,0.31266127530757537,-0.03766293838154758,0.0016457767969419136,0.2682871181821669,0.012560195278921184,0.015059758797922306,0.00031450876630845795,0.0004553446249397287,-0.06144285020952657,0.1244769090815086,0.03405418420586633
9.810000000000969,6,4,95.2040781911017,14.920995395129006,0.15672643103773684,0.31153261043737657,1,31.043578979290057,5.187326238788433,0.1670982022481695,0.1670982022481695,1,31.45584611419212,2.8594015359839586,0.09090207033705781,0.09090207033705781,2,16.647665644085013,1.8975293386839338,0.11398170645973624,0.12178037001390735,2,16.056987453534518,4.976738281672681,0.3099422165007163,0.31153261043737657,-0.037660161181698563,0.0016454817517346676,0.26828599307076595,0.012563037108213071,0.015064286146965802,0.00029503379277578365,0.0004367803727547438,-0.03366271465466161,0.08421873564159453,0.03384826894905454
9.820000000000972,6,4,95.23027398415036,14.938949309024485,0.15687185055784728,0.31096472687204,1,31.047143425348935,5.190666021331334,0.16718658944620754,0.16718658944620754,1,31.453087797138515,2.8588134304671367,0.09089134424274939,0.09089134424274939,2,16.670664366804356,1.9147577471488466,0.11485791477882723,0.12450729860965473,2,16.059378394858545,4.974712110077167,0.30976990439865565,0.31096472687204,-0.03765756476797511,0.0016452458696608182,0.26828483603419295,0.012565713587589289,0.015068729917489353,0.000281930330061358,0.0004244447238459063,-0.025122229871914814,0.0762031510961981,0.03383880503208455
9.830000000000975,6,4,95.2290274435701,14.94558413537514,0.15694357630851002,0.3106019813341651,1,31.050612806123592,5.194008333960318,0.16727554996711663,0.16727554996711663,1,31.450260433233044,2.858388465712977,0.09088600305174446,0.09088600305174446,2,16.66649637666141,1.9203283964207445,0.11522088104311098,0.12445738537329401,2,16.06165782755206,4.972858939281101,0.3096105640322316,0.3106019813341651,-0.03765508542306285,0.0016450376020585385,0.2682836616295093,0.012568281169777491,0.015073108159103968,0.00027384693839153186,0.00041712215935613405,-0.022326095039910912,0.07953123054590294,0.0338338008358803
9.840000000000979,6,4,98.21954738489626,13.034499564102898,0.13270779504841498,0.3931238040246026,1,31.067779575445442,5.179472965823907,0.16671526052404229,0.16671526052404229,1,31.41925496953418,2.915464502089073,0.09279228628801243,0.09279228628801243,2,16.654330323028613,2.0390521921269893,0.12243375461981258,0.13049733122761925,2,19.078182516888017,2.9005099040629294,0.1520328208148442,0.3931238040246026,-0.03765260902975847,0.0016450941067069611,0.2682825952130694,0.012570865829275756,0.015078577236741574,0.00027672432574452576,0.00037272866347579065,0.04402792490709588,0.049942267986673734,0.013851004661715198
9.850000000000982,6,4,95.57962802184151,15.202539234134065,0.15905627118218157,0.34737238908566553,1,31.052157520970827,5.207732229382682,0.1677091914101518,0.1677091914101518,1,31.444067577163345,2.861914030404668,0.09101602467243042,0.09101602467243042,2,16.639983167384557,1.9616944588949887,0.11789041125594626,0.12462292897353981,2,16.44341975632279,5.171198515451726,0.3144843707747172,0.34737238908566553,-0.037650180793461274,0.001645117402364021,0.26828150711999404,0.012573401863745873,0.015083884947578643,0.00028105851209624816,0.000994365848608571,0.05094153408331693,0.05742375172574915,0.019664208148153634
9.860000000000985,6,4,98.20571443961771,13.034599722671798,0.13272750773261965,0.38895635532355327,1,31.07456856132911,5.186060518307836,0.16689082933114807,0.16689082933114807,1,31.413479042827166,2.9143066862906095,0.09277249050693896,0.09277249050693896,2,16.624790461253717,2.027424999565478,0.12195191297542433,0.12724075023500367,2,19.092876374207712,2.906807518507874,0.1522456575707282,0.38895635532355327,-0.03764783448827211,0.0016448156135417179,0.26828022861348555,0.012575841000206789,0.01508724476034915,0.00027342025265944406,0.00038414636238445445,0.04514616640894349,0.05062057448187474,0.015563412344870596
9.870000000000989,6,4,95.15830631090006,14.925600144456352,0.1568502080700303,0.3087856374183756,1,31.06424427482885,5.207167490926532,0.1676257579247104,0.1676257579247104,1,31.438563202595446,2.857477083225622,0.09089082935538606,0.09089082935538606,2,16.611055876974056,1.9082578384079025,0.11487878028591156,0.11933962164770595,2,16.0444429565017,4.952697731896294,0.30868617535202797,0.3087856374183756,-0.03764551973010644,0.0016444831963955547,0.26827896011466734,0.012578243889357445,0.015090766582683574,0.00026778450156827695,0.0004037412051924428,-0.02757114252363904,0.08689997910539993,0.037690615774464045
9.880000000000992,6,4,98.10219838108652,12.961341103802388,0.13212080175260632,0.4095211777962999,1,31.081627166315105,5.192252441188805,0.16705214348674574,0.16705214348674574,1,31.40696295178247,2.9164623454012126,0.09286037462070784,0.09286037462070784,2,16.599697870556184,2.02149529141457,0.12177904123184131,0.12479499183026274,2,19.013910392432766,2.8311310257977995,0.14889788409461235,0.4095211777962999,-0.03764308643784555,0.0016446454029522153,0.26827793997346,0.012580793943781483,0.015096710063413734,0.0002806614880824131,0.0004085611941417248,0.025502454017916235,0.029729799192886677,0.005890532662533768
9.890000000000995,6,4,95.5698769529424,15.20996039222569,0.15915015146158362,0.34925889802811794,1,31.065536589643873,5.220898138719869,0.1680607744744486,0.1680607744744486,1,31.432298868185967,2.861236124879348,0.09102853522989796,0.09102853522989796,2,16.587528771834968,1.94710316306345,0.11738355904886578,0.11978328823042027,2,16.484512723277593,5.180722965563024,0.31427819872694107,0.34925889802811794,-0.03764081480202245,0.001644249525119895,0.26827668577252,0.012583144405025058,0.015100453582482772,0.0002706006060635527,0.0009952564506832105,0.05497508248179929,0.06140436075212768,0.02394431929673884
9.900000000000999,6,4,95.51035703763415,15.177945520011416,0.15891413235981117,0.3445884945270756,1,31.0688603785022,5.224232280594665,0.16815010969020036,0.16815010969020036,1,31.429275279669586,2.861428508514558,0.09104341360252453,0.09104341360252453,2,16.577540577448893,1.9416926191862225,0.11712790628469862,0.11863310340965867,2,16.434680802013478,5.15059211171597,0.3133977576908552,0.3445884945270756,-0.03763845902794213,0.001644118328709546,0.2682755399217589,0.012585597325540708,0.01510513773709167,0.00027271891228147955,0.0009380288613457627,0.04600144001949094,0.051384858124327644,0.01690234244339201
9.910000000001002,6,4,95.49212796286531,15.166177771471084,0.15882123579201063,0.3431097024859688,1,31.0721567091222,5.227563683720432,0.16823948632396404,0.16823948632396404,1,31.42631526211755,2.8614644128720172,0.09105313139658255,0.09105313139658255,2,16.56790139979918,1.9368110529745997,0.11690141112247782,0.11757897027710176,2,16.425754591826387,5.140338621904034,0.3129438342188502,0.3431097024859688,-0.037636096732694704,0.0016439490547321763,0.268274364541525,0.01258805579081764,0.015109514782769326,0.00027264960955231967,0.0009123504242996412,0.0434164715623592,0.04829765907554519,0.015314091727166357
9.920000000001005,6,4,95.4838410248303,15.161914083456148,0.15879036620985257,0.34262864910469565,1,31.07541867207138,5.230927486295627,0.16833007276574052,0.16833007276574052,1,31.423360523937326,2.8615135781465133,0.09106325773039782,0.09106325773039782,2,16.55909510929807,1.9326091295589254,0.11670982724616089,0.11684613856768583,2,16.425966719523515,5.136863889455082,0.3127282538171423,0.34262864910469565,-0.03763373533836453,0.0016437454985788467,0.2682731751544677,0.012590510891361545,0.015113769971301769,0.0002721009799303279,0.0009018060527930222,0.04265908605656267,0.04733987931579138,0.015017422068793073
9.930000000001009,6,4,95.47849593396869,15.160597793243463,0.1587854693870364,0.34246595180612444,1,31.078654882895883,5.234320225526829,0.16842171082531418,0.16842171082531418,1,31.42041284040697,2.861600568623069,0.0910745693622148,0.0910745693622148,2,16.551146147441717,1.9290303637537929,0.11654965442087888,0.1179217577328565,2,16.428282063224113,5.135646635339772,0.3126100839744093,0.34246595180612444,-0.03763137563914679,0.0016435169147525398,0.26827197974567996,0.01259296196716932,0.0151179764378885,0.0002716502887996194,0.0008975273976605282,0.04242033000509045,0.047014827685795534,0.015028436269776575
9.940000000001012,6,4,95.40270625400399,15.116891947845195,0.1584534919543831,0.3362904191473231,1,31.08202180736473,5.237618964223385,0.16850959685583766,0.16850959685583766,1,31.41739608789453,2.861878682370334,0.09109216672075021,0.09109216672075021,2,16.544364688929708,1.9217554738391869,0.11615770747154085,0.11869935072369427,2,16.358923669815027,5.095638827412289,0.3114898590067146,0.3362904191473231,-0.03762893921454692,0.0016435056755881882,0.26827087118394005,0.012595504902904045,0.015122987266011996,0.00027381011154304654,0.0008078618844510538,0.029742855021974886,0.03283748934081522,0.005909232643295773
9.950000000001015,6,4,95.45530111604381,15.14238509998716,0.15863325475846285,0.3401210571501523,1,31.08521161310069,5.24102550422332,0.16860189241930457,0.16860189241930457,1,31.414547753743836,2.861771692632466,0.09109702024252168,0.09109702024252168,2,16.537251944975097,1.9199123324731562,0.11609621349794629,0.1196575474173301,2,16.418289804224194,5.119675570658218,0.3118275795899886,0.3401210571501523,-0.03762658228955533,0.0016431786496599828,0.2682696232790244,0.012597947771156297,0.01512669332526233,0.00027022663729415325,0.0008552854067954387,0.038868267541898344,0.0427844137242573,0.012969752259883931
9.960000000001019,6,4,95.32998359655872,15.038285151041547,0.15774979270618913,0.336290400902092,1,31.085621616583143,5.246654153006977,0.16878073785109904,0.16878073785109904,1,31.409015264173885,2.8659420665322726,0.09124584271195718,0.09124584271195718,2,16.473220055099937,1.8339932727472381,0.11133180195571132,0.131527152465906,2,16.362126660701755,5.09169565875506,0.31118788922372775,0.336290400902092,-0.037623793423509834,0.0016430103750258707,0.2682685468498757,0.01260081201856891,0.015131714070954518,0.000321950102166813,0.0008437885149352893,-0.00963919849358574,0.08154524171987892,0.034713079130672085
9.970000000001022,6,4,95.56841336165314,15.130258335098196,0.15831860970467065,0.33987337445844945,1,31.089551566020514,5.24982170231187,0.16886128740594925,0.16886128740594925,1,31.40690637190239,2.8647528103806046,0.09121410356237769,0.09121410356237769,2,16.647490344488993,1.8978484902696127,0.114002077850604,0.12055466552384884,2,16.424465079241244,5.117835332136108,0.31159829604463046,0.33987337445844945,-0.03762102641012838,0.0016425716804925438,0.2682673449292233,0.012603636867926094,0.01513561631529513,0.00029899525722292236,0.0008815609554152933,0.02802439390815331,0.05239101675454794,0.013112070193655196
9.980000000001025,6,4,95.15017395728907,14.880549334905382,0.1563901432443513,0.3081282846791302,1,31.098776061519718,5.245787367044378,0.16868147340162654,0.16868147340162654,1,31.40479557326343,2.860297437584036,0.09107836511501317,0.09107836511501317,2,16.67287405104288,1.8700617468306668,0.11216193087680018,0.12088996524812252,2,15.973728271463049,4.904402783446302,0.30702931088467195,0.3081282846791302,-0.037618435816512356,0.0016421220530397794,0.26826604433765483,0.01260630072843918,0.015138666898269327,0.00029669591930058415,0.00046028197955971534,-0.05088080244567541,0.1058256088402707,0.05174489214433018
9.990000000001029,6,4,98.39060245277271,13.189135547426778,0.1340487324870029,0.3637866047017131,1,31.11051716850792,5.238642644042655,0.16838815683030653,0.16838815683030653,1,31.374642834198806,2.9222163177301472,0.09313942897048345,0.09313942897048345,2,16.672510383834755,2.009678096833198,0.12053842226313628,0.12846197855623945,2,19.232932066231236,3.0185984888207775,0.15694946971298085,0.3637866047017131,-0.03761580233216176,0.00164249628484473,0.26826517471271477,0.012609054838882534,0.015146203329484867,0.0002843661144836999,0.0006279253548879935,0.08259450676270434,0.09515075327181383,0.042316960624114615
10.000000000001032,6,4,95.55230259508875,15.121627931824912,0.15825498204793803,0.3334911756624436,1,31.100582197059026,5.259313099375087,0.1691065802579228,0.1691065802579228,1,31.399315947278765,2.863647809120964,0.09120096163652709,0.09120096163652709,2,16.65973505479578,1.9178903022404334,0.11512129670323519,0.12248702832902729,2,16.39266939595518,5.080776721088428,0.3099419989731561,0.3334911756624436,-0.037613431290439044,0.00164199422437459,0.2682638145726334,0.012611504640962803,0.015148862775559123,0.00026884735242615706,0.000770426673992028,0.032853439928592715,0.036785654367715,0.007733412906377546
10.010000000001035,6,4,95.46301650132003,15.081285749513645,0.15798040227762034,0.3272931156305195,1,31.10420336501114,5.262463354875269,0.16918817347995385,0.16918817347995385,1,31.39658985410146,2.8637429125863156,0.09121190950654195,0.09121190950654195,2,16.6468535475661,1.9127906383440196,0.11490403474016773,0.12115618636642508,2,16.315369734641333,5.042288843708041,0.3090514604153951,0.3272931156305195,-0.03761098337450921,0.0016419778865826686,0.2682626897528924,0.012614060880548379,0.015153850366271614,0.00026803883600405934,0.000678372185026087,0.01945961843541877,0.032600829535214884,0.005960819947020909
10.020000000001039,6,4,95.43609157418955,15.06486045673206,0.15785286476260427,0.3250853552784974,1,31.10775497072023,5.2656138084030095,0.16927013258781293,0.16927013258781293,1,31.393937229463564,2.8636637972751964,0.09121709635666901,0.09121709635666901,2,16.633304263651603,1.9074914453977587,0.11467904483453466,0.11980790930191582,2,16.30109511035415,5.028091405656094,0.3084511421850637,0.3250853552784974,-0.03760856955304377,0.0016418795063263868,0.2682615129446963,0.012616580183239792,0.01515832729622282,0.0002656614931489082,0.0006384642747944433,0.015798748316310635,0.03659236592952447,0.005988828037365806
10.030000000001042,6,4,95.42385359758288,15.057835788427049,0.15779949374009006,0.32417586912425067,1,31.111234466156382,5.268818003743021,0.1693541929194285,0.1693541929194285,1,31.391273756275318,2.863642192340859,0.09122414765881866,0.09122414765881866,2,16.620527385328906,1.9027703678891457,0.11448315229568098,0.11855268780603376,2,16.300817989822278,5.022605224454024,0.30811982733565774,0.32417586912425067,-0.03760618803247881,0.001641709660134927,0.2682603105339015,0.012619062070273655,0.015162579162237875,0.000263379985866204,0.0006223360648648183,0.014874305133580654,0.03726128277557792,0.0060066348735733355
10.040000000001045,6,4,95.41573295453563,15.054756267466193,0.1577806489694901,0.3237262291631122,1,31.11465969228031,5.2720599487711866,0.16943974322429145,0.16943974322429145,1,31.388597166722963,2.863707236375124,0.09123399880422567,0.09123399880422567,2,16.608809626372913,1.8986640168739144,0.1143166825067975,0.11740545199014694,2,16.303666469159435,5.020325065445967,0.30792613888063664,0.3237262291631122,-0.037603830694618305,0.001641487311668966,0.26825909654152985,0.012621515060216984,0.015166726840518922,0.00026170263309580863,0.0006157696350184732,0.014696399827925404,0.03696746323268603,0.0060169149512491315
10.050000000001049,6,4,95.31000656628058,15.016751188210584,0.1575569211378411,0.3185358780511297,1,31.118201580493825,5.275232848857267,0.1695224203497673,0.1695224203497673,1,31.385783219397656,2.8640857008705978,0.0912542370171116,0.0912542370171116,2,16.598852622030407,1.8911947838823027,0.11393527172909905,0.11611622944989185,2,16.207169144358687,4.986237854600416,0.307656310006242,0.3185358780511297,-0.0376014148333545,0.0016414744049666,0.2682579801508507,0.012624039365468987,0.015171789711469479,0.0002658999328733164,0.0005227596368251018,-0.002292747163839006,0.055104033872657894,0.01934830895166744
10.060000000001052,6,4,95.3816013971645,15.033501241793806,0.1576142675482561,0.3208024554610353,1,31.12152633133875,5.27851589996848,0.16960980138860093,0.16960980138860093,1,31.383234787432823,2.863948987777195,0.09125729094452817,0.09125729094452817,2,16.588175750079632,1.8884274859230588,0.11384178190383552,0.11517710034010058,2,16.288664528313294,5.002608868125073,0.30712210073633933,0.3208024554610353,-0.03759907962912519,0.0016411256122403355,0.2682567046426642,0.01262646282978313,0.015175310659085627,0.0002612404124386302,0.0005735930201804749,0.01011652138524729,0.04132187948080009,0.008459437183334419
10.070000000001055,6,4,97.98935546159314,12.881252686389823,0.13145563235629834,0.43608790796145724,1,31.144809309734352,5.255957775880845,0.1687587078671915,0.1687587078671915,1,31.351391879520435,2.9186026514487717,0.0930932400916873,0.0930932400916873,2,16.57959135951638,1.9855226713980465,0.11975703311037234,0.12008887295588881,2,18.91356291282197,2.721169587662159,0.14387398081497438,0.43608790796145724,-0.03759668229563881,0.0016409578593945557,0.26825550152817895,0.012628960927508318,0.015179466293929331,0.00032132693684310703,0.0008238136417381426,-0.017179618044494385,0.07128174443199087,0.030327638904172487
10.080000000001059,6,4,95.67068590701543,15.329427656062146,0.1602311879624358,0.36688800645017006,1,31.12319557345986,5.291910606838801,0.17003108162040564,0.17003108162040564,1,31.377366129160475,2.8686298624870874,0.091423539205897,0.091423539205897,2,16.572598169750577,1.9258688010193585,0.11620801888110605,0.11634494457545719,2,16.59752603464451,5.2430183857168995,0.3158915596681693,0.36688800645017006,-0.03759426794536107,0.0016410387202780157,0.2682544991435025,0.012631480384220338,0.015185804259711807,0.00029470490567421815,0.0012101924248892524,0.06978476762921135,0.07903837390984891,0.03444503331238308
10.090000000001062,6,4,95.31232730175746,14.9886284194428,0.15725802573248493,0.3140731788030921,1,31.13192189011032,5.288037627874753,0.16985901630296088,0.16985901630296088,1,31.37522545752461,2.864449473069562,0.09129653831324394,0.09129653831324394,2,16.563724615174824,1.8722545030587803,0.11303342373511317,0.11449407600182006,2,16.24145533894771,4.963886815439706,0.30563066620859347,0.3140731788030921,-0.037591953105060485,0.0016404818212850361,0.26825310312133127,0.012633873742261836,0.015188030980055986,0.0002634799658713132,0.0004968102546326542,-0.0011809987413379484,0.0534224965991255,0.01610180136402162
10.100000000001065,6,4,95.19930865871248,14.962204142004293,0.15716715124101877,0.3107903168222578,1,31.135408390373627,5.29125915167303,0.16994346389588288,0.16994346389588288,1,31.372403077334944,2.8650033977948235,0.09132240812832891,0.09132240812832891,2,16.55796244387375,1.8655408847599042,0.11266729774774507,0.11520719677168813,2,16.133534747130156,4.940400707776535,0.30621936142390227,0.3107903168222578,-0.037589530833660685,0.0016404128752165,0.2682519800973791,0.012636398317423367,0.015193030034849989,0.0002692900946877776,0.00042748881615957185,-0.019612458289050217,0.0732510676073102,0.03134870294681216
10.110000000001069,6,4,95.1732545141401,14.947734235028461,0.15705813898386384,0.30891051730616303,1,31.138845826353556,5.294484979159429,0.1700282986943138,0.1700282986943138,1,31.36975333558468,2.865243267658206,0.09133776848694505,0.09133776848694505,2,16.55181347738231,1.859765790162351,0.11236024334757518,0.11591700207970555,2,16.11284187481956,4.928240198048476,0.3058579136030692,0.30891051730616303,-0.03758710927330593,0.001640265700358524,0.2682508028375618,0.012638919603854722,0.015197468868643628,0.0002716112155517132,0.0004107268706668141,-0.02454243479767592,0.07878341315442611,0.0346730610834388
10.120000000001072,6,4,95.16687387112954,14.941016373560233,0.1569980789091869,0.3077595880865329,1,31.14222389067752,5.297766763151439,0.1701152358851718,0.1701152358851718,1,31.367121775356708,2.8654959267126796,0.09135348621510853,0.09135348621510853,2,16.546196790630614,1.855405969249054,0.11213489073813562,0.11660278064155717,2,16.111331414464697,4.92234771444706,0.3055208528593604,0.3077595880865329,-0.037584701618278246,0.0016400500151071775,0.2682495987919171,0.012641422128998,0.015201673790560364,0.00027224934968486674,0.00041016094792067584,-0.025669909841851375,0.07996414172517938,0.03520455227877726
10.130000000001075,6,4,98.15424626834438,13.024030309957434,0.13268942307754036,0.38555383459844256,1,31.15937288795394,5.283249670836869,0.16955571249251128,0.16955571249251128,1,31.336440861504595,2.923321229936457,0.0932882340676929,0.0932882340676929,2,16.54165463057494,1.9501936824006916,0.11789592552585584,0.12530629916792194,2,19.116777888310907,2.8672657267834154,0.1499868724497043,0.38555383459844256,-0.03758223890532235,0.0016400409512055535,0.26824850029348196,0.012643990978107093,0.015206919114284597,0.00028000688308117195,0.0003834909384405259,0.03968276651542588,0.04445916069313874,0.012511395230865374
10.140000000001079,6,4,95.13503763531585,14.921467308521027,0.15684512961165747,0.3049492010436997,1,31.149023045300293,5.30432099596509,0.17028851878439236,0.17028851878439236,1,31.361880479609443,2.8660755936325497,0.09138723666445915,0.09138723666445915,2,16.536696044340047,1.8457848119358324,0.11161750853899151,0.11768660167552321,2,16.087438066066078,4.9052859069875545,0.30491405075457506,0.3049492010436997,-0.03757984836751864,0.0016396825672899734,0.26824721799144774,0.01264646918217529,0.015210340833688767,0.00027575420963957557,0.00040793751199968585,-0.031889595529974,0.08690178890032021,0.03929320838506909
10.150000000001082,6,4,98.08077089490935,12.964165250179965,0.1321784599763259,0.40222630081785127,1,31.16648085726441,5.289460951032742,0.169716336446752,0.169716336446752,1,31.33072185090992,2.92538117581638,0.09337101103948614,0.09337101103948614,2,16.533803175206998,1.9477068869811283,0.11780150436904809,0.12644218875210647,2,19.049765011528017,2.801616236349714,0.1470682832388908,0.40222630081785127,-0.03757734592029641,0.0016397880145588026,0.26824617612982304,0.012649084165551872,0.015216146494613,0.00028871419454436773,0.0004273234835458422,0.02177729623302381,0.027593866420849034,0.005925360818378553
10.160000000001085,6,4,95.56750783159256,15.230838811451198,0.1593725645570953,0.3516109501204257,1,31.15036862269318,5.3180239880347075,0.1707210611999148,0.1707210611999148,1,31.356372134045102,2.8705564693162153,0.09154619217570505,0.09154619217570505,2,16.529604944048323,1.8880046868457943,0.11421958923014626,0.12114987555398797,2,16.531162130805953,5.154253667254482,0.31179015888117684,0.3516109501204257,-0.0375750125893365,0.0016393221172705955,0.2682448987576922,0.012651491759834098,0.015219757564062823,0.0002749779025358875,0.000973993655106859,0.05166053900648668,0.05745969461535827,0.023019164308181152
10.170000000001089,6,4,95.123197254455,14.86412110003286,0.15626179027888715,0.30523845663259763,1,31.15698577629542,5.316081919067836,0.1706224715457671,0.1706224715457671,1,31.352084702453503,2.8700172052759614,0.09154151095577272,0.09154151095577272,2,16.595347754648046,1.799168001674638,0.1084139982044501,0.10927302129261827,2,16.01877902105803,4.878853974014424,0.3045709019146067,0.30523845663259763,-0.03757204547064684,0.0016389252148056436,0.2682437119255953,0.012654518126167622,0.015223560763411118,0.000319357828422855,0.0004415513220620096,-0.0704758327755622,0.13056635716708737,0.05028572816791552
10.180000000001092,6,4,98.2135967388116,12.995942675164853,0.13232325367052947,0.4013290063411361,1,31.174768043098503,5.301333860009551,0.170052070722084,0.170052070722084,1,31.32142441373902,2.927975830102477,0.09348156684783888,0.09348156684783888,2,16.66624644056666,1.9648106961912908,0.11789161423947397,0.12472114542296442,2,19.051157841407424,2.8018222888615343,0.14706834682623923,0.4013290063411361,-0.037569263926426434,0.0016388327955912175,0.26824264233856265,0.01265738552973555,0.015228980877053414,0.000310716859347007,0.0004645425803527316,0.012883616543392509,0.0325653256754571,0.005763490310094112
10.190000000001096,6,4,98.21061105636649,12.992725473768559,0.1322945182197429,0.40568640212742163,1,31.178647590004516,5.304323753943254,0.1701268067715597,0.1701268067715597,1,31.319113056985156,2.927726918260862,0.09348051820413496,0.09348051820413496,2,16.679784881390574,1.9779288145836729,0.11858239351698253,0.12671167977482523,2,19.033065527986246,2.7827459869807702,0.1462058743447826,0.40568640212742163,-0.03756663393632663,0.0016387053550437221,0.2682414873375282,0.012660111507090996,0.015233660101647374,0.00030473139189938423,0.0005036854339046967,0.012869626396161779,0.032849265924816344,0.007220072453965145
10.200000000001099,6,4,98.20550737413684,12.99486405134759,0.1323231700421914,0.4056397604563671,1,31.182347714982924,5.3074627696835455,0.17020728580784,0.17020728580784,1,31.316857952345853,2.92713152710724,0.09346823782773447,0.09346823782773447,2,16.674394299781362,1.9792838880453896,0.1187019961541477,0.1263337051729204,2,19.0319074070267,2.780985866511416,0.14612228858809279,0.4056397604563671,-0.03756411945884957,0.0016385230422899702,0.2682402872656759,0.012662723296273387,0.01523799420512945,0.0003004741411396914,0.0005289243207573814,0.013465273214909325,0.03650843387461001,0.007960898822928062
10.210000000001102,6,4,98.39874194464583,13.189014111511423,0.13403640992616447,0.3624509912317257,1,31.18027425736951,5.318162520745268,0.17056176212075208,0.17056176212075208,1,31.315614642752156,2.931552063394084,0.09361310952498189,0.09361310952498189,2,16.66456749650979,1.9708364756335972,0.11826508405011815,0.12408820564200293,2,19.23828554801438,2.968463051738473,0.15429977085691263,0.3624509912317257,-0.03756155600147044,0.0016387987910275136,0.2682393108795042,0.01266541142777417,0.01524458388031514,0.00028012314645948355,0.0005479740241485959,0.07560205999262706,0.08670075402883264,0.03701418843092418
10.220000000001106,6,4,95.58394274208241,15.136055272122714,0.1583535355197146,0.3326275392947545,1,31.170236113154655,5.338912545731512,0.17128239023760078,0.17128239023760078,1,31.34068589947736,2.8733903852827583,0.09168243459951446,0.09168243459951446,2,16.650752253859526,1.8772731399993,0.11274404371515175,0.11807467233577593,2,16.42226847559087,5.046479201109144,0.30729489099571994,0.3326275392947545,-0.037559247480130675,0.0016381731461657149,0.26823788292861694,0.012667795470294556,0.015246747114054866,0.0002644228733047662,0.0007231359316177485,0.03000348377845588,0.03456921082431759,0.006201839432159432
10.230000000001109,6,4,98.08494209930431,12.9243399800363,0.13176681051563743,0.43004468803719204,1,31.193868798840054,5.316151562285917,0.17042296345375404,0.17042296345375404,1,31.30928021526121,2.9286355413928447,0.09353889713393436,0.09353889713393436,2,16.63990419942137,1.9744957003701848,0.1186602805344784,0.12329709783628995,2,18.941888885781676,2.7050571759873536,0.14280820631451635,0.43004468803719204,-0.03755676728808539,0.0016382262402136224,0.26823675589907175,0.012670394099921338,0.015251741750032946,0.00031444162623228233,0.0007432175946616208,-0.012679373743921642,0.06730271885942568,0.02802346388679254
10.240000000001112,6,4,98.35889457278891,13.167801615913374,0.13387504681814774,0.36238160972111266,1,31.191250227139445,5.32738841882979,0.17079752751284205,0.17079752751284205,1,31.30856861656345,2.9305332460186326,0.09360163608592016,0.09360163608592016,2,16.62904273348977,1.9554627774852762,0.11759322582935615,0.12024194851246522,2,19.230032995596254,2.9544171735796754,0.15363557484567225,0.36238160972111266,-0.03755434759043974,0.0016382034425084565,0.2682356475679974,0.0126729209793213,0.015257101099088075,0.00027091444152754486,0.0004726277010950158,0.06992718864780303,0.07944857672395306,0.03382291307617821
10.250000000001116,6,4,98.32539169492233,13.139020519984731,0.13362794994757443,0.3672885181203587,1,31.19492828282753,5.330427013247576,0.17087479621429097,0.17087479621429097,1,31.306035178920702,2.9312660245054074,0.09363261772858153,0.09363261772858153,2,16.618957962787512,1.9515673956547859,0.11743019026973023,0.1192017789926715,2,19.20547027038659,2.925760086576963,0.15233993468456056,0.3672885181203587,-0.037551934300353466,0.0016380894692127122,0.26823446801204415,0.012675439754565644,0.015261649078234905,0.0002723329291080687,0.0004272462933448254,0.06255011583692344,0.0709569338866423,0.028463858269869666
10.260000000001119,6,4,98.31471540692223,13.133201956989293,0.1335832779724916,0.36732693770101943,1,31.198475356513924,5.333606687108247,0.17095728641094138,0.17095728641094138,1,31.303659133044476,2.931211619262156,0.09363798675433242,0.09363798675433242,2,16.60945918208607,1.9464071662385338,0.11718666724186948,0.11809863369746955,2,19.203121735277758,2.9219764843803553,0.15216153522645423,0.36732693770101943,-0.03754954324187632,0.0016378858962247645,0.2682332505699216,0.012677930474586627,0.015265838229819506,0.0002720696720594115,0.00041541621407520824,0.06071567849020708,0.06867176543632672,0.027499845071310123
10.270000000001122,6,4,98.27496418358129,13.09784580917698,0.13327754345155207,0.37422784550341515,1,31.20219100649488,5.3365859051275795,0.1710324093592256,0.1710324093592256,1,31.301061407827934,2.9322617174006678,0.0936793062444634,0.0936793062444634,2,16.600997618124847,1.943285761694057,0.11705837241807637,0.11726090467284912,2,19.170714151133623,2.8857124249546744,0.15052712184872014,0.37422784550341515,-0.037547095479923055,0.0016378373157107122,0.2682320928046374,0.012680488647849859,0.015270571427193399,0.0002757419386977684,0.0003819363210242062,0.051088044808774685,0.05758164625215897,0.02046597619202365
10.280000000001126,6,4,95.6788971316704,15.304253307893733,0.1599543239595716,0.36026783870480716,1,31.186695696551602,5.364543064874022,0.17201383298414633,0.17201383298414633,1,31.32603689727484,2.879452796199721,0.09191883434352383,0.09191883434352383,2,16.593560535230207,1.885965976951935,0.11365649782925087,0.11406687748932483,2,16.572604002613748,5.174291469868055,0.3122195805228914,0.36026783870480716,-0.03754468845702582,0.0016377095683296748,0.2682309380956024,0.012682996239924051,0.015275444615085657,0.00028754405297751965,0.0010736384556882216,0.05803739653482249,0.06527012520131978,0.02623853817021233
10.290000000001129,6,4,98.24212174051684,13.073366515546534,0.13307292517639957,0.37799858341591014,1,31.209376957310486,5.342812308517216,0.17119253344356544,0.17119253344356544,1,31.2962116888404,2.932634469608872,0.09370573342123036,0.09370573342123036,2,16.585986276678575,1.93497699878432,0.11666336668233446,0.11875359791727634,2,19.15054681768738,2.8629427386361264,0.14949665750493984,0.37799858341591014,-0.03754227284000966,0.0016374631975211078,0.2682296771178148,0.012685511845357916,0.015279119222185732,0.0002790572011073913,0.00038422446556329604,0.04334670679083219,0.048398572775289736,0.015331080195529173
10.300000000001132,6,4,95.21541272858877,14.945965910544292,0.15697002703908577,0.30381815923091865,1,31.199178045467278,5.363748215009995,0.17191953605935648,0.17191953605935648,1,31.32175067478823,2.876168855188563,0.09182656758402949,0.09182656758402949,2,16.57923029756053,1.82547303485256,0.11010601831866466,0.11160455440334424,2,16.11525371077274,4.880575805493174,0.30285441936484075,0.30381815923091865,-0.037539887941470236,0.001637116526042286,0.26822838837102864,0.012687988318234979,0.01528259648147662,0.00027562392726110775,0.00040824870215295513,-0.03116075662556124,0.08712600345374603,0.03908419882067951
10.310000000001136,6,4,98.14839161586414,13.000024112219927,0.13245274729615314,0.3988173031436439,1,31.21679679600238,5.348772484189785,0.17134277162206302,0.17134277162206302,1,31.29092019663851,2.9351551723483356,0.09380213665508151,0.09380213665508151,2,16.574475302921048,1.9326481790171288,0.11660388300053899,0.12045130873081988,2,19.06619932030221,2.7834482766646778,0.14598862782792718,0.3988173031436439,-0.03753739591025461,0.0016372126683274345,0.2682273301691127,0.012690595004803731,0.01528834452821763,0.00028903473028011613,0.00043446233709981956,0.021566040398135537,0.028269676711623396,0.005980355513468302
10.320000000001139,6,4,95.5165942559896,15.170192654667208,0.15882258756012885,0.3393738900961662,1,31.201037813788783,5.377032900180581,0.17233506565619078,0.17233506565619078,1,31.316662011072076,2.881074137713702,0.09199812344927093,0.09199812344927093,2,16.56906985668433,1.8578009244260336,0.112124635872457,0.11526722555973543,2,16.42982457444441,5.054284692346891,0.307628646273468,0.3393738900961662,-0.03753491990437294,0.001637186001721593,0.2682262020504012,0.012693179926158142,0.015293411404150255,0.0002773203543645629,0.0007976689322907259,0.02937048045170059,0.03240951640794953,0.005998062306057974
10.330000000001142,6,4,95.56115237814964,15.193611270659188,0.15899359616903547,0.34283864475484926,1,31.204458491559254,5.380293160501694,0.17242065463039688,0.17242065463039688,1,31.314434973258116,2.881313747790775,0.09201231796937603,0.09201231796937603,2,16.563812812868182,1.855495608919113,0.11202104430192582,0.11589924785496707,2,16.478446100464094,5.076508753447607,0.3080696275909555,0.34283864475484926,-0.03753253780052179,0.001636809400616991,0.2682249196829856,0.012695649152048072,0.01529699518060199,0.0002722172325083073,0.000828594369994874,0.03683836260586419,0.040542640134071745,0.011921468632266735
10.340000000001146,6,4,95.44740158028982,15.11656985085875,0.1583759180509778,0.33058835047076396,1,31.208198453734127,5.383293853761854,0.17249614269604632,0.17249614269604632,1,31.31204486807358,2.88194142624753,0.09203938734726387,0.09203938734726387,2,16.560130799512372,1.845164693848797,0.11142210868908896,0.11605227181056477,2,16.36702745896974,5.006169877000569,0.305869217214333,0.33058835047076396,-0.03753003179802128,0.0016368382938290018,0.26822380917745225,0.012698268354794784,0.01530217819361511,0.0002743659297175189,0.0006811897370719073,0.01655152129094463,0.030108321641927355,0.006027105196430491
10.350000000001149,6,4,98.09300998055389,12.965169819737383,0.1321722090320974,0.4081875362958612,1,31.23119966715728,5.361238203640913,0.171662896743566,0.171662896743566,1,31.28137339301671,2.936012604114029,0.09385817455091239,0.09385817455091239,2,16.555821101540033,1.9210291457825523,0.11603345638978045,0.12290592341125023,2,19.024615818839862,2.746889866199888,0.14438608865255897,0.4081875362958612,-0.03752761289439007,0.0016364926796256186,0.2682225141426829,0.012700779651677634,0.015305562810567191,0.00030526305813695587,0.0006101986053167963,0.004701254019534751,0.043072572805369164,0.013068001555857932
10.360000000001152,6,4,98.3116402202005,13.172590039953299,0.13398810161695046,0.3600005844412128,1,31.2288574095242,5.3721161723954545,0.17202410264158632,0.17202410264158632,1,31.2802742790257,2.9400922569751198,0.09399189504378912,0.09399189504378912,2,16.553405138306214,1.9100369895898721,0.11538634943271327,0.12410922237219561,2,19.24910339334439,2.950344620992852,0.15327179457163542,0.3600005844412128,-0.037525105362458046,0.0016365981575916903,0.2682214826448628,0.012703399290904699,0.015311642753346413,0.0002773129026251902,0.0005123339423699729,0.07130638171432735,0.08162364607686248,0.03575851613372134
10.370000000001156,6,4,95.34548639024717,15.049483442882462,0.1578415928498726,0.3192487051971865,1,31.218913993078512,5.392743946257463,0.1727396394202911,0.1727396394202911,1,31.305186934803633,2.883392369322628,0.09210589846748395,0.09210589846748395,2,16.549936240516942,1.8273205314667282,0.11041254207331323,0.11682112200466976,2,16.27144922184809,4.946026595835642,0.3039696420644871,0.3192487051971865,-0.03752266542836311,0.0016363104139036405,0.26822021790740563,0.01270593461237617,0.015315327657458636,0.0002730632462706451,0.0005310256927048672,-0.002558034358645154,0.0514669460814437,0.017880650727230663
10.380000000001159,6,4,95.40912045401612,15.067018476113153,0.15792010663566416,0.3216883572130563,1,31.22234570415146,5.396000923542818,0.17282496884355944,0.17282496884355944,1,31.30306395380005,2.8836419575301626,0.09212011839435615,0.09212011839435615,2,16.54648453979481,1.825070437830664,0.11029958861903945,0.11716575389145745,2,16.337226256269798,4.962305157209508,0.3037422068697314,0.3216883572130563,-0.03752026002354144,0.001635926294264304,0.26821892788930984,0.012708427266239827,0.015318832923642934,0.0002682506190039014,0.0005669035885405942,0.007474962473867426,0.04062660186359979,0.009083514292420044
10.390000000001162,6,4,95.25302051565768,15.002588277770075,0.15750249384799248,0.31164678231443127,1,31.22612480174384,5.3990040829058925,0.17290022752372983,0.17290022752372983,1,31.300655597335943,2.8844797581123998,0.09215397259467956,0.09215397259467956,2,16.545238554233357,1.8149978751802411,0.1096991058322242,0.11703967850822193,2,16.181001562344544,4.904106561571541,0.30307805995050907,0.31164678231443127,-0.0375177403969567,0.0016359671673835602,0.26821783669948995,0.012711058988925899,0.015324239336278923,0.0002759262814859967,0.0004361328572678404,-0.020064798420399273,0.0712685511570859,0.031194316118946425
10.400000000001166,6,4,98.24525396838031,13.103952775247901,0.1333800081525092,0.37077150102885104,1,31.243346692267977,5.3845328273935005,0.1723417430414409,0.1723417430414409,1,31.270861284918333,2.9417453878655064,0.09407305289938672,0.09407305289938672,2,16.542959123709814,1.9001398161593392,0.11486093884110539,0.12518616208903305,2,19.188086867484188,2.877534743829554,0.14996465065549483,0.37077150102885104,-0.037515243693634764,0.001635891644474489,0.2682166862427488,0.012713661587575748,0.015329091314331428,0.0002802036849656576,0.00039020320815042576,0.05054953104623808,0.057026328111243044,0.021313365550291254
10.410000000001169,6,4,98.23563724062248,13.094735905046392,0.13329924122110184,0.3722338934092652,1,31.246930260204028,5.387703911029626,0.17242346259822475,0.17242346259822475,1,31.268581755683794,2.941952927201612,0.09408654828634316,0.09408654828634316,2,16.541015596372397,1.89769172484306,0.11472643343974853,0.12535386288286704,2,19.179109628362262,2.867387341972094,0.14950575900206403,0.3722338934092652,-0.037512770051363914,0.0016357042889316488,0.26821547882033436,0.012716235213639846,0.015333387438758537,0.0002814174303207713,0.0003883629686570511,0.046984834645257045,0.05274716946751949,0.01896215194748059
10.420000000001172,6,4,95.20501239212092,14.958778454459786,0.15712175313678925,0.30429352414809413,1,31.236845079241846,5.408497853944129,0.17314481792971775,0.17314481792971775,1,31.29408815729126,2.885921737974275,0.09221939055929577,0.09221939055929577,2,16.5393056107965,1.7986721283390459,0.10875136905172801,0.11719020772433912,2,16.134773544791315,4.865686734202335,0.3015652324276403,0.30429352414809413,-0.03751032131236362,0.0016353998427106385,0.26821421129167605,0.012718777848510415,0.015337089813030306,0.00027954531367383573,0.0004089486041504562,-0.03170210766181307,0.08510847591978614,0.03875997921545542
10.430000000001176,6,4,98.13202724695782,13.004934182049254,0.13252487028848595,0.3973710649624286,1,31.254561028841554,5.393506348587087,0.17256701649432815,0.17256701649432815,1,31.263452353792193,2.9450787926745208,0.094201969742388,0.094201969742388,2,16.538996085647824,1.8996013491693737,0.11485590415114771,0.12557796825087156,2,19.07501777867624,2.7667476916182725,0.14504561535513694,0.3973710649624286,-0.037507772714552065,0.001635510159191702,0.26821315540044255,0.012721442214720897,0.01534288403231471,0.000293222564727474,0.0004358146803049902,0.019830937852647033,0.027350045656641918,0.00598537161131888
10.440000000001179,6,4,95.63157740477797,15.274751484658251,0.15972497682439243,0.35419320285984035,1,31.238565968830873,5.421915237773811,0.17356479305687955,0.17356479305687955,1,31.289452350751574,2.8907525467714366,0.09238744463681867,0.09238744463681867,2,16.537174260408932,1.8399340220861367,0.11126048459748399,0.11977701736013201,2,16.56638482478659,5.122149678026867,0.30918934530381775,0.35419320285984035,-0.03750540866641397,0.0016350135886873535,0.2682118516735525,0.0127238822634191,0.015346379669832573,0.00027719606740467056,0.0009509691387568208,0.04943789276651299,0.05495828486605352,0.02192964044510177
10.450000000001182,6,4,95.12710108975686,14.916675607988795,0.1568078437911633,0.3014323675422401,1,31.247716389431027,5.4178605203272285,0.17338420679469946,0.17338420679469946,1,31.287643071452138,2.8875393231803796,0.09229008770606516,0.09229008770606516,2,16.536122471727438,1.7831283237954625,0.10783231237215123,0.11703938480898447,2,16.055619157146264,4.828147440685724,0.3007138742785103,0.3014323675422401,-0.0375029683942409,0.0016346553093693327,0.2682105501806017,0.012726414711183678,0.01534967376604843,0.0002882535990736412,0.0004517012128324293,-0.048833265853653114,0.1049791224508279,0.051083442626877404
10.460000000001186,6,4,98.33377572203231,13.212872822882957,0.13436759369672538,0.35558586929229885,1,31.25952241833017,5.41060314921214,0.1730865582910964,0.1730865582910964,1,31.258051595181335,2.949506670000575,0.0943599015127118,0.0943599015127118,2,16.537245549353703,1.8876403465545706,0.11414478553403,0.12656370441650225,2,19.278956159167105,2.965122657115673,0.1538009958960233,0.35558586929229885,-0.037500379147003354,0.0016350141756305387,0.2682096491145655,0.012729129310909871,0.015357054963298429,0.00028362453420993655,0.0006016916908553018,0.07807960004216889,0.09064911154755456,0.04063992330928786
10.470000000001189,6,4,95.52516119223992,15.168578571639673,0.15879144701063228,0.33625036449731016,1,31.249484774118596,5.431252537030647,0.17380294671382587,0.17380294671382587,1,31.283084150019533,2.8923842767667174,0.09245841180160337,0.09245841180160337,2,16.535045053405717,1.8201787970375216,0.1100800627490652,0.1192236381821891,2,16.457547214696067,5.024762960804786,0.3053166365105629,0.33625036449731016,-0.037497997243173854,0.0016344333362486774,0.26820824907677865,0.012731589893329197,0.015359476359498265,0.0002717560802019403,0.000735174705580725,0.02728867945179452,0.03071727273576935,0.006064888238599994
10.480000000001192,6,4,98.02227167890565,12.929369731726823,0.13190236780147196,0.42645805688039506,1,31.27316738473186,5.408622080625207,0.17294769071794744,0.17294769071794744,1,31.251991383289994,2.9479690387925315,0.09432899819525643,0.09432899819525643,2,16.535484589641047,1.8969184477702061,0.11471804394281647,0.12571769985033054,2,18.96162832124275,2.6758601645388773,0.14111974558330026,0.42645805688039506,-0.037495431540104124,0.0016344833223590775,0.2682071224436855,0.012734273533184643,0.015364485928287418,0.00032125298602560503,0.0007501172119471238,-0.016635743095677287,0.06560482999140992,0.028961353076014513
10.490000000001196,6,4,98.3066493594946,13.175129654921722,0.13402073756722183,0.3588860186702396,1,31.27053933979954,5.419846715694147,0.17332117801997882,0.17332117801997882,1,31.251527514470094,2.949915863588557,0.09439269367625905,0.09439269367625905,2,16.53537441509916,1.880196208202792,0.11370750737194704,0.12629473973961494,2,19.249208090125812,2.925170867436226,0.15196317966642686,0.3588860186702396,-0.037492927684534015,0.0016344261906436092,0.26820600297112385,0.012736881758094452,0.015369779624939059,0.0002790112858668167,0.00046831266345214416,0.06584054469073668,0.07522618015745064,0.03277707012219346
10.500000000001199,6,4,98.28432225709787,13.151162943325822,0.13380733204756953,0.3634230696637134,1,31.27421213223924,5.422958755524889,0.17340033164047622,0.17340033164047622,1,31.249279675146173,2.9507044909221483,0.09442472023663841,0.09442472023663841,2,16.53538757960469,1.8791401074197094,0.11364354771686783,0.12617754304177722,2,19.225442870107766,2.8983595894590746,0.1507564537806056,0.3634230696637134,-0.03749043679334263,0.0016342595428180885,0.26820480767968263,0.012739473941421714,0.015374236868207332,0.0002801002467733263,0.0004257342494525254,0.058797503290072634,0.0669763755953489,0.027566050491679362
10.510000000001202,6,4,98.2498284092901,13.114573797197322,0.1334819002692249,0.370791578334639,1,31.278005406941837,5.425937521196298,0.17347453747776595,0.17347453747776595,1,31.246950099864037,2.951894786989335,0.09446985313943261,0.09446985313943261,2,16.53542810603533,1.8787110191366518,0.11361731955708687,0.12601931957590162,2,19.189444796448896,2.858030469875037,0.1489376321301349,0.370791578334639,-0.03748789780216288,0.001634213389444518,0.2682036487923539,0.012742123739617707,0.015379016232597662,0.00028364393032293277,0.00038552700226321363,0.048022349116547444,0.054380587789984156,0.019691353167838876
10.520000000001206,6,4,98.24730214798791,13.110841049873272,0.13344733914550325,0.3709328247136887,1,31.281627787409818,5.429109038842033,0.17355583525698534,0.17355583525698534,1,31.24486650552673,2.9518930006774386,0.09447609578217576,0.09447609578217576,2,16.535275441822186,1.876499569005483,0.1134846271903828,0.12587560973004058,2,19.185532413229183,2.8533394413483175,0.14872349538659804,0.3709328247136887,-0.037485394650890146,0.00163403134120438,0.26820243062688437,0.012744729348450098,0.015383262582837185,0.00028411447033502567,0.0003885412631859162,0.04558473430520789,0.05125756249453142,0.018307252823676595
10.530000000001209,6,4,95.22454427873976,14.97434377513795,0.15725298439134863,0.30349221208224947,1,31.271556971406678,5.449917275461942,0.17427713242564496,0.17427713242564496,1,31.27050757802327,2.896125337981006,0.09261523276380668,0.09261523276380668,2,16.53533671272413,1.7786256161396437,0.1075651283696552,0.11736076225721624,2,16.14714301658568,4.849675545555357,0.30034263897792757,0.30349221208224947,-0.037482925067104385,0.0016337207212247487,0.2682011528107218,0.01274729401837107,0.015386929083127183,0.000281765188763319,0.0004104736176236744,-0.03263052919434058,0.08528422530525284,0.03909757043332424
10.540000000001212,6,4,98.14948886600742,13.025518279725794,0.13271101490409273,0.39553215882313614,1,31.289333975274552,5.434936276878594,0.1736993277381164,0.1736993277381164,1,31.24007114614995,2.954922974664613,0.09458758787201993,0.09458758787201993,2,16.536688161346106,1.8794624453799633,0.11365410214199581,0.12554965161063442,2,19.083395583236804,2.756196582802624,0.14442904412795993,0.39553215882313614,-0.03748036164412469,0.0016338181465386885,0.26820008667116096,0.012749973316269916,0.015392685384324393,0.00029511816773369133,0.0004413109752061753,0.01906054407280812,0.027099894950146666,0.006009516020763766
10.550000000001216,6,4,95.53263666103784,15.203288267755877,0.1591423496631744,0.3405833968432108,1,31.27362614832468,5.4631046971273305,0.17468728030503708,0.17468728030503708,1,31.26606236342552,2.901335419171114,0.0927950371699202,0.0927950371699202,2,16.536935744475475,1.8123011715703692,0.1095911116529438,0.11907510894852454,2,16.456012404812167,5.026546979887064,0.30545352399085274,0.3405833968432108,-0.03747782885105405,0.0016337682584545417,0.26819894230502506,0.012752614757377937,0.015397692214524366,0.0002822156587063729,0.0007856217216253107,0.02687577926948331,0.029605066482395342,0.0060333453499953
10.560000000001219,6,4,95.51219594976061,15.180105336837377,0.15893368575487582,0.3364782318199226,1,31.27727653496268,5.466249814325306,0.1747674484450386,0.1747674484450386,1,31.264084955541612,2.9019070354348817,0.09281918980074015,0.09281918980074015,2,16.5373228331119,1.8064622697892065,0.1092354722719818,0.11871995824230751,2,16.433511626144416,5.005486217287983,0.30459017714294556,0.3364782318199226,-0.03747532519215648,0.0016335882647586775,0.2681977298321827,0.012755220612650832,0.015402015564568376,0.0002790035828156429,0.0007298420109088141,0.0220184579706703,0.025020861750213945,0.006054341873866527
10.570000000001222,6,4,95.46009857600316,15.13332210992889,0.15853034237001215,0.32875314049357907,1,31.281069649084834,5.469248884510385,0.17484213122713324,0.17484213122713324,1,31.262103716828264,2.902474242820879,0.0928432158344638,0.0928432158344638,2,16.53787462979416,1.7980511870271343,0.10872323241511439,0.11823252844384932,2,16.379050580295903,4.963547795570491,0.30304246093126236,0.32875314049357907,-0.037472786952750005,0.0016335050304473262,0.26819655115105184,0.012757868104038533,0.015406649345773212,0.0002776163785140569,0.0006338732126225027,0.011131119016888054,0.03407280358202485,0.006518585588340968
10.580000000001226,6,4,95.45504422952108,15.118386222271532,0.15838226616834897,0.32594926669434265,1,31.284755723662187,5.472339207797423,0.17492031122552207,0.17492031122552207,1,31.26017576644876,2.9029826377691608,0.09286520522014798,0.09286520522014798,2,16.538246538552848,1.7926595408198298,0.10839477671595368,0.11787789371641319,2,16.371866200857284,4.950404835885119,0.30237266632596227,0.32594926669434265,-0.037470292740986844,0.0016332762815771875,0.2681953142315461,0.012760462048310939,0.015410758275694063,0.0002746347247903489,0.0005986549777426667,0.008851967915886463,0.03701681570699877,0.007803943018727497
10.590000000001229,6,4,95.36202464336101,15.071405007258809,0.15804409631216929,0.31753571566324995,1,31.2885165898428,5.475410754695832,0.1749974543846964,0.1749974543846964,1,31.258124879679634,2.9038344935918357,0.09289855052948388,0.09289855052948388,2,16.5395822219973,1.785056385602792,0.10792632858819759,0.11739146617827699,2,16.275800951841273,4.907103373368349,0.3014968902536997,0.31753571566324995,-0.03746776807757054,0.001633189676122537,0.26819415332335184,0.012763093407543167,0.015415607778224438,0.00027713874179165763,0.0005022709365511467,-0.008021793729094395,0.055834976212333826,0.021371576657098382
10.600000000001232,6,4,98.28231435850076,13.145230258631303,0.13374970201334427,0.36770649899255875,1,31.306003475211597,5.460789044397003,0.17443264671969097,0.17443264671969097,1,31.228684615113153,2.961339657546646,0.09482755018485482,0.09482755018485482,2,16.54059943230789,1.8647150830455979,0.11273564121281766,0.12494086630542733,2,19.207026835868113,2.8583864736420566,0.14881983026671103,0.36770649899255875,-0.03746520739483762,0.0016332225741360316,0.26819304230804325,0.012765768416607043,0.01542093163429576,0.00028363295122338974,0.0003964605798489353,0.05147758343730069,0.058589569655212725,0.02223382115471317
10.610000000001236,6,4,95.69656922695995,15.359659047815093,0.16050375861842203,0.36483152734722596,1,31.29069130036246,5.488484562026185,0.17540310980481943,0.17540310980481943,1,31.25389068952181,2.909082815250534,0.09307906155267363,0.09307906155267363,2,16.541721225901092,1.8217274419011482,0.1101292554156142,0.11920705865825867,2,16.610266011174588,5.140364228637226,0.3094691093555658,0.36483152734722596,-0.03746269642197482,0.0016331218261245038,0.26819189009824224,0.012768383416232307,0.015425930381488815,0.0002967186420453328,0.0010695492894565507,0.05478701176248063,0.061964939564633406,0.02529588467913466
10.62000000000124,6,4,98.2530841639182,13.11299651941874,0.13346142394412763,0.37385783401390726,1,31.31360913988451,5.466771564521764,0.1745813310787824,0.1745813310787824,1,31.224618539854504,2.9619652186843215,0.09485993287327837,0.09485993287327837,2,16.54196732374522,1.8623998729642142,0.11258635907778795,0.12440599126090762,2,19.17288916043397,2.8218598632484397,0.14717968896788677,0.37385783401390726,-0.03746019744007412,0.0016328525743917466,0.2681906091875357,0.012770983386359487,0.015429537002709185,0.0002873595726932813,0.00039331738993603584,0.039521181687453874,0.0442013864709989,0.013999540067275069
10.630000000001242,6,4,98.22609599100073,13.089455156863592,0.13325842816824177,0.38050181153226603,1,31.317430863389312,5.469755163994017,0.17465529621040107,0.17465529621040107,1,31.222501757781437,2.9627650697310517,0.09489198183783129,0.09489198183783129,2,16.54291525718185,1.86248869140521,0.1125852766849325,0.12414490735644539,2,19.143248112648134,2.794446231733313,0.14597555311875182,0.38050181153226603,-0.03745767992688928,0.001632704608092849,0.268189408005023,0.012773605847608253,0.015434004030360186,0.00029128938630724495,0.00042029625723743943,0.031068561592342704,0.03459929481514991,0.007586935949134092
10.640000000001246,6,4,98.15806294299242,13.032243091778637,0.1327679326694478,0.39836102685535374,1,31.321494308198705,5.472455060410971,0.17471883705684194,0.17471883705684194,1,31.22010620817464,2.9648296943268178,0.09496539424169255,0.09496539424169255,2,16.54437116566266,1.8660372796053557,0.11278985831013387,0.123883995757162,2,19.072091260956405,2.7289210574354925,0.14308452178089281,0.39836102685535374,-0.03745513260048975,0.0016326647380154524,0.2681882558367303,0.012776264511840095,0.015438943143265407,0.0003005751039138829,0.0004980320036890012,0.012642664437033008,0.03147023933027658,0.006977895310534686
10.65000000000125,6,4,98.15105270575005,13.027770867234171,0.13273185063323276,0.4001931754967924,1,31.32529485907665,5.475469233924433,0.17479386095348726,0.17479386095348726,1,31.218166122277434,2.964846016129764,0.09497181879668568,0.09497181879668568,2,16.545074709765032,1.8648649159357595,0.11271420338979199,0.12361970725402903,2,19.062517014630934,2.7225907012442154,0.14282430274840213,0.4001931754967924,-0.037452626205024854,0.0016324624601942595,0.2681870256052594,0.012778873378249123,0.01544313784878057,0.0003049735113860626,0.0005568821077321189,0.008303853173097406,0.03624681566616323,0.009752539204779911
10.660000000001252,6,4,98.3560495972742,13.222769231424946,0.13443778278577181,0.35702762628465823,1,31.323283167244703,5.486036271109147,0.1751424409062582,0.1751424409062582,1,31.21735141025127,2.9693155663559545,0.09511747256626261,0.09511747256626261,2,16.54706259909932,1.8561170879372766,0.11217199891649093,0.12410723009120375,2,19.2683524206789,2.911300306022568,0.15109233225868055,0.35702762628465823,-0.03745003747293152,0.001632643986957897,0.26818600388610664,0.012781582586498415,0.015449429819570572,0.00028436447509466896,0.0005169735648827357,0.06940005209130337,0.08028532689014586,0.03500877027199315
10.670000000001256,6,4,95.5737932415196,15.189553857851395,0.15893011402683013,0.3351832514057318,1,31.31322199153353,5.506730575494278,0.1758595962109293,0.1758595962109293,1,31.242811437306596,2.912506571072235,0.09322165442494244,0.09322165442494244,2,16.546393584671762,1.782795316821786,0.10774525020807742,0.11643566887938979,2,16.471366228007703,4.987521394463097,0.30279949613301527,0.3351832514057318,-0.03744768971214582,0.0016318870666924144,0.26818452835278217,0.01278399987378444,0.015451284370186566,0.000269592278400649,0.0006856029932291287,0.024179113238738458,0.029287580119813778,0.006126297547060378
10.68000000000126,6,4,95.3373128941615,15.067894537886659,0.15804824030035594,0.31408270387571624,1,31.317302102326178,5.509542871996544,0.1759264847908884,0.1759264847908884,1,31.24071766706639,2.913737629436458,0.09326730776444636,0.09326730776444636,2,16.549244324776055,1.7692265651634669,0.10690678863896755,0.11558503636416409,2,16.23004879999288,4.875387471290189,0.30039265632351814,0.31408270387571624,-0.03744510238470533,0.001632054827981837,0.26818348855699153,0.012786708617129343,0.015457311136845318,0.0002800267030978206,0.0004580568053927532,-0.01779783294847044,0.06655653569407757,0.02929102541688419
10.690000000001262,6,4,98.3016254513782,13.158917393574265,0.13386266334001679,0.3678425087339212,1,31.33483080257407,5.494897868897797,0.17536070015882793,0.17536070015882793,1,31.21144260189773,2.9707229480950352,0.09518057162517725,0.09518057162517725,2,16.549966250281752,1.8530044201524238,0.11196424162622554,0.12315426901055684,2,19.205385796624643,2.8402921564290096,0.14789039837607387,0.3678425087339212,-0.03744254357772997,0.0016320445188068944,0.26818234214823433,0.012789381820865262,0.015462308760099247,0.00028490079387708846,0.0003885653995986925,0.04882360242837286,0.05543106362273195,0.020473437168084616
10.700000000001266,6,4,95.72491188167652,15.375237267682868,0.16061897541037035,0.3647784263334981,1,31.319487589486513,5.522614344606016,0.1763315676486315,0.1763315676486315,1,31.236794425402095,2.9188856225168776,0.09344382726235213,0.09344382726235213,2,16.55132288534212,1.8068791839978182,0.10916826386113182,0.11740967369811012,2,16.617306981445783,5.126858116562157,0.3085252094269306,0.3647784263334981,-0.037440042900954394,0.0016318998811111847,0.2681811673526532,0.012791984919302323,0.015467144663536329,0.0002948772450856411,0.0010516324014675552,0.053924961472803734,0.060910657123105186,0.024842210345682254
10.71000000000127,6,4,95.65025219317795,15.302721569014968,0.15998621245774824,0.3528240324126941,1,31.32336469650827,5.525579111056314,0.17640439220350648,0.17640439220350648,1,31.234980592804224,2.9196236546823493,0.09347288198267552,0.09347288198267552,2,16.552606715056996,1.796978090987587,0.1085616375669081,0.11674888538704399,2,16.539300188808454,5.060540712288718,0.3059706671091805,0.3528240324126941,-0.03743749422235148,0.0016318496943124145,0.26818000138366105,0.012794645993761178,0.015471957916920546,0.00029050028476155186,0.0009146840640772329,0.03920348303515038,0.04382174041733167,0.013883293118885762
10.720000000001273,6,4,95.64099087075556,15.281584240892135,0.15978069760426156,0.3490716871574573,1,31.327135473264015,5.528617045466957,0.17648013333952373,0.17648013333952373,1,31.233245380519634,2.920177511541589,0.093495807943254,0.093495807943254,2,16.553404472404235,1.7906343476879159,0.10817317674276837,0.11625914289005981,2,16.52720554456767,5.042155336195673,0.30508214607719814,0.3490716871574573,-0.037434990035678795,0.0016316332671872519,0.2681787606069574,0.012797252901616811,0.015476084417329734,0.0002844527232752304,0.0008569603737864386,0.03590201701348419,0.03973916999674737,0.011929871245805117
10.730000000001276,6,4,95.5753469582356,15.227928972832224,0.15932904726452635,0.33956881756641427,1,31.330952870990647,5.531658023898969,0.1765556906831498,0.1765556906831498,1,31.23143667288964,2.920977761667945,0.09352684579520133,0.09352684579520133,2,16.554784072363155,1.7825554436800228,0.10767615185364163,0.11567519957588375,2,16.458173341992158,4.9927377435852875,0.3033591662840603,0.33956881756641427,-0.037432456780697926,0.0016315308158471817,0.2681775750803569,0.012799895089447996,0.01548074667864735,0.00028207560575804064,0.0007492954527830476,0.023233249878229993,0.025744395722739843,0.00609172651269015
10.74000000000128,6,4,98.16418801855515,13.041087375002359,0.13284974529140212,0.40279977694668656,1,31.354316516247028,5.509528301305295,0.17571833525538325,0.17571833525538325,1,31.201452133932406,2.974638869087176,0.09533655216810173,0.09533655216810173,2,16.55568207328352,1.8548185448559957,0.11203516331406127,0.12165240660969175,2,19.0527372950922,2.7021016597538914,0.1418222283708245,0.40279977694668656,-0.03742995592769206,0.0016312612973881616,0.268176293605678,0.012802497911361009,0.015484434078970715,0.00030898497177283673,0.0005972026907622616,0.003647342952297088,0.04150109637657115,0.013146309476585799
10.750000000001283,6,4,98.38261362484485,13.24488966703818,0.13462632450022052,0.3558287398547306,1,31.352240079428782,5.520185734942009,0.17606989870443043,0.17606989870443043,1,31.200851343080004,2.9786590762883507,0.09546723720886494,0.09546723720886494,2,16.55771447947351,1.8444601656476753,0.11139581902648704,0.122117517184544,2,19.271807722862548,2.9015846901601456,0.15056110624837415,0.3558287398547306,-0.03742738457645718,0.0016313776304220811,0.26817524091885403,0.012805186588389273,0.01549048280630534,0.0002834895482038857,0.0005015410746145794,0.068279178564676,0.07884138560698334,0.03438284327114881
10.760000000001286,6,4,98.3503987302071,13.206237540824102,0.13427741739056082,0.36213570987920535,1,31.356246964235545,5.5229893288217555,0.17613681047738886,0.17613681047738886,1,31.198873875468227,2.9796104766526654,0.09550378287837955,0.09550378287837955,2,16.558781466812842,1.8440411100474918,0.11136333393512828,0.12173466689608764,2,19.236496423690497,2.8595966253021885,0.1486547530443477,0.36213570987920535,-0.037424834735452356,0.001631301228611684,0.26817405357339175,0.012807848828272524,0.015495112035450025,0.0002845793486408716,0.00042380125045209544,0.05723036252944219,0.06554406157161113,0.026510901522769872
10.77000000000129,6,4,98.35038595294614,13.204155207739966,0.13425626223833265,0.3617143638182492,1,31.360044712320615,5.526036696615162,0.17621265362686533,0.17621265362686533,1,31.19714361803366,2.979386334229518,0.09550189500385123,0.09550189500385123,2,16.559626231966458,1.8418499003353297,0.1112253304835981,0.1213956628670273,2,19.23357139062541,2.8568822765599564,0.14853623482284847,0.3617143638182492,-0.03742233590374071,0.001631056764657936,0.2681727988672134,0.012810449269391821,0.015499140987598779,0.0002831677109816596,0.0004093424220354806,0.05498053292840603,0.06245711693642112,0.02530671411672534
10.780000000001293,6,4,98.32276521087675,13.175873144851227,0.13400633227302353,0.367849271741907,1,31.363964353892836,5.528962997784633,0.17628393322346025,0.17628393322346025,1,31.195219812719753,2.980230817683019,0.09553485551872402,0.09553485551872402,2,16.560842709216654,1.8417887925272938,0.11121347052600636,0.12105257361124416,2,19.202738335047503,2.824890536856281,0.14710873457565618,0.367849271741907,-0.037419808762471134,0.0016309156984126384,0.2681715910982975,0.012813084050355297,0.015503613468788941,0.0002857600580998684,0.00038921237056695543,0.045821857985884965,0.0517508331188963,0.018553675439653493
10.790000000001296,6,4,95.30817486832329,15.023853107128787,0.15763446449253252,0.3029919311823401,1,31.35405674214642,5.5496075882142195,0.17699807185570296,0.17699807185570296,1,31.22109576852389,2.9252919706158496,0.09369600581300017,0.09369600581300017,2,16.56177356700182,1.7389674067736642,0.10499886378343173,0.1124293179160805,2,16.171248790651163,4.809986141525054,0.29744061227391283,0.3029919311823401,-0.03741732253489872,0.0016306050026061007,0.26817029769019796,0.012815669381567077,0.015507246915654494,0.00028417270954356064,0.0004115524200595611,-0.03389950728477876,0.08629387633951459,0.03985279239244702
10.8000000000013,6,4,98.22291214088357,13.087990715526965,0.1332478383124554,0.39306925227375583,1,31.372044779387654,5.534534385962201,0.17641611902831883,0.17641611902831883,1,31.191088197439903,2.983196322847783,0.0956425855989416,0.0956425855989416,2,16.5639038932488,1.8459555233208866,0.11144447198062231,0.1204103827338642,2,19.09587527080721,2.7243044833960948,0.14266455162497166,0.39306925227375583,-0.03741475394419704,0.0016306697346619864,0.2681692037110554,0.012818354936773652,0.015512862499133013,0.0002977907138354418,0.0004581172831102283,0.017455461339025192,0.02774754030961753,0.006086927841032867
10.810000000001303,6,4,98.20124080164352,13.070796245934616,0.13310214961882497,0.3987199157619058,1,31.376035949245598,5.5373773139893165,0.17648428638170452,0.17648428638170452,1,31.189244144371788,2.9837431846340756,0.09566577409900147,0.09566577409900147,2,16.564858526992637,1.8460360943829932,0.11144291340459414,0.12008962171267332,2,19.0711021810335,2.703639652928232,0.1417663031356962,0.3987199157619058,-0.03741221741660042,0.0016305414092836318,0.26816799176292855,0.01282100136033027,0.015517284931105274,0.0003047101653786233,0.0005396952138320319,0.008639732240664581,0.03555401660377614,0.009655579181322977
10.820000000001306,6,4,95.51940556070797,15.18829929322009,0.15900747292200296,0.3293060284317499,1,31.36039141824687,5.565477462881034,0.17746836729986706,0.17746836729986706,1,31.21561828231013,2.9315826237670137,0.0939139695153288,0.0939139695153288,2,16.566509552969386,1.7623769454027656,0.10638191103369005,0.11326000682486767,2,16.376886307181586,4.928862261169276,0.3009645526456316,0.3293060284317499,-0.037409670732961524,0.0016305172192080345,0.26816685608588847,0.012823660166795137,0.015522539655419554,0.0002809802839533579,0.0006256094623047547,0.007099814173237431,0.03771862670842359,0.010385475381843066
10.83000000000131,6,4,98.38654139385265,13.242140741776419,0.13459300991958448,0.3593598376837745,1,31.378014810373905,5.5508314835354104,0.17690193331479487,0.17690193331479487,1,31.18682044021274,2.9887418746323644,0.09583349095692478,0.09583349095692478,2,16.568023250927016,1.8360878625206616,0.110821178526408,0.12023350836958299,2,19.25368289233899,2.866479521087983,0.14887954357181973,0.3593598376837745,-0.03740708961246439,0.0016305767853932326,0.2681657406146284,0.012826360587335554,0.015527929742102691,0.0002854283664532203,0.0004579487790867234,0.06197919842791613,0.07145275313676122,0.029738838002954637
10.840000000001313,6,4,98.37214344373689,13.223381850471778,0.13442201610697624,0.3618428602073492,1,31.381984175346027,5.553704307796991,0.17697110153283527,0.17697110153283527,1,31.18506814831156,2.9889631539167136,0.09584597153040192,0.09584597153040192,2,16.568879903927726,1.834546018385192,0.11072239216063753,0.11984837830595657,2,19.236211216151577,2.8461683703728813,0.14795888537463717,0.3618428602073492,-0.03740455203110966,0.0016304302788079127,0.26816451431473404,0.01282900797879113,0.015532240266445065,0.0002849468258801586,0.0004127009217778122,0.05537700403416964,0.06315868013312478,0.025389819214422765
10.850000000001316,6,4,95.78119326997555,15.422564091814252,0.16101870905223678,0.36819507099722115,1,31.366862239339284,5.5811837838333345,0.1779324862412791,0.1779324862412791,1,31.210351927901804,2.937703551190858,0.09412593481730575,0.09412593481730575,2,16.570528656809362,1.7877941954749708,0.10788999147231847,0.11429600152941194,2,16.633450445925092,5.115882561315088,0.3075659243370272,0.36819507099722115,-0.037402010963801476,0.001630377513009965,0.2681633643230785,0.012831659860180164,0.015537383326465424,0.00030014630804547655,0.001070346395995775,0.05442796520462096,0.061673259480866285,0.02504877000405719
10.86000000000132,6,4,98.32484025550363,13.174090712905905,0.13398537621492346,0.37207362596722177,1,31.38999631890691,5.559381317520391,0.1771067846278099,0.1771067846278099,1,31.181465934505876,2.9900365026105877,0.09589146670945219,0.09589146670945219,2,16.571049363785907,1.8337141947470994,0.11065769912884743,0.1191256408931749,2,19.18232863830494,2.7909586980278256,0.1454963446124365,0.37207362596722177,-0.03739949306344169,0.0016301149115079687,0.26816206660841363,0.01283428355042334,0.015540950509154107,0.0002897197343205893,0.0003967101897989927,0.03820737280503948,0.0427201032945752,0.013139543219223483
10.870000000001323,6,4,95.65842445483001,15.30022053456613,0.1599463990941112,0.34725253105832316,1,31.3747674075262,5.587009129203439,0.1780733242300698,0.1780733242300698,1,31.2071239315539,2.9391913420038907,0.09418334571459944,0.09418334571459944,2,16.57297835145333,1.768996019614588,0.10673977737136547,0.11293491094219765,2,16.50355476429658,5.005024043744212,0.3032694540797943,0.34725253105832316,-0.03739690705408753,0.0016301998089991946,0.2681609704404058,0.012836989448402357,0.015546602426882463,0.0002882320380441989,0.0008239148954219644,0.02969754464137872,0.03301825852878207,0.006733246391840253
10.880000000001326,6,4,95.68940047407375,15.304975950387204,0.15994431854063043,0.34773444609162735,1,31.378571275942765,5.590028926374425,0.1781479748461388,0.1781479748461388,1,31.205647885364638,2.9396971652090618,0.09420400999229923,0.09420400999229923,2,16.57358054356758,1.7644478865947844,0.10646147837255296,0.11250734404946966,2,16.531600769198775,5.010801972208933,0.3031044629111127,0.34773444609162735,-0.037394435557832374,0.00162984810307368,0.2681596661996944,0.012839557375626753,0.015550221621656438,0.0002805377749722557,0.0008082596563066678,0.03315756857652288,0.036534158098181974,0.010269510415322576
10.89000000000133,6,4,95.58024551298067,15.218530541043778,0.1592225512642878,0.3324945950104322,1,31.382631465947902,5.592853647465743,0.17821493565746185,0.17821493565746185,1,31.204011957118706,2.940595130440226,0.09423772604885748,0.09423772604885748,2,16.575220382575232,1.753497757261668,0.10579031329834018,0.11174996052728088,2,16.41838170733882,4.931584005876141,0.3003696767307939,0.3324945950104322,-0.037391870195410314,0.0016298279790770756,0.2681585062154349,0.012842238936212417,0.015555191275874068,0.00028031372446118437,0.0006472250569999421,0.012366706800506598,0.03221430673847615,0.006163042004769263
10.900000000001333,6,4,95.56437198697101,15.191958596150743,0.15897094576441076,0.32758039541464046,1,31.386547038417707,5.595782254762995,0.1782860104972253,0.1782860104972253,1,31.202501130359817,2.9412440088490537,0.09426308476237001,0.09426308476237001,2,16.576041531337104,1.7465010841777158,0.10536297709413585,0.11120999190771304,2,16.399282286856383,4.908431248360977,0.2993076869159672,0.32758039541464046,-0.03738935500292537,0.0016296132888083748,0.2681572543638105,0.01284485980021675,0.015559296638865745,0.00027706751363369827,0.000587784163022327,0.00757704674169527,0.03819351554890377,0.008658186822572923
10.910000000001336,6,4,95.39713049727764,15.10279288810371,0.15831495988796748,0.31183722717527773,1,31.390745465960997,5.598484027848054,0.17834823432017088,0.17834823432017088,1,31.200796716215542,2.942273394960043,0.09430122639884056,0.09430122639884056,2,16.57807676940321,1.7336920449178599,0.10457739272372006,0.1103441904009369,2,16.227511545697897,4.828343420377753,0.2975405937491262,0.31183722717527773,-0.037386751570336406,0.0016297110911121738,0.2681561409395668,0.0128475871307227,0.015564723194603702,0.00028363615618908915,0.00042739428617560345,-0.023440417806678902,0.0733306006024615,0.03307726105238561
10.92000000000134,6,4,98.37103643317045,13.218151523127592,0.13437035943102524,0.36616861188285554,1,31.408421473811668,5.5837838187318205,0.17777982963542366,0.17777982963542366,1,31.171850632353255,2.9983444696469546,0.0961875669497458,0.0961875669497458,2,16.578864637490334,1.8262464670548035,0.11015509849359963,0.1178711796932886,2,19.211899689515196,2.8097767676940135,0.14625189664234173,0.36616861188285554,-0.03738420402043656,0.0016296089979186113,0.2681549413180349,0.012850246678875939,0.0155693685788491,0.0002868646788703522,0.0003900280955192503,0.04657090716390959,0.0526115583981208,0.019157472275920327
10.930000000001343,6,4,95.3576712989852,15.056794648794938,0.1578980950739217,0.3031841160529473,1,31.39862409123209,5.604320823230604,0.17848937606140464,0.17848937606140464,1,31.197811963392933,2.9436542788268905,0.09435451057532279,0.09435451057532279,2,16.579782500391318,1.7200625730761483,0.10374458006524219,0.10928966928920665,2,16.181452743968848,4.788756973661295,0.29594110302897003,0.3031841160529473,-0.03738170371607358,0.0016293092581098451,0.268153640834596,0.012852849349692436,0.01557300809035658,0.00028561297898502204,0.00041211393817043666,-0.034492888478121236,0.08703367979023952,0.04028436764771842
10.940000000001346,6,4,98.26606104957709,13.126481664778234,0.13358103016010456,0.39248605382466645,1,31.416750861245266,5.58915075498508,0.1779035260415705,0.1779035260415705,1,31.168004772465068,3.001211719913628,0.09629142904152165,0.09629142904152165,2,16.581848320799864,1.8308723236943836,0.11041424865753852,0.11719406085143472,2,19.099457095066896,2.7052468661851425,0.14163998760382918,0.39248605382466645,-0.03737912982753534,0.0016293605996464933,0.2681525314348236,0.012855541382943632,0.015578549522127144,0.000299381074926036,0.0004682615409878879,0.016555383257136184,0.028312715221526542,0.006129675246765121
10.95000000000135,6,4,98.24507585017068,13.110950670749398,0.13345147893971138,0.3979505931537982,1,31.420829359992933,5.59193958148408,0.17796919099163264,0.17796919099163264,1,31.16632983489997,3.001647920935107,0.09631059983116363,0.09631059983116363,2,16.58275602059615,1.8310100212821268,0.11041650851088756,0.11687122053462429,2,19.075160634681623,2.686353147048084,0.14082990956122665,0.3979505931537982,-0.03737659573303729,0.0016292031857076904,0.26815130086728667,0.012858185366943237,0.015582868650617226,0.00030643943936067294,0.0005545730796802875,0.007809105037175365,0.03662135347018583,0.010190917627997882
10.960000000001353,6,4,98.44803062664238,13.302063868167957,0.13511762280563186,0.35500623977520634,1,31.41901071749841,5.602331701403501,0.178310251451786,0.178310251451786,1,31.16585974146053,3.0059923423436037,0.09645144935131296,0.09645144935131296,2,16.58476500749982,1.8216391872584348,0.10983810662585022,0.11741524122866129,2,19.278395160183624,2.8721006371624176,0.14898027627809354,0.35500623977520634,-0.037373990866485844,0.001629382292542214,0.26815025606352944,0.0128609148104418,0.015589076033306523,0.0002864008773822656,0.0005038794851756273,0.06781261924595028,0.07845197566725916,0.03393451630124632
10.970000000001356,6,4,95.50957417254907,15.165291414658231,0.1587829444958092,0.31992694382246034,1,31.409344688226874,5.622718825673902,0.1790142036227027,0.1790142036227027,1,31.191379468575665,2.950742083025282,0.09460120498992557,0.09460120498992557,2,16.58526854200932,1.7322856950506806,0.10444725032114631,0.10941464947457949,2,16.3235814737372,4.859544810908366,0.29770089478995926,0.31992694382246034,-0.03737148705070708,0.0016290750376939972,0.268148942125584,0.012863522216284798,0.015592580192783822,0.000280252353628285,0.0005053396133793558,-0.006809478272286212,0.05439303493665634,0.020120490770348366
10.98000000000136,6,4,98.39854943579178,13.2458031721012,0.13461380526492936,0.3646823001826732,1,31.427155325394022,5.607935519225198,0.17844235220022694,0.17844235220022694,1,31.162507252428075,3.0071419420139263,0.09649871615447823,0.09649871615447823,2,16.58670426964519,1.8201600158079785,0.10973608657983953,0.11663339037415162,2,19.22218258832449,2.810565695054096,0.1462147017977671,0.3646823001826732,-0.03736890743095686,0.001629099339054304,0.2681478027031181,0.01286622098499914,0.015597829844877375,0.00028660063205596125,0.00039361313975578286,0.04983203642898502,0.05669426128941034,0.021206561397474885
10.990000000001363,6,4,95.82707828574159,15.449475477056204,0.1612224410201493,0.367695682454575,1,31.411985280605855,5.6354453599953205,0.17940430411046682,0.17940430411046682,1,31.18807108464951,2.9562553451842715,0.09478801485223348,0.09478801485223348,2,16.58812524764856,1.766711697154852,0.1065046031892779,0.11115089389266193,2,16.63889667283767,5.09106307472176,0.30597359757830067,0.367695682454575,-0.037366393376121174,0.0016289499479030518,0.2681466094160153,0.012868841225264072,0.015602632312582168,0.0002956521057750625,0.0010336015573674036,0.052765691123442544,0.05959991518954206,0.02403800131289706
11.000000000001366,6,4,95.75175905198607,15.373416605112808,0.16055492616867945,0.35462935992036054,1,31.41603485541876,5.638292078548153,0.17947179217544182,0.17947179217544182,1,31.186611008006196,2.957095235373688,0.09481938369688664,0.09481938369688664,2,16.589374830717258,1.7563320917393193,0.1058709028918471,0.11041862076056967,2,16.55973835784386,5.021697199451648,0.30324737570947297,0.35462935992036054,-0.03736384347571729,0.0016288615990438075,0.26814541257709434,0.01287150495075359,0.015607294067148853,0.000290051621841202,0.000888371667718293,0.03770106766623886,0.04205247828558062,0.012904304978678291
11.01000000000137,6,4,95.74361540108653,15.35245918305309,0.1603496913996718,0.35053131658415665,1,31.41994728561054,5.641252351059102,0.17954366058540902,0.17954366058540902,1,31.185228577119304,2.957790406943584,0.09484587870276903,0.09484587870276903,2,16.590155586064345,1.7498896501976569,0.10547759128115448,0.1098953258267774,2,16.548283952292344,5.003526774852747,0.30235925303660477,0.35053131658415665,-0.03736134846072244,0.0016285866342158155,0.2681441365763552,0.012874102673660213,0.015611230440874271,0.00028328498493718793,0.0008287912594391088,0.03451511572219619,0.038121350607552534,0.011062215598227957
11.020000000001373,6,4,95.62649934307845,15.256017216562189,0.15953754786974156,0.33354528734783584,1,31.424112515744,5.64399778230655,0.17960722930452894,0.17960722930452894,1,31.18373685053103,2.958717242824601,0.0948801375860192,0.0948801375860192,2,16.591613727333435,1.7374825848378999,0.1047205301058527,0.10905758978899352,2,16.427036249469978,4.915819606593137,0.29925176592653757,0.33354528734783584,-0.03735876098905365,0.0016286093605799475,0.26814298003760806,0.012876811653805996,0.015616276922967905,0.000282439482156436,0.0006482155490908343,0.01199267350926225,0.03261684329060054,0.006197831720850399
11.030000000001376,6,4,95.60940001147218,15.226619779058097,0.1592586061331946,0.32812723132001564,1,31.428112846149002,5.646872477697474,0.17967583689611846,0.17967583689611846,1,31.182372302531117,2.9593867657596555,0.09490576076277038,0.09490576076277038,2,16.592263096239513,1.7297607154043118,0.10425104190858367,0.10847473742005849,2,16.406651766552546,4.890599820196657,0.2980864035992334,0.32812723132001564,-0.03735623077210516,0.0016284099379617648,0.26814172035527606,0.012879451282308782,0.015620367293851566,0.0002785864649740365,0.0005824135211415386,0.006840232250612015,0.03910981411238333,0.009202467449301859
11.04000000000138,6,4,95.44275551133455,15.136021521018765,0.15858743222497645,0.31171294663746435,1,31.432383453568654,5.649530566697447,0.1797359902739425,0.1797359902739425,1,31.180812263341736,2.9604511375972673,0.09494464456520182,0.09494464456520182,2,16.594176132235283,1.7167629627113556,0.10345575152576754,0.1075811188889038,2,16.235383662188887,4.809276854012696,0.29622194055156065,0.31171294663746435,-0.037353619929497005,0.0016285029855156417,0.26814059391658385,0.012882187865637374,0.01562573732076992,0.0002847789790687721,0.00042413244669356167,-0.024144840050884617,0.07428769264641483,0.03356663362915275
11.050000000001383,6,4,98.41201393512239,13.257396391162901,0.13471319060600437,0.3654061467969685,1,31.45014524208335,5.634814822543846,0.1791665755172385,0.1791665755172385,1,31.152043194119422,3.015985872984912,0.0968150260382998,0.0968150260382998,2,16.59487723424579,1.8125880657432833,0.10922575926037953,0.11504928672420987,2,19.21494826467382,2.79400762989086,0.14540802251482354,0.3654061467969685,-0.037351071138905706,0.0016283837112069518,0.2681393793899764,0.012884849477051857,0.015630310148062317,0.0002878385683486036,0.0003914163380168395,0.04592635534157282,0.05183965810345396,0.0187330402180855
11.060000000001386,6,4,95.40468141838248,15.090035885210987,0.15816871521257922,0.30270039141723987,1,31.440372001422933,5.655332930408724,0.17987487330470434,0.17987487330470434,1,31.178113148950793,2.961959297951791,0.09500123640584925,0.09500123640584925,2,16.595723241765903,1.7030794835742864,0.10262158863243773,0.10651659552846508,2,16.19047302624285,4.769664173276187,0.2945969623954237,0.30270039141723987,-0.0373485739980097,0.0016280598249867914,0.2681380636399556,0.01288744923616746,0.015633872435608532,0.0002865603758514346,0.0004154101726084907,-0.03495732361827718,0.08775911074718191,0.04058653282629533
11.07000000000139,6,4,98.30818261422498,13.168669813154263,0.13395293721205245,0.39151288475919405,1,31.458566127210766,5.640165015512203,0.17928868698925282,0.17928868698925282,1,31.148487457556342,3.0187986849223623,0.09691638122190838,0.09691638122190838,2,16.597716602839828,1.8174154494032524,0.10949792027972674,0.11439323708057517,2,19.103412426618043,2.692290663316447,0.1409324472084946,0.39151288475919405,-0.03734600611607684,0.0016280832199913363,0.26813693891568374,0.012890134783532646,0.01563933237694299,0.00030038356041552,0.00047812803692092256,0.016146348398078665,0.02863181834000901,0.006173218080308464
11.080000000001393,6,4,95.61649240581227,15.268204769132115,0.15968170746455873,0.3323236023777857,1,31.443202576346646,5.667940803916593,0.18025965358186313,0.18025965358186313,1,31.174863861892636,2.96777654802796,0.09519773883136969,0.09519773883136969,2,16.59929408088888,1.7310035991081731,0.10428175985514436,0.10789600511544849,2,16.39913188668411,4.901483818079389,0.2988867857120737,0.3323236023777857,-0.037343416863580337,0.0016281576338711113,0.2681358263564117,0.012892846038343583,0.01564489674103143,0.00028498780648576077,0.0006382669797074761,0.007495399630664859,0.03713633781155223,0.010385390688341207
11.090000000001396,6,4,95.57827743324435,15.228402813931073,0.15932911978422284,0.32505487827004076,1,31.44723837596188,5.6708131831018465,0.1803278594865929,0.1803278594865929,1,31.173539272887048,2.9685400806157154,0.0952262768314402,0.0952262768314402,2,16.600063282741555,1.7223470548690027,0.10375545114093995,0.10726564670413477,2,16.35743650165387,4.866702495344509,0.2975223223304242,0.32505487827004076,-0.03734087096967529,0.0016280118321996622,0.26813458931101297,0.012895504982551025,0.015649218452972076,0.0002823086360419757,0.0005507579601484358,-0.0014987934069369477,0.04794419450052846,0.01657313229491201
11.1000000000014,6,4,95.52505956663612,15.183550582575538,0.15894834979907904,0.3168554793552147,1,31.45132350670923,5.673641674436283,0.18039436951599114,0.18039436951599114,1,31.172201923573134,2.969342017345843,0.09525608824894588,0.09525608824894588,2,16.60094410079463,1.7132170849977566,0.1031999791455084,0.1066052474180551,2,16.30059003555913,4.827349805795656,0.2961457097727734,0.3168554793552147,-0.037338311691406396,0.0016279000858734306,0.26813336386950204,0.012898179756126149,0.015653661958129655,0.00028217070658352237,0.0004683532658360636,-0.013154387700854708,0.06182609454278297,0.024927039893901794
11.110000000001403,6,4,95.44846509578952,15.133594904955764,0.15855252245039347,0.3078854305886963,1,31.45549181501396,5.676388595434684,0.1804577918799317,0.1804577918799317,1,31.1708502458174,2.9701796104215963,0.09528708992531071,0.09528708992531071,2,16.602016627518537,1.7033185536454059,0.10259708756236782,0.10589782763827518,2,16.22010640743961,4.783708145454079,0.2949245846661003,0.3078854305886963,-0.037335744119877806,0.001627815455307377,0.26813215078717684,0.01290086437186593,0.015658237321784892,0.00028542751636751585,0.0004091711158828121,-0.029011622459203038,0.08042458395439382,0.03670992975138809
11.120000000001406,6,4,98.38844835054199,13.238383682905551,0.1345522152736808,0.37537315673318494,1,31.473494137407897,5.66145870123793,0.17988020893139378,0.17988020893139378,1,31.141801846755207,3.0260424585213146,0.09716979362376267,0.09716979362376267,2,16.603136812962234,1.8081316650061534,0.10890301545877325,0.11350053163116164,2,19.170015553416658,2.7427508581401545,0.1430750460529134,0.37537315673318494,-0.03733317296761697,0.0016277795329537196,0.2681309750692762,0.012903553303862109,0.01566321567689978,0.00029336732634801046,0.0004086945963551111,0.03289188878887482,0.03688649959835948,0.00881855338407339
11.13000000000141,6,4,98.3099072767964,13.172923343116876,0.13399385380384768,0.39574301686879704,1,31.477941775798023,5.663875699389763,0.17993157683976857,0.17993157683976857,1,31.139890017582378,3.0282094518591802,0.09724534833454376,0.09724534833454376,2,16.604594351725346,1.8127872432614986,0.10917383495569322,0.1131556550836011,2,19.087481131690648,2.6680509486064343,0.1397801485800403,0.39574301686879704,-0.03733058601235836,0.0016277709738122348,0.26812979925755803,0.012906261267908623,0.01566815705162039,0.0003046576524487581,0.0005108231369746215,0.010762393739291817,0.03347817466128321,0.008341483606715827
11.140000000001413,6,4,95.63160638347688,15.276906592245743,0.15974746393975944,0.33149968699372573,1,31.462532094501203,5.691706186941123,0.1809042631993335,0.1809042631993335,1,31.16643915106856,2.9767005720505897,0.09550980648196802,0.09550980648196802,2,16.605963290010003,1.7218895735437352,0.10369103818142296,0.10664130748977763,2,16.396671847897117,4.886610259710295,0.2980245201612061,0.33149968699372573,-0.03732799956363675,0.0016277958945911121,0.26812865509543743,0.012908968428566158,0.01567347293358745,0.0002848702667468132,0.0006175885300110103,0.005802437459045002,0.039336572751745805,0.01142564615321543
11.150000000001416,6,4,95.59842060085846,15.241580872441764,0.15943339624906833,0.3247611610520932,1,31.466588906055673,5.694573591269793,0.18097206558585338,0.18097206558585338,1,31.165174725643475,2.9774837741360023,0.09553881216286124,0.09553881216286124,2,16.606757053456928,1.7138788284871806,0.10320370334618781,0.1060326241932058,2,16.359899915702382,4.855644678548789,0.2968016126974161,0.3247611610520932,-0.037325464532311,0.0016276030127861563,0.2681273984041646,0.012911614036893405,0.015677659792194223,0.00028184135682079466,0.0005410252402846035,-0.002088720760556006,0.04884801947615566,0.01688589546311748
11.16000000000142,6,4,95.54669956048838,15.198498470746854,0.15906879610347022,0.3166405182276471,1,31.47069488162532,5.697393422489627,0.18103805600479905,0.18103805600479905,1,31.16390138580446,2.978325989335438,0.09556974117149857,0.09556974117149857,2,16.60766574004693,1.705175807095761,0.102674020165518,0.10539165164688305,2,16.30443755301166,4.817603251826028,0.29547804002206435,0.3166405182276471,-0.03732291825613355,0.001627450461081677,0.2681261592948425,0.012914273293526419,0.015682012152129332,0.00028181509513460645,0.0004646093181175897,-0.01339017963480073,0.06226830997599848,0.025032526559009234
11.170000000001423,6,4,95.47065752507777,15.149357037253786,0.15868076569258388,0.3075893140237317,1,31.474879485850977,5.700136225363334,0.18110112948727056,0.18110112948727056,1,31.162611811016724,2.9792117266923444,0.09560211912786855,0.09560211912786855,2,16.60873657749995,1.6955775981300143,0.10208949911500391,0.10470287906203045,2,16.224429650710114,4.774431487068093,0.2942742265740679,0.3075893140237317,-0.0373203633746115,0.001627331585047705,0.268124935650297,0.012916943068785009,0.01568651645324675,0.00028532081492648847,0.0004102041508050109,-0.029114327620528655,0.08067820317903203,0.03674463218048374
11.180000000001426,6,4,95.7882537468631,15.412267656889826,0.16089934886608737,0.35335899797279435,1,31.47369380315034,5.709843292524866,0.1814163703897171,0.1814163703897171,1,31.160917700888053,2.9840586055217617,0.09576286020089579,0.09576286020089579,2,16.610556984257713,1.733651707436258,0.1043704740954375,0.10691537625395454,2,16.543085258567004,4.98471405140694,0.30131707438463184,0.35335899797279435,-0.03731774208972289,0.0016275223819768375,0.2681238808542974,0.012919692577326263,0.01569272899588938,0.00029277323490093916,0.0008585363311484049,0.03280574316556485,0.036786135358029895,0.008785430337133231
11.19000000000143,6,4,95.79996428138199,15.398031613660192,0.16073107885962631,0.3507558059850699,1,31.477725841900597,5.712712990059631,0.18148429841317607,0.18148429841317607,1,31.159771086850135,2.984660473450901,0.09578569961672376,0.09578569961672376,2,16.610882204858818,1.726617617772944,0.10394496791193271,0.10636192282761825,2,16.55158514777244,4.974040532376716,0.30051747237309995,0.3507558059850699,-0.03731523735405915,0.0016272227749598337,0.2681225749887102,0.012922302441705625,0.01569645955925817,0.0002840515027589798,0.0008040556730094777,0.032383919175589956,0.035690631745764,0.009581786218374633
11.200000000001433,6,4,95.68818926978456,15.30483958147876,0.1599449179493625,0.3338167399357533,1,31.481979830805123,5.715402528567646,0.1815452064731686,0.1815452064731686,1,31.158467152887575,2.9856276898052156,0.09582074994753155,0.09582074994753155,2,16.612161468461363,1.7144807355536669,0.10320636112336465,0.10552155744276893,2,16.4355808176305,4.8893286275522305,0.29748438353376794,0.3338167399357533,-0.03731265245727512,0.0016272030993110117,0.268121390944687,0.012925008608217717,0.015701341692974647,0.0002825841008165393,0.0006303161348679164,0.01080869154546095,0.03430107018205329,0.0067931085816174755
11.210000000001436,6,4,95.67301303062726,15.277193560612378,0.15968132576447422,0.3283929604149522,1,31.48605301351336,5.718252172528597,0.1816122258980637,0.1816122258980637,1,31.157289549098518,2.9863819228396085,0.09584857880957794,0.09584857880957794,2,16.612703828871695,1.7069363107777344,0.10274885583713356,0.10494626450991443,2,16.41696663914369,4.865623154466439,0.2963777207699942,0.3283929604149522,-0.037310131736557096,0.0016269545153935732,0.2681201061497006,0.012927637689505155,0.01570528862908076,0.00027859150917199213,0.000568981030417026,0.006052431573108967,0.04033203597736504,0.00968908605832403
11.22000000000144,6,4,95.5077424360587,15.18664467317489,0.15900956598719906,0.3112699794229628,1,31.49038345520619,5.720894770377822,0.18167116886701512,0.18167116886701512,1,31.155912225795362,2.9875362938519734,0.09588986745759476,0.09588986745759476,2,16.614512608763665,1.6944089435582392,0.10198366834212691,0.10406909018305151,2,16.246934146293487,4.783804665386854,0.2944435314571773,0.3112699794229628,-0.03730753402326091,0.0016269964496737539,0.2681189561696968,0.012930359362699885,0.015710523149499795,0.0002850944846798025,0.00042085618093745854,-0.024679380947743922,0.07521079600908967,0.03389114094958084
11.230000000001443,6,4,95.48087653860665,15.156067614491485,0.15873406449471894,0.3054301758213265,1,31.4945139578926,5.723692011823255,0.18173615949354519,0.18173615949354519,1,31.154744468443237,2.9883197743143555,0.09591860967889614,0.09591860967889614,2,16.615041284508504,1.6862802997153326,0.10149118926882131,0.10347884515189305,2,16.216576827762317,4.757775528638542,0.2933896332852052,0.3054301758213265,-0.03730499552235393,0.0016267956294523536,0.26811768648754736,0.0129330098568824,0.015714611318546668,0.00028659971895628205,0.0004096801362779184,-0.031904821426607985,0.08417437927546978,0.038581565825174656
11.240000000001446,6,4,98.35989544962099,13.223116098488191,0.13443605280427476,0.39174427636776765,1,31.51291469132005,5.708377931200893,0.18114407972466015,0.18114407972466015,1,31.125340597545204,3.045041547954064,0.09783158961461197,0.09783158961461197,2,16.616798350330257,1.8013314917365992,0.10840424573731425,0.11113543256131833,2,19.10484181042548,2.668365127596636,0.13966957455468246,0.39174427636776765,-0.03730238835916186,0.0016268931110775744,0.26811657126270555,0.012935742847265536,0.01572022409568134,0.0003016072678300155,0.00046840249382897476,0.015726018890319507,0.029176664331969672,0.006214713503330876
11.25000000000145,6,4,98.33812599132031,13.20882701575087,0.13432050776437138,0.3972719359590745,1,31.51716304138648,5.71107916429414,0.18120536917598476,0.18120536917598476,1,31.12395752308319,3.045375662574193,0.09784667198300792,0.09784667198300792,2,16.617368177805957,1.8015080415805493,0.10841115285551843,0.11081308232158364,2,19.079637249044684,2.6508641473019874,0.1389368211093592,0.3972719359590745,-0.03729983413794035,0.001626737527799059,0.26811531756808177,0.012938412269885862,0.015724465778689065,0.0003093369787804587,0.000569011205497277,0.0064089535119439475,0.03853381889860413,0.011202730801081293
11.260000000001453,6,4,98.5413557744005,13.39755275647761,0.13595868101459677,0.3537040615251904,1,31.51547361116981,5.721380609407436,0.1815419523754086,0.1815419523754086,1,31.12379457728088,3.04950624834897,0.09797989897334007,0.09797989897334007,2,16.619102243908284,1.7912347354815195,0.1077816785282788,0.11145690935822457,2,19.28298534204152,2.8354311632396847,0.14704316333517956,0.3537040615251904,-0.03729722214211223,0.0016268866848313493,0.26811424152426105,0.012941150895056115,0.01573052580610753,0.0002878674018463987,0.0004893163853828665,0.06637173341350333,0.0767008840291773,0.03296400050005229
11.270000000001456,6,4,98.50859525649798,13.359737140709775,0.1356200147400693,0.35982875640392714,1,31.51977488070482,5.724020608893556,0.18160093562081814,0.18160093562081814,1,31.1223577398475,3.0502340902098,0.0980078089104552,0.0980078089104552,2,16.619786887708088,1.7907319404406632,0.10774698571887704,0.1110336996007235,2,19.246675748237568,2.7947505011657556,0.1452069197675174,0.35982875640392714,-0.03729465400103181,0.0016267770561730034,0.26811300678989197,0.012943837119618355,0.015734952438907324,0.0002881132058373624,0.0004112681058115352,0.054635905562618894,0.06245082052228982,0.02473756635045698
11.28000000000146,6,4,95.9316139110146,15.547263324178845,0.1620661082445706,0.3715032547025459,1,31.50481063374991,5.751289912612155,0.1825527529580202,0.1825527529580202,1,31.14795159374331,3.0005496393962034,0.09633216586861923,0.09633216586861923,2,16.62103455889451,1.7336578794757391,0.10430505233189571,0.1059106245125025,2,16.657817124626867,5.061765892694747,0.30386729874777213,0.3715032547025459,-0.03729209647277255,0.0016267066374979946,0.2681118224425257,0.012946510582878046,0.015739966325878332,0.00030087884362771833,0.0010396935423561797,0.05255086990402033,0.05956451378308825,0.023716872069783554
11.290000000001463,6,4,95.85158605090177,15.462771711090292,0.16131993583161808,0.3567756538702788,1,31.50904266138784,5.754023584544964,0.1826149923493589,0.1826149923493589,1,31.146783394106265,3.001426059342297,0.0963639173061524,0.0963639173061524,2,16.621925989392572,1.7217920132747169,0.10358559016406965,0.10507727915991835,2,16.57383400601509,4.985530053928315,0.30080728768726245,0.3567756538702788,-0.03728951612743873,0.0016266436629185771,0.26811060950072907,0.012949211602390527,0.015744609265578514,0.0002931084692003282,0.0008751913187139551,0.036341961997025565,0.04059144326117074,0.011885808876885874
11.300000000001466,6,4,95.84355846176842,15.439887526652177,0.16109468152532214,0.35217582402955494,1,31.513109245055933,5.756901010534518,0.1826827358026474,0.1826827358026474,1,31.145692253694175,3.002183783854266,0.09639162165349459,0.09639162165349459,2,16.622409305246443,1.7145335891451692,0.10314591330656381,0.10450214647031024,2,16.56234765777187,4.966269143118223,0.2998529704687007,0.35217582402955494,-0.03728700532867472,0.0016263557898969767,0.2681093065052214,0.012951829339714458,0.01574843635146683,0.00028481411426563557,0.0008084685244897884,0.033062794556418855,0.03653066123710709,0.010052491530240733
11.31000000000147,6,4,95.72799368172595,15.342986520212039,0.16027690469753308,0.33437367289448927,1,31.517400996003516,5.759600123245963,0.18274349855104785,0.18274349855104785,1,31.144488209158396,3.0032026524889406,0.09642806240128916,0.09642806240128916,2,16.623628779203116,1.7021920479290267,0.10239593716496743,0.10364377772121233,2,16.44247569736092,4.877991696548109,0.2966701478738415,0.33437367289448927,-0.03728441448251361,0.0016263401102984594,0.26810811829006387,0.012954543133860782,0.015753330931681946,0.0002833142932284613,0.000628829323913162,0.01075293651762765,0.034451156825426196,0.006870104204824739
11.320000000001473,6,4,95.61449975293542,15.267188948238793,0.1596744111791484,0.31989616585211444,1,31.521674532919963,5.762316350688229,0.1828048933336425,0.1828048933336425,1,31.143267606745827,3.004248411490568,0.09646542069464249,0.09646542069464249,2,16.62478512331697,1.6905836215065746,0.10169055473297271,0.10282695788707338,2,16.32477248995265,4.8100405645534225,0.2946467136074234,0.31989616585211444,-0.037281816160164814,0.00162633063995169,0.26810692685053905,0.01295726557288863,0.015758205280837365,0.00028454871761576214,0.00048483747989741196,-0.011039214511548356,0.05938421396944847,0.023628987638730153
11.330000000001476,6,4,95.525647444475,15.20607948745396,0.15918321303493502,0.3088060995250713,1,31.526010916389136,5.764948409217955,0.182863237106252,0.182863237106252,1,31.14212136916728,3.0051151524815283,0.09649680305519544,0.09649680305519544,2,16.625582566462946,1.6789777182610517,0.1009876021817051,0.102019463548822,2,16.231932592455628,4.757038207493426,0.29306665613584604,0.3088060995250713,-0.03727921368209605,0.0016263012693185873,0.26810571500650754,0.012959992631871567,0.015762881751560223,0.00028787846096495537,0.0004072765805282872,-0.029539966240766036,0.08116581059275196,0.03722907455780556
11.34000000000148,6,4,98.45486342180476,13.312138995253775,0.13521057805160228,0.37530958120745045,1,31.544201832423514,5.749915278980227,0.18228121001527545,0.18228121001527545,1,31.1133420858314,3.06034831760381,0.09836128530202007,0.09836128530202007,2,16.62641454433689,1.7872200630291106,0.1074928126123172,0.1094769665514558,2,19.170904959212965,2.714655335640627,0.14160287901985788,0.37530958120745045,-0.03727661916818472,0.001626280448364096,0.2681045246584574,0.012962709869457096,0.015767825048797906,0.00029573648893708874,0.00041272368536501635,0.031760571421584255,0.035657422271481026,0.007983207783814835
11.350000000001483,6,4,98.37716043443983,13.2493309955521,0.13467893296617026,0.39552023024961314,1,31.548759688823427,5.752293698504467,0.18233026449348164,0.18233026449348164,1,31.11163413642538,3.0623464214644147,0.09843090877309564,0.09843090877309564,2,16.62765020969526,1.7919374629754263,0.10776853255732925,0.10913236178360233,2,19.089116399495765,2.642753412607793,0.13844294085176206,0.39552023024961314,-0.03727402050000082,0.001626258897348649,0.268103327318218,0.012965432173094336,0.01577267494284864,0.00030704426329544824,0.000524571895283562,0.00968904194229773,0.03466638852030106,0.009091186325603658
11.360000000001486,6,4,95.70808932695519,15.34564469930655,0.1603380112090965,0.3319885475067996,1,31.533395917004263,5.7800569303211295,0.18329953886140934,0.18329953886140934,1,31.13833499174503,3.0117313147659592,0.09672101336068188,0.09672101336068188,2,16.628845909025777,1.6958754779589196,0.10198395530494603,0.10277477482102883,2,16.407512509180112,4.857980976260543,0.29608272268830943,0.3319885475067996,-0.03727143157027905,0.0016262530855101385,0.26810215888619593,0.012968142726443366,0.015777874029413264,0.0002855426289667673,0.0006035483282224145,0.004897984423578252,0.04069711968691664,0.012035241008992397
11.37000000000149,6,4,95.72024743854612,15.322734920179313,0.16007830454070593,0.3280236012179363,1,31.537570784313615,5.7828300344641015,0.18336320428776992,0.18336320428776992,1,31.13737832064038,3.0123543143829727,0.0967439931314365,0.0967439931314365,2,16.62889187702288,1.6877651208241256,0.10149594653124241,0.10217643930944403,2,16.416406456569252,4.839785450508113,0.2948139389282364,0.3280236012179363,-0.037268900028660915,0.0016259834648445057,0.26810084670859197,0.012970784986602103,0.01578162164496843,0.0002802276258541485,0.0005516790236019173,0.003858461097472468,0.04311537346853857,0.01127825871852475
11.380000000001493,6,4,95.56169167571551,15.235407882474028,0.15943007721310262,0.3109794391077755,1,31.541967864122636,5.785441754034027,0.18342044411929886,0.18342044411929886,1,31.13615314204479,3.0135361650366947,0.0967857574212454,0.0967857574212454,2,16.630520911486457,1.67547485528873,0.10074698587050897,0.10130140704674531,2,16.253049758061618,4.760955108114577,0.29292687704675935,0.3109794391077755,-0.03726630283267388,0.0016259891617706039,0.26809967249884187,0.012973506066031374,0.015786711000798415,0.000286292897851464,0.00041772268563289804,-0.02568675498716137,0.07665604452794526,0.03455531577007529
11.390000000001496,6,4,98.47162885915945,13.331612944595848,0.13538531959965433,0.3750936304720963,1,31.560225422557707,5.77036810327385,0.18283672014425706,0.18283672014425706,1,31.107448399242568,3.0686207707272155,0.09864585263772174,0.09864585263772174,2,16.631366460107166,1.7827398092941333,0.1071914213164807,0.10866838826471653,2,19.172588577252007,2.7098842613006493,0.14134159560049636,0.3750936304720963,-0.03726370179563606,0.00162599936044129,0.26809849715642703,0.012976231699812777,0.015791796779133893,0.00029537452920960674,0.00040663461003761586,0.032403356655690795,0.03652536548895964,0.008313149799088511
11.4000000000015,6,4,98.3921488718895,13.267159360258074,0.13483961385508964,0.3956731088692922,1,31.56483439143795,5.772695635460668,0.18288376120948469,0.18288376120948469,1,31.105769647912812,3.070674539660258,0.09871720180588103,0.09871720180588103,2,16.63248106770389,1.7875473461049807,0.10747328307957313,0.10832078777218246,2,19.089063764834858,2.636241839032168,0.13810220718569508,0.3956731088692922,-0.03726109528763223,0.0016259960118711987,0.26809730293196443,0.012978963826403091,0.015796682395119825,0.0003071756607210201,0.0005216013209580378,0.009582748686536082,0.03490060238420588,0.009221637358666037
11.410000000001503,6,4,95.72466924844571,15.362735380581814,0.16048877996861044,0.3322392857544027,1,31.549486355906033,5.800446448556076,0.1838523259339922,0.1838523259339922,1,31.132493946519403,3.020185533468909,0.09701071615583062,0.09701071615583062,2,16.633580286472387,1.690571855473228,0.10163607752253563,0.10200684325329809,2,16.409108659547883,4.851531543083602,0.295660882241807,0.3322392857544027,-0.037258500491433276,0.0016259974182870774,0.26809613226177614,0.012981681662725446,0.01580187764922437,0.00028614272158479173,0.0006017354218232506,0.004627261446368696,0.041046867873035645,0.012244852326193899
11.420000000001506,6,4,95.73692726561902,15.339186273037011,0.1602222539530534,0.32818103430546064,1,31.55369133426111,5.80319244348575,0.18391485110284458,0.18391485110284458,1,31.131578668923694,3.0208146369301487,0.09703377618770101,0.09703377618770101,2,16.63356477625033,1.6821917938632827,0.1011323679855531,0.10139332550751153,2,16.418092486183884,4.832987398757831,0.29436960492364606,0.32818103430546064,-0.037255965636723835,0.0016257272571851863,0.26809481559591464,0.012984328144611,0.01580560658351957,0.00028066165185317607,0.0005492543017477769,0.0035854934538892356,0.043496511984286945,0.011471304476705451
11.43000000000151,6,4,95.57868884035703,15.25190335767774,0.1595743103690474,0.31098161198154606,1,31.55810971328184,5.805800854060276,0.18397175581200267,0.18397175581200267,1,31.13039440686732,3.022007260439673,0.09707577812676291,0.09707577812676291,2,16.635150599125016,1.669919281201659,0.1003849812630788,0.10051449743732474,2,16.255034121082854,4.754175961976133,0.2924740684370477,0.31098161198154606,-0.03725336737080653,0.0016257272380793874,0.2680936359104069,0.012987050655933304,0.01581066972746039,0.00028667113275466247,0.00041717892477563724,-0.025914589041111092,0.07699336937824489,0.03471127768450333
11.440000000001513,6,4,98.48686194910498,13.350170972255327,0.13555281088308296,0.3750001956906339,1,31.5763973084933,5.79072230068151,0.1833876817582335,0.1833876817582335,1,31.10174399812846,3.076830460105931,0.09892790771768549,0.09892790771768549,2,16.635962539137044,1.77817470354989,0.10688739526592665,0.10787036431483088,2,19.17275810334618,2.704443507917997,0.1410565706478087,0.3750001956906339,-0.037250766908524365,0.0016257287573904272,0.2680924548112728,0.012989775778560322,0.01581572657942955,0.0002957635628453842,0.00040913470763212555,0.03220439897114426,0.03629693772976618,0.008182584886842894
11.450000000001516,6,4,98.4075789942107,13.286351065860012,0.1350134938960509,0.3955635740076666,1,31.581021287870062,5.7930533242607165,0.18343464169367338,0.18343464169367338,1,31.10010592556394,3.078864881711961,0.09899853360888937,0.09899853360888937,2,16.637047201100884,1.7830157214769282,0.10717140487279167,0.10752636990953693,2,19.0894045796758,2.6314171384104066,0.1378469992307689,0.3955635740076666,-0.03724816205438188,0.001625715326206478,0.2680912548934191,0.012992506159090976,0.01582058305736953,0.0003076126558696057,0.000525644948723185,0.009429964320566168,0.03508188817781751,0.009321007717407187
11.46000000000152,6,4,98.59984037745309,13.465046228282668,0.1365625560521874,0.35439689384625506,1,31.579562110912843,5.803138998501221,0.18376249100983733,0.18376249100983733,1,31.100029658503352,3.083127098335175,0.09913582501977415,0.09913582501977415,2,16.638504805494943,1.7733631843483604,0.10658188371365551,0.10823551979041003,2,19.28174380254196,2.8054169470979122,0.14549601819354466,0.35439689384625506,-0.03724550339305546,0.0016259466351161644,0.26809018859366435,0.012995300385274442,0.015826810111080253,0.00029183143623713815,0.0004927338756101717,0.06571343850015575,0.0761387273521243,0.032323407398774096
11.470000000001523,6,4,98.56628641108105,13.427026750052244,0.13622331974701185,0.3604634072334823,1,31.58403419016307,5.805647555865042,0.18381589637694942,0.18381589637694942,1,31.09874509019438,3.0836445136813437,0.0991565577562046,0.0991565577562046,2,16.638880997783254,1.772615591368206,0.1065345434951044,0.10777209505822334,2,19.24462613294034,2.7651190891376514,0.14368266081328002,0.3604634072334823,-0.03724290323786846,0.001625867118718597,0.26808894252744486,0.012998024773580034,0.015831224108370307,0.00029104137726739703,0.00040757392037949223,0.05328606245377937,0.06091104091383144,0.023741405577384505
11.480000000001526,6,4,95.99675911290439,15.611541948658331,0.16262571875262138,0.3729423948686494,1,31.56916102041715,5.832813583677036,0.184763021732022,0.184763021732022,1,31.124469963502833,3.0342328424882936,0.09748705266455283,0.09748705266455283,2,16.6399071122795,1.7108552436064657,0.1028163938694064,0.10283250518774134,2,16.66322101670491,5.033640278886536,0.3020808686291986,0.3729423948686494,-0.03724032873005964,0.0016257893971640706,0.2680877372558658,0.013000718294105006,0.015836146337029126,0.0003019526609648537,0.0010217481918842134,0.051209747272175636,0.058006328390238615,0.022792733034735266
11.49000000000153,6,4,95.91806756277438,15.526909369488788,0.16187679510251884,0.3578217636912292,1,31.57351231370926,5.835474133487333,0.1848218239233892,0.1848218239233892,1,31.123474600097705,3.0351182912924073,0.09751861995777551,0.09751861995777551,2,16.64063912481973,1.6987118801607324,0.10208212962368021,0.10216744260194552,2,16.580441524147687,4.957605064548316,0.2990031994822382,0.3578217636912292,-0.037237743735953115,0.0016256951483041367,0.26808649962544046,0.013003424859969392,0.01584066398807254,0.0002931371735600573,0.0008555414170618288,0.03518977987950642,0.03926046774205384,0.011119985085677455
11.500000000001533,6,4,95.84091950904158,15.45342294987765,0.16124034524125974,0.3440249925861386,1,31.577830015302904,5.838176930191221,0.18488214444634057,0.18488214444634057,1,31.122469380553383,3.0360634761380916,0.097552139549542,0.097552139549542,2,16.64136743297772,1.6874881939744324,0.10140321705957801,0.10155511714209829,2,16.499252680207572,4.891694349573906,0.2964797524097537,0.3440249925861386,-0.03723516075182392,0.0016255929044784224,0.2680852585424233,0.013006129031500998,0.015845156717492787,0.000287292891009735,0.0007064190534986274,0.01964542571197661,0.024567637789059155,0.0063205507474447245
11.510000000001536,6,4,95.7814357994184,15.390468806000865,0.16068321254059043,0.33229089656717203,1,31.582191228173347,5.840814425300688,0.18494012600652945,0.18494012600652945,1,31.12151475946646,3.0369005062339007,0.097582027407909,0.097582027407909,2,16.641842294546727,1.6763916057382673,0.10073353514998726,0.10094739628405472,2,16.435887517231873,4.836362268728009,0.2942562282479375,0.33229089656717203,-0.03723258219789731,0.0016254596297575463,0.2680839978806572,0.013008827931058639,0.01584946309348865,0.00028327983719110767,0.0005818889599463133,0.006595280272388893,0.03978378431768432,0.009582299700902205
11.52000000000154,6,4,95.60811051934206,15.28763672342915,0.15989895250922645,0.31247083297799116,1,31.58676193840305,5.843280246238383,0.18499142956258988,0.18499142956258988,1,31.12039810943934,3.0380417810988805,0.09762220169597996,0.09762220169597996,2,16.64323891382099,1.6618402276418176,0.09985077040874424,0.10013230324425884,2,16.257711557678686,4.74447446845007,0.2918291699060933,0.31247083297799116,-0.03722994152402517,0.00162554721258929,0.26808283603193817,0.013011600891559389,0.01585471861267111,0.00028890020789098516,0.00041688671137416226,-0.026132214799088442,0.07718284762221517,0.03504039503880007
11.530000000001543,6,4,95.58086335974306,15.253509160087239,0.15958748042143905,0.30578014540897513,1,31.59108964388341,5.8459497527080115,0.18505058922017556,0.18505058922017556,1,31.11948992204275,3.0388361801025785,0.09765057806908625,0.09765057806908625,2,16.643427646748307,1.6526991401357904,0.09930040705639652,0.09963667149006585,2,16.22685614706859,4.716024087140859,0.29063079406128933,0.30578014540897513,-0.037227378921319165,0.0016253407295882213,0.2680815387303775,0.013014280530528017,0.015858697182058488,0.00028997857817212463,0.0004120254748150816,-0.03360997851173874,0.08655471137632857,0.03980312273611145
11.540000000001546,6,4,98.44982721317703,13.33204232333325,0.13541966198137542,0.39188087646787934,1,31.60972031593159,5.830547596827757,0.18445426085877475,0.18445426085877475,1,31.090412268434275,3.0943426233482514,0.09952723034457477,0.09952723034457477,2,16.64492589421231,1.774018210415296,0.10658012067402166,0.10676577631349446,2,19.104768734598856,2.6331338927419443,0.13782600194334318,0.39188087646787934,-0.03722476405994833,0.001625397608333182,0.2680803888273276,0.013017022683870807,0.015864138011131245,0.0003049553152723956,0.0004913994373572404,0.014162826424577387,0.030508698408856314,0.006308986378657748
11.55000000000155,6,4,95.7757844974392,15.417440375967777,0.16097430532015114,0.3339044949232098,1,31.594520300391615,5.858118426415485,0.1854156471033008,0.1854156471033008,1,31.11708802717723,3.044714526103199,0.0978470261563032,0.0978470261563032,2,16.64603031792814,1.6768999484839446,0.10073872968246889,0.10109219990312487,2,16.41814585194222,4.837707474965148,0.2946561395294744,0.3339044949232098,-0.03722215163418117,0.0016254410166152465,0.2680792306704287,0.013019762032312589,0.01586950343765444,0.0002877917034659509,0.0006090911522890202,0.005128794305868078,0.04048484463414224,0.01204633966215927
11.560000000001553,6,4,98.60893973536513,13.478437680938463,0.13668575807741448,0.3576265881565861,1,31.612731101971484,5.843191098256103,0.18483664316784387,0.18483664316784387,1,31.08920042678219,3.099203338890947,0.09968745726316906,0.09968745726316906,2,16.6468139901893,1.7643284376903712,0.10598595255105075,0.10656087398919019,2,19.260194216422146,2.771714806101041,0.14390897490211946,0.3576265881565861,-0.03721953625673783,0.0016254659125520409,0.26807805144261654,0.013022505124998888,0.015874631901127523,0.00029060431952694014,0.0004336779521414289,0.05832260557042877,0.06714762661926303,0.027174518483031193
11.570000000001556,6,4,96.03032449902511,15.652803203457978,0.16299854535654396,0.37503469839962966,1,31.597991800103003,5.870209340163771,0.1857779246637008,0.1857779246637008,1,31.11483381265116,3.050397569632856,0.0980367624008513,0.0980367624008513,2,16.647793339589207,1.7037558396388355,0.10234124156186075,0.10266163556870299,2,16.66970554668174,5.028440454022515,0.3016514262918983,0.37503469839962966,-0.03721693393674432,0.001625467591488125,0.26807687227781535,0.013025232554582192,0.015879813003938526,0.000306010375653834,0.0010411326714477088,0.05189088967206475,0.05900495970997093,0.023063874888816657
11.58000000000156,6,4,95.94695398483705,15.560533011264498,0.16217849931664952,0.3587715738323293,1,31.602429057076442,5.8728018786550225,0.1858338758722719,0.1858338758722719,1,31.113909250115373,3.051247802999501,0.0980670020752274,0.0980670020752274,2,16.64831453509504,1.6901680830693087,0.10152187355100689,0.10191142811544707,2,16.582301142550204,4.9463152465406655,0.29828883241351917,0.3587715738323293,-0.03721432430466508,0.0016254193765295553,0.26807563955750613,0.013027968894839695,0.015884402570967873,0.0002958736403783194,0.0008583086826338963,0.03474523615991458,0.03881432783336061,0.010714455556153092
11.590000000001563,6,4,95.93946049678478,15.536055844894904,0.16193603512514607,0.35368357955797786,1,31.60666489340095,5.875586734441819,0.18589708070301852,0.18589708070301852,1,31.113056595895475,3.0520226530318437,0.09809459394081119,0.09809459394081119,2,16.648515474809017,1.6821742926325838,0.10104049788570599,0.10150539085790554,2,16.571223532679337,4.926272164788658,0.2972787226648525,0.35368357955797786,-0.03721180028080224,0.001625106649007901,0.2680743063256264,0.01303060316434056,0.01588809132492573,0.00028606667799512485,0.000785310423279836,0.031457844647602415,0.03510854393812204,0.008949591913729007
11.600000000001566,6,4,95.82563537804182,15.439164280543338,0.16111726491177725,0.33517781215832176,1,31.61110177804983,5.878208241482871,0.1859539184288917,0.1859539184288917,1,31.112090417264195,3.0530931913887835,0.09813204932364855,0.09813204932364855,2,16.64951978795709,1.6696639827670734,0.10028301140401495,0.10081465764415472,2,16.452923394770718,4.8381988649046095,0.2940631733836644,0.33517781215832176,-0.03720920929978315,0.0016250405130084794,0.26807308357414866,0.01303331764300643,0.01589280848427662,0.0002840466735910432,0.0006079454549454573,0.009394933723573091,0.03646504219159595,0.007774932008520966
11.61000000000157,6,4,95.6406047718356,15.325051620715154,0.16023582930362334,0.31329275557447406,1,31.61574856390391,5.880620077385037,0.18600287339389499,0.18600287339389499,1,31.111038658198183,3.0542488006194173,0.09817251150548074,0.09817251150548074,2,16.65081899069133,1.653789974639642,0.09932183969834735,0.09991888935662202,2,16.262998559042178,4.736392768071059,0.29123736012616436,0.31329275557447406,-0.03720654975775035,0.0016251758925633726,0.2680719341519833,0.01303611373158759,0.015898202185655894,0.0002898943439412903,0.00041827353227138694,-0.025813678826715966,0.07677252274965984,0.03495587918072039
11.620000000001573,6,4,95.61086585686677,15.28788926039287,0.15989698580158707,0.3060886184390531,1,31.620131650567583,5.88326018067091,0.18606058462015623,0.18606058462015623,1,31.110194760691158,3.0550385848536243,0.09820056121004342,0.09820056121004342,2,16.6508520348793,1.6439929736748486,0.0987332642336321,0.09938422457851234,2,16.22968741072873,4.705597521193487,0.28993765573592156,0.3060886184390531,-0.037203970724955834,0.001624996582882686,0.26807063713661033,0.013038813484207568,0.01590221619599877,0.0002909711650341122,0.0004104205972452197,-0.03392189950849168,0.08695131080419831,0.040089189942762865
11.630000000001576,6,4,98.47613844674441,13.366881750807877,0.1357372655106358,0.3921507416483217,1,31.63883042317016,5.867834994813979,0.18546308179953358,0.18546308179953358,1,31.08120176956781,3.1102165969683204,0.100067449773245,0.100067449773245,2,16.652235852874515,1.7663696703686262,0.10607402429168182,0.1066315970124441,2,19.10387040113194,2.6224604886569516,0.13727377927048573,0.3921507416483217,-0.037201344184944175,0.0016250642283727797,0.26806948179923346,0.013041569735577418,0.015907648848371474,0.00030589761656948965,0.0004933750766028111,0.013730268104914255,0.030936685245480613,0.00633609653591615
11.64000000000158,6,4,95.80571684159192,15.450462609084289,0.16126869166513888,0.33415513591043366,1,31.623646221708153,5.895382874810358,0.18642324902950166,0.18642324902950166,1,31.10792010311507,3.060911639875026,0.09839653791474517,0.09839653791474517,2,16.65326450356998,1.6676402522468314,0.10013893983905303,0.10079067292794662,2,16.42088601319871,4.826527842152073,0.29392615223518553,0.33415513591043366,-0.03719872464790811,0.001625107205526945,0.26806831575913304,0.0130443176764966,0.01591298743925238,0.00028859493578681347,0.0006050526379274037,0.004738125026733129,0.041043363235119965,0.012325082309133224
11.650000000001583,6,4,95.81409952993727,15.421693553672682,0.16095432331286638,0.3291675048392472,1,31.62798141621139,5.898072818871707,0.18648274580838609,0.18648274580838609,1,31.107184041911022,3.0615640257610797,0.09841983837676221,0.09841983837676221,2,16.653006714829395,1.6582445367890162,0.09957628464248201,0.10028433803854493,2,16.42592735698545,4.803812172250879,0.29245302672107354,0.3291675048392472,-0.037196172043245185,0.0016248454317425145,0.26806698593580724,0.013046986299250754,0.015916694615951847,0.0002827060112435095,0.0005423616739275761,0.002742052659411959,0.04471666421847605,0.012126441560447348
11.660000000001586,6,4,95.65617644781179,15.332704140723049,0.16028974510692767,0.31107118680243306,1,31.63250818927471,5.900635706721713,0.186537079874127,0.186537079874127,1,31.106171140178393,3.062792311065916,0.09846253006400553,0.09846253006400553,2,16.654380798344835,1.6456130325180975,0.09880961966965734,0.09959157104904665,2,16.263116320013857,4.723663090417322,0.29045251829160484,0.31107118680243306,-0.03719356497776419,0.0016248288399041593,0.2680657849792479,0.013049719880074964,0.015921667735912397,0.0002885221660711658,0.00041556642540508136,-0.026826732509009583,0.07834811287041138,0.03536664263502149
11.67000000000159,6,4,98.4884204794222,13.381529553755605,0.13586906449120575,0.3927231320192038,1,31.65134971936119,5.885063615881541,0.18593404919732812,0.18593404919732812,1,31.077248796307888,3.118389922325302,0.10034317847002532,0.10034317847002532,2,16.6556844242448,1.763525682116183,0.1058813097796877,0.10656729573020104,2,19.104137539508322,2.6145503334325797,0.13685780517574045,0.3927231320192038,-0.03719089438089722,0.0016250230490114342,0.2680646719986714,0.013052529052232472,0.015927475737350417,0.0003050910358647879,0.00046219897792212423,0.014707670513645833,0.030454995578459716,0.006330712630895596
11.680000000001593,6,4,98.46498082337162,13.368870109201296,0.13577284022613717,0.39844426637797997,1,31.655877659163064,5.8875960847856295,0.18598745383644147,0.18598745383644147,1,31.076181089518872,3.11848517762938,0.10034969125215833,0.10034969125215833,2,16.655733998783212,1.7637441967617167,0.10589411411652992,0.10675825007031649,2,19.077188075906474,2.5990446500245707,0.13623835125403166,0.39844426637797997,-0.03718829786497761,0.001624889142975823,0.26806338941411784,0.013055249889729505,0.01593164504833611,0.0003137817321682049,0.0005869845354787049,0.004286465441185315,0.04143867107203403,0.012786758215832165
11.690000000001596,6,4,98.66866313457768,13.552789113972693,0.1373565697904264,0.3535762636444311,1,31.654398376535596,5.897747213120985,0.18631683164424942,0.18631683164424942,1,31.076362841407768,3.1222094034736276,0.10046894546209355,0.10046894546209355,2,16.65706592695824,1.7521914202475983,0.10519208052192464,0.10532462024752216,2,19.280835989676074,2.7806410771304835,0.14421786890461483,0.3535762636444311,-0.037185665318975374,0.0016250056300148705,0.268062270008051,0.013058013105978579,0.01593751125107463,0.0002909027025949755,0.00047124191677458947,0.06417554332096795,0.07408736696418639,0.03145472293645072
11.7000000000016,6,4,96.07864707610948,15.71232888258769,0.16353611713683938,0.3775970850705121,1,31.63980483309295,5.924609225265098,0.18725176266158208,0.18725176266158208,1,31.101880034757297,3.0743033843473513,0.09884622347304162,0.09884622347304162,2,16.6581543170136,1.6928450912482216,0.1016226083053664,0.1023255884620976,2,16.67880789124563,5.020571181727018,0.30101498946829497,0.3775970850705121,-0.03718303355717962,0.001625080720104629,0.26806111414074574,0.01306077585471025,0.01594296837632899,0.00031018951535903707,0.0010603794672120455,0.05275675350743128,0.06020502189560309,0.02348593426312173
11.710000000001603,6,4,95.98964593349125,15.611964811380064,0.16264217520082522,0.35998564986745385,1,31.644341349001316,5.927131060637059,0.18730461143960947,0.18730461143960947,1,31.10104525434103,3.075132635892101,0.09887553973649421,0.09887553973649421,2,16.658498790096395,1.6780490371079746,0.10073230837016284,0.1015101832651613,2,16.585760540052505,4.931652077742929,0.29734253462984805,0.35998564986745385,-0.037180398109241015,0.0016250734704663305,0.26805988347517606,0.013063543127570696,0.0159476294743861,0.0002987104138027481,0.0008599847162214513,0.034316936480664244,0.038410470682452125,0.01031570873523309
11.720000000001606,6,4,95.98137902164922,15.585073456567619,0.16237601100784668,0.35451158066618804,1,31.64865967874098,5.929864691025043,0.18736542878017196,0.18736542878017196,1,31.100284442183682,3.0758854921765915,0.09890216592374744,0.09890216592374744,2,16.658541634796876,1.66925410688329,0.10020409610145588,0.10106111161499994,2,16.57389326592768,4.910069166482695,0.2962532150835513,0.35451158066618804,-0.037177855949825006,0.0016247760426565587,0.26805854267278506,0.013066199212874366,0.015951310347335972,0.0002878845199442574,0.0007801080317884055,0.03077656162297006,0.034489554183000704,0.008438527555247028
11.73000000000161,6,4,95.8680945224547,15.487655585548943,0.16155172023285963,0.33567816147023405,1,31.65316400157331,5.9324589118463384,0.18742072392988796,0.18742072392988796,1,31.099405487647147,3.0769555011812098,0.09893936726229037,0.09893936726229037,2,16.65943455051204,1.6564591502403214,0.09943069467441253,0.10036188835229336,2,16.456090482722196,4.821782022281074,0.2930089639057117,0.33567816147023405,-0.03717525444699407,0.001624706882533403,0.2680573079347776,0.013068926231399568,0.015955983500506758,0.0002852529891981259,0.0006015335062620021,0.008755625574948085,0.037370321303869906,0.008228239632099899
11.740000000001613,6,4,95.68393415409187,15.373306248476583,0.16066758107708046,0.31336584077776025,1,31.657868097334887,5.9348533946948185,0.18746851103326326,0.18746851103326326,1,31.09844215951273,3.0781235628325794,0.09897999221452994,0.09897999221452994,2,16.66065220578363,1.6405644837168771,0.09846940344552457,0.09947431212438348,2,16.266971691460625,4.719764807232308,0.290144035211542,0.31336584077776025,-0.03717259045634769,0.0016248275224398805,0.26805614474276185,0.013071727573997837,0.01596131658970852,0.0002909130050429255,0.00041679874934786297,-0.026330059851524236,0.07756009234262061,0.035314991441853426
11.750000000001616,6,4,95.65482230171581,15.336454037819305,0.160331216647341,0.30603260317116165,1,31.662299116134626,5.937487998552486,0.18752548501845315,0.18752548501845315,1,31.097688254951024,3.078947566106906,0.099008889048745,0.099008889048745,2,16.66062079130635,1.630784894551304,0.09788260083335316,0.09894396866375554,2,16.234214139323814,4.689233578608609,0.2888488188196293,0.30603260317116165,-0.03717001121243551,0.0016246272563670296,0.2680548337059247,0.013074427930674998,0.015965266140234708,0.0002919890944011843,0.00041332540340088743,-0.03432309254599359,0.08761043810157068,0.04036314316956459
11.76000000000162,6,4,98.51534018265947,13.42123170718469,0.13623494252062762,0.3921082022498732,1,31.681063796092893,5.922074926517821,0.18692790635547307,0.18692790635547307,1,31.068814323926073,3.133377032743353,0.10085280371740295,0.10085280371740295,2,16.661941929103108,1.75533152102977,0.10534975625882867,0.10638603322935467,2,19.1035201335374,2.6104482268937454,0.1366474978771553,0.3921082022498732,-0.037167387198524804,0.001624670642392493,0.26805366435377725,0.013077181483497619,0.01597063117457328,0.0003070094109199197,0.0005024853793190879,0.013383899858110646,0.03133105168553656,0.006533017047351478
11.770000000001623,6,4,98.69346886938051,13.586455057428577,0.13766316264969944,0.3542495380615803,1,31.679829867333,5.931960997626474,0.18724724919508737,0.18724724919508737,1,31.068860851107786,3.1378968253482555,0.10099812929692178,0.10099812929692178,2,16.663294404886898,1.746477954658421,0.10480988406147501,0.10517792560873584,2,19.28148374605282,2.7701192797954257,0.1436673295623583,0.3542495380615803,-0.03716470572767822,0.0016249282027381857,0.2680525941750338,0.013080003299807439,0.01597695895738112,0.0002942676037669659,0.0004930659773703627,0.06547515688322894,0.07603168714284506,0.032021009131485464
11.780000000001627,6,4,98.65822962718144,13.547589997962877,0.1373183975544435,0.360519285961633,1,31.68445371086093,5.93441753443343,0.18729745472617082,0.18729745472617082,1,31.067776049053737,3.1383724209186683,0.10101696419992885,0.10101696419992885,2,16.6633967629479,1.7457778815922034,0.10476722762036424,0.10535528490990972,2,19.24260310431887,2.729022161018576,0.14182188065844717,0.360519285961633,-0.03716209001872526,0.0016248430725183361,0.2680513272933042,0.013082747354313171,0.01598131657796625,0.0002933358216698984,0.0004048904056015292,0.052237837932325365,0.059749436523471186,0.022957590216899318
11.79000000000163,6,4,96.0499594133353,15.681367380358854,0.16326261329145025,0.3671085902377181,1,31.669770072444102,5.96138277769748,0.1882357454462382,0.1882357454462382,1,31.093593497503807,3.0904918719805177,0.09939320369093467,0.09939320369093467,2,16.664318511781406,1.6750673527091058,0.10051820310112651,0.10149092382340272,2,16.622277331605986,4.95442537797175,0.298059362091817,0.3671085902377181,-0.037159430790759354,0.0016249548888497536,0.26805016963275585,0.013085542359655946,0.015986803448763135,0.0003028115265284598,0.0009266408704666059,0.040843360725809075,0.04615196189831487,0.014986706363645642
11.800000000001633,6,4,96.01195311944781,15.626931871424782,0.16276027477519828,0.3569645209927087,1,31.67420918673709,5.964028284770621,0.188292886796616,0.188292886796616,1,31.092860396330302,3.091271236553137,0.09942061287220717,0.09942061287220717,2,16.664454402843035,1.6640395855014702,0.09985562954989857,0.10091094285493052,2,16.580429133537383,4.907592764599554,0.2959870776005985,0.3569645209927087,-0.037156852598936654,0.00162475156013499,0.2680488598886363,0.013088241451175485,0.015990804670848513,0.000291720090234623,0.0008022911813984197,0.03174405173486335,0.03524001481994699,0.008907747839709339
11.810000000001637,6,4,95.8925142889413,15.520468462578188,0.16185276377061342,0.3367086378164307,1,31.67882184294807,5.966523968907654,0.18834425088431261,0.18834425088431261,1,31.092032587614934,3.0922773626918243,0.09945561950567325,0.09945561950567325,2,16.66517091452311,1.6496331716262822,0.098986873887305,0.10012071895910697,2,16.456488943855177,4.812033959352428,0.2924095155272615,0.3367086378164307,-0.03715422013358409,0.0016247373724902255,0.26804763217875804,0.013091005113705163,0.01599557240665708,0.0002878853123324176,0.0006045354016815938,0.008275032583621557,0.037927625377294154,0.008668950491812545
11.82000000000164,6,4,98.65694921993918,13.550963177913568,0.1373543707266273,0.36376046679835683,1,31.697416630247737,5.9513447136546,0.18775488182767044,0.18775488182767044,1,31.064073804613273,3.1463627885275405,0.10128622563536015,0.10128622563536015,2,16.666317517863313,1.74359403698603,0.10461783385065171,0.1053699007039509,2,19.229141267214864,2.7096616387453976,0.14091433419157898,0.36376046679835683,-0.03715153757570983,0.0016249178356058228,0.26804649963463223,0.013093827939731642,0.016001281433553564,0.0002948260537059869,0.0003964844338806754,0.049296137886462546,0.05655676453202246,0.020472292570142502
11.830000000001643,6,4,96.10916839453364,15.736786715351624,0.163738662795949,0.37431951573996725,1,31.68259357089406,5.978443069566411,0.18869803244449798,0.18869803244449798,1,31.09005633447592,3.0980317646954427,0.09964702962792704,0.09964702962792704,2,16.666882839941163,1.674325917640358,0.1004582520750634,0.10153417383983533,2,16.66963564922249,4.985985963449412,0.29910587539938044,0.37431951573996725,-0.03714895315382787,0.001624796586776014,0.26804525252674843,0.013096534195353381,0.016005969756948787,0.00030190594079267157,0.0009877541638232408,0.049063054489805344,0.055516496846417615,0.021304144088059977
11.840000000001647,6,4,96.03474511847844,15.655709225317976,0.16302130240470222,0.35912408922743133,1,31.687068927985734,5.981083621016596,0.188754713621813,0.188754713621813,1,31.08930198860261,3.098987134631673,0.09968017730883012,0.09968017730883012,2,16.66738040575808,1.6623275348475135,0.0997353809884383,0.10089071446163209,2,16.590993796132008,4.913310934822192,0.2961432567088098,0.35912408922743133,-0.037146370656638915,0.00162464058208124,0.2680439741583222,0.013099238988198819,0.016010279708514697,0.0002925828625417052,0.0008261504347271285,0.03379332868638116,0.03770562460730935,0.010199711913233185
11.85000000000165,6,4,95.90721878869164,15.540639693396463,0.1620382687526004,0.33744051200373343,1,31.6917214243156,5.983546409644979,0.18880471431425871,0.18880471431425871,1,31.088499977455704,3.100000075225203,0.09971533131135998,0.09971533131135998,2,16.668021046364217,1.6470013228955143,0.09881204963169718,0.10004107992675473,2,16.45897634055612,4.810091885630766,0.29224732973085016,0.33744051200373343,-0.037143727126605845,0.0016246621489253695,0.2680427585108416,0.013102016381252125,0.01601515669029506,0.0002888262963391558,0.0006111403501053366,0.008599735299999287,0.037488116957916914,0.008547046730077924
11.860000000001653,6,4,98.66815318988613,13.566989651914708,0.13750120189039253,0.36403043031962073,1,31.710354155823744,5.968349403451884,0.18821452999621485,0.18821452999621485,1,31.060574553096874,3.1539953925252107,0.10154336930031913,0.10154336930031913,2,16.669060963275612,1.740575752535109,0.10441954447043256,0.10528506314300388,2,19.228163517689893,2.704069103402505,0.14063064841916723,0.36403043031962073,-0.03714103373823581,0.0016248653966077665,0.26804162903870915,0.013104852393703742,0.016020901993636684,0.0002955358076583187,0.000396051344432102,0.04915181575778399,0.056449608356637156,0.020323061951494324
11.870000000001657,6,4,96.12168320730808,15.75320351343273,0.16388813624348833,0.37461525431151155,1,31.69554263908194,5.99543490780458,0.18915703624559363,0.18915703624559363,1,31.08656453824471,3.105732987257694,0.09990595723232201,0.09990595723232201,2,16.669557479260373,1.670813434976652,0.10023142108333795,0.10139286751675232,2,16.670018550721057,4.981222183393804,0.29881323576441626,0.37461525431151155,-0.0371384408556735,0.0016247565889202854,0.268040380949894,0.013107568896191853,0.016025598571750295,0.0003028739821834134,0.0009873269189262172,0.04883433327374663,0.05526759404995781,0.021125926337008688
11.88000000000166,6,4,96.04741762672671,15.67190460375363,0.16316841192607634,0.3593569741443215,1,31.70004001244102,5.998060546977354,0.1892130276372948,0.1892130276372948,1,31.085834428877895,3.106679281843168,0.09993874505608083,0.09993874505608083,2,16.670015682606763,1.6585875735714724,0.09949526174123621,0.10073912139075135,2,16.591527502801036,4.908577201361636,0.2958484202574449,0.3593569741443215,-0.03713585254822194,0.0016246055153399934,0.26803909974323487,0.013110280693528696,0.016029903878353013,0.0002931803603952016,0.0008244913839375008,0.03357511576269702,0.03746119803792121,0.010041589915751832
11.890000000001663,6,4,95.92014352000226,15.556659220167433,0.16218344394911582,0.3375768110659115,1,31.704708579491886,6.000526624951794,0.18926294843262556,0.18926294843262556,1,31.085052358078798,3.1076912702613515,0.09997381488899706,0.09997381488899706,2,16.670631957487377,1.6431828518479226,0.09856752017789645,0.09988837798523811,2,16.459750624944192,4.805258473106364,0.29193993169156274,0.3375768110659115,-0.03713320550209282,0.0016246269203858085,0.26803788041378385,0.01311306229979694,0.016034769188774268,0.00028921977020567285,0.0006093894094536044,0.008417194393053122,0.037751732571757575,0.008675240622365308
11.900000000001667,6,4,98.67977859962457,13.583808716055474,0.1376554437882287,0.36409349322523143,1,31.723365605878385,5.9853266698307825,0.18867249913488665,0.18867249913488665,1,31.057157409101954,3.16148351894167,0.10179564978522893,0.10179564978522893,2,16.67165400524206,1.7372719962984355,0.10420513739981563,0.10518544768205919,2,19.22760157940216,2.699726530984586,0.14040890746751827,0.36409349322523143,-0.03713051032177418,0.0016248267746629013,0.268036746913398,0.013115900444061553,0.01604049889524482,0.0002958566919268758,0.00039593141645465833,0.048995638922155194,0.056260510674265206,0.0202173276649635
11.91000000000167,6,4,96.13487745467428,15.76956366272102,0.16403582217240628,0.3748255749750166,1,31.70855612113643,6.012413629820358,0.1896148663108812,0.1896148663108812,1,31.083162600291697,3.1134223484291024,0.1001642718427849,0.1001642718427849,2,16.67213478897255,1.6670311716475168,0.09998906515260068,0.10123880746192912,2,16.671023944273603,4.9766965128240415,0.29852374571950074,0.3748255749750166,-0.03712791683437572,0.0016247128758336126,0.26803549477927696,0.01311861777180931,0.01604517885565416,0.0003028503445981024,0.000984489687003218,0.04870721943075511,0.05511959757074046,0.021041084362077998
11.920000000001673,6,4,95.99092529906076,15.636178001387005,0.16289225208187466,0.350034804260628,1,31.713222562207445,6.014904834041411,0.18966551955553565,0.18966551955553565,1,31.082364612539333,3.1145157189273354,0.1002020199476995,0.1002020199476995,2,16.672941916812654,1.6508347779291044,0.09901280686790112,0.10034825120045573,2,16.522396207501334,4.855922670489155,0.2938994204898995,0.350034804260628,-0.03712525332265579,0.0016247829578877582,0.268034295613044,0.013121418706379522,0.01605025509057562,0.00029568999222800367,0.0007381686916840113,0.021046280213241442,0.02367837832328584,0.00642519943554792
11.930000000001677,6,4,95.87412411426905,15.543236148793532,0.1621212844694997,0.33166421237941957,1,31.717838687000043,6.017444281085866,0.18971797985567634,0.18971797985567634,1,31.081580713452034,3.1155558742731158,0.10023801244203485,0.10023801244203485,2,16.673520409056486,1.6368184863411268,0.09816873978527432,0.09958869858502752,2,16.40118430476048,4.7734175070934235,0.2910410259646877,0.33166421237941957,-0.03712260937211367,0.0016247708498894778,0.26803305738784156,0.013124196181618464,0.01605498405676882,0.0002917099621682355,0.0005544039194062175,-0.0017079027762843674,0.04889058281193652,0.01703684226424507
11.94000000000168,6,4,95.80755825863686,15.480612390468982,0.16158028314090173,0.3194443323888213,1,31.722429190097674,6.019988662481594,0.18977073371041728,0.18977073371041728,1,31.080893409859435,3.1164234649901004,0.10026814300008227,0.10026814300008227,2,16.673634542404127,1.624469525749395,0.09742743980732392,0.09892214247592479,2,16.330601116275623,4.719730737247893,0.2890114517918175,0.3194443323888213,-0.03711998552172762,0.0016246695501305397,0.2680317740760058,0.013126949719892035,0.016059287293598283,0.0002900087445900128,0.0004505579620027304,-0.016498844759204944,0.06672645434870855,0.027426510974992584
11.950000000001683,6,4,98.6394595192508,13.554744495181636,0.13741705967616588,0.3757202193764807,1,31.74120362477685,6.004673344402788,0.18917598133284408,0.18917598133284408,1,31.0526891599167,3.1697341695429078,0.102075995841109,0.102075995841109,2,16.67442176109914,1.7354838580868757,0.10408060219129761,0.10544193958265397,2,19.171144973458112,2.6448531231490637,0.13796010237316475,0.3757202193764807,-0.03711732074928611,0.0016247566696775046,0.26803059271836016,0.013129751500863969,0.016064605950003627,0.00030025579473068624,0.00040820929067958813,0.03197038527540519,0.03627553137219521,0.007834917296027831
11.960000000001687,6,4,98.55595257984223,13.491570235273793,0.13689249489363914,0.39748649161107696,1,31.746160684594617,6.006816790361776,0.1892139603916479,0.1892139603916479,1,31.051336240384362,3.171493079090876,0.10213708854713102,0.10213708854713102,2,16.675085622815267,1.7408352293138494,0.1043973787416117,0.1061060411994367,2,19.08337003204798,2.572425136507291,0.1347993112425764,0.39748649161107696,-0.03711467281494359,0.001624752602485601,0.2680293577829593,0.013132533569058679,0.016069384638275803,0.00031287302547815287,0.0005476814341915964,0.007302159722459964,0.03803068752538379,0.010900307580174346
11.97000000000169,6,4,98.74812357900387,13.664065045700152,0.13837290826866352,0.35493293390893366,1,31.744947635150137,6.0167308139051565,0.18953349311066522,0.18953349311066522,1,31.051598424008446,3.1752775267304907,0.10225810225200621,0.10225810225200621,2,16.676159966044178,1.7298550136889017,0.10373221516291606,0.10471069007954609,2,19.275417553801116,2.7422016913756035,0.1422641913578075,0.35493293390893366,-0.03711199396351387,0.0016249367232433639,0.2680282402321149,0.013135351690545409,0.016075386804376705,0.0002949928988537385,0.0004718838248343954,0.06331625865522815,0.07325262489741005,0.03068187916377805
11.980000000001693,6,4,98.7162958891165,13.630924122470315,0.1380818030062768,0.360588423773642,1,31.749632255173754,6.0191940536187545,0.18958311092368316,0.18958311092368316,1,31.050651719617864,3.1755204074423977,0.10226904208378008,0.10226904208378008,2,16.67624030393062,1.7291642231046325,0.10369029179179347,0.10487841882673939,2,19.239771610394257,2.7070454383045295,0.14070049754863267,0.360588423773642,-0.03710939195439892,0.0016247770916677702,0.26802693816553974,0.013138079657820247,0.0160795348622197,0.0002940159499612519,0.00040348753757253456,0.05120140057535397,0.0584235644447131,0.022357153030488946
11.990000000001697,6,4,98.6389216950974,13.561366965722256,0.13748494744946396,0.37854685603933624,1,31.75455980339057,6.021385189262636,0.18962269439552135,0.18962269439552135,1,31.049361537588062,3.1771963297593944,0.10232726769318946,0.10232726769318946,2,16.676783119636966,1.7330159073425164,0.10391787762124727,0.10543849360318024,2,19.158217234481793,2.6297695393577083,0.13726587955295416,0.37854685603933624,-0.03710673802064404,0.0016247873494937676,0.2680257062496021,0.013140869106313981,0.016084339786360827,0.00030245748717430167,0.000428095285298849,0.02785315797353456,0.03144002319239837,0.006418074652499155
12.0000000000017,6,4,98.56674971237672,13.509791877901069,0.13706236552715187,0.39755651842847556,1,31.759441668054347,6.023634882278857,0.18966438217765677,0.18966438217765677,1,31.04811010796604,3.1785906424068497,0.10237630024351518,0.10237630024351518,2,16.677347811000224,1.7375959745545702,0.1041889870167766,0.106017666101917,2,19.081850125356112,2.569970378660793,0.13468140467395226,0.39755651842847556,-0.03710411096828926,0.001624715369017456,0.26802444407391457,0.013143626627340522,0.016088890091245363,0.0003141899183660825,0.0005691447610611366,0.0064117759945622,0.0392526501285732,0.011393940392398659
12.010000000001703,6,4,98.76118392118653,13.683372867069945,0.13855010970696302,0.3543964791465319,1,31.75818991350997,6.03359910116452,0.1899856105652237,0.1899856105652237,1,31.048416725400035,3.1823393366666104,0.10249602628088948,0.10249602628088948,2,16.67848382245039,1.7262968308117879,0.10350442217583791,0.10458994079615047,2,19.27609345982613,2.7411375984270263,0.14220400021093027,0.3543964791465319,-0.03710145222131264,0.0016248503733012724,0.268023312502174,0.013146421257171376,0.016094787113632814,0.00029373115268579937,0.0004673665743072406,0.06329737224047019,0.07315006489323761,0.030743866341416105
12.020000000001707,6,4,96.18208452766555,15.838133027921035,0.16466822387661392,0.37963579759180016,1,31.743692694567784,6.060342851915869,0.1909148664658337,0.1909148664658337,1,31.074045623761354,3.1356046479976323,0.10090751252549919,0.10090751252549919,2,16.67931451068945,1.6621302057135026,0.09965218922206158,0.101083996282744,2,16.685031698646966,4.980055322294032,0.29847442979073735,0.37963579759180016,-0.037098805609657115,0.0016249074143434917,0.2680221293412395,0.013149202147742449,0.016100140073180298,0.00031089438912233503,0.001038122819516419,0.05139024852473777,0.058634285434265604,0.022519932824559302
12.03000000000171,6,4,96.09408327391134,15.737656811277327,0.1637734215791198,0.3614260304219456,1,31.74836542828954,6.062825329937588,0.19096495986956472,0.19096495986956472,1,31.07339346848307,3.136455347062928,0.10093700741903688,0.10093700741903688,2,16.679459287341444,1.646976682140916,0.09874281016956331,0.10026291220770048,2,16.59286508979728,4.8913994521358966,0.2947893221372329,0.3614260304219456,-0.03709616616900294,0.0016248581743817767,0.26802086556567867,0.013151975049540928,0.016104649760253126,0.0002987657878403088,0.0008358277533418008,0.033041008939533045,0.03695732259322102,0.009452853609875635
12.040000000001713,6,4,98.5599878607202,13.515625658877507,0.1371309590457446,0.4025903591998945,1,31.77288219272287,6.040316549045049,0.19010917902904315,0.19010917902904315,1,31.044836702792363,3.186250720882762,0.10263383735551011,0.10263383735551011,2,16.67966181281175,1.7360555020801915,0.10408217633925387,0.10607643562976006,2,19.062607152393216,2.5530028868695047,0.13392726747500475,0.4025903591998945,-0.03709354319461805,0.00162471016202577,0.26801954244131776,0.013154728598155781,0.016108562909575585,0.000318638744793068,0.0006180570163015827,0.0005432883180276418,0.046136991501078785,0.015685844172498
12.050000000001717,6,4,98.77124049650068,13.69911528199745,0.13869538555084554,0.35428357912302383,1,31.7715182625973,6.050418940383525,0.19043531034229233,0.19043531034229233,1,31.045286975671274,3.1894624573911092,0.10273580205235469,0.10273580205235469,2,16.68063296577312,1.722655813044509,0.10327280844673072,0.10447102677611204,2,19.27380229245899,2.736578071178307,0.1419843386195267,0.35428357912302383,-0.03709090335577921,0.0016247739851758584,0.2680183783768019,0.013157500982345792,0.016114186089466073,0.0002929935309840274,0.0004554407988040252,0.062126260623660085,0.07158416589361895,0.030075966576650844
12.06000000000172,6,4,96.1462260719619,15.807773165739661,0.1644138705341188,0.37154225180590855,1,31.75710691230277,6.077085223607888,0.19136142471635578,0.19136142471635578,1,31.070902833273504,3.143330717965166,0.10116637855141455,0.10116637855141455,2,16.681670287841577,1.6535626947308653,0.0991245280717521,0.10064052834741062,2,16.63654603854405,4.933794529435742,0.29656363273993164,0.37154225180590855,-0.03708819923184904,0.0016249959931228226,0.2680172542812804,0.013160349979645278,0.016120096840164022,0.0003087845983894386,0.0009535452346198142,0.04213224198372349,0.04795253346194992,0.015578050519056079
12.070000000001723,6,4,96.09870210072134,15.739873568968875,0.16378861758686258,0.35913664308493126,1,31.761732074819047,6.0796154024953095,0.1914132197883275,0.1914132197883275,1,31.070313543046954,3.1440617681076386,0.10119182620257883,0.10119182620257883,2,16.681483074805335,1.6402827830945657,0.09832955353783536,0.09993555102456139,2,16.585173408050007,4.875913615271361,0.2939923204483783,0.35913664308493126,-0.03708558183168039,0.0016248484158139004,0.26801594189112,0.013163096694756566,0.01612418246785113,0.00029588389136411206,0.000800007837557086,0.030821147014814622,0.03427094545653049,0.008110980703853913
12.080000000001727,6,4,95.97841843371249,15.629942453804635,0.16284851020544225,0.33787057900681866,1,31.766495907188812,6.082039914073929,0.19146083760209615,0.19146083760209615,1,31.06962657975772,3.1450276197283777,0.10122515028157453,0.10122515028157453,2,16.681922279697698,1.6248392606938071,0.0974012007399936,0.09910074575147401,2,16.460373667068264,4.778035659308521,0.29027504210720206,0.33787057900681866,-0.03708292322165008,0.0016248455065492134,0.26801469459580407,0.013165891950885631,0.016128896786842227,0.0002907150873780467,0.0005938860514681317,0.006965809625300953,0.039768410286186426,0.009628113701994456
12.09000000000173,6,4,98.87234542266953,13.323850932643614,0.1347581153828754,0.35292354358251,1,31.7785406474564,6.073768534279568,0.19112798796082292,0.19112798796082292,1,31.04638424354232,3.185871016553892,0.10261649123332475,0.10261649123332475,2,16.682510458449123,1.6822960411774777,0.10084189938723834,0.10220331921317086,2,19.36491007322168,2.381915340632675,0.1230016215735725,0.35292354358251,-0.03708023785476902,0.0016250141833280942,0.2680135234376725,0.013168723203695592,0.016134325744550974,0.00029867798969122693,0.00039617413567246817,0.04650489468803204,0.05336031762564812,0.019805523653938725
12.100000000001733,6,4,95.68110240643342,14.866876586838139,0.15537944497845288,0.25076168971280954,1,31.77547326293034,6.086633035370518,0.19155129445298488,0.19155129445298488,1,31.067845153852186,3.1463714596150227,0.10127420952543584,0.10127420952543584,2,16.68258120849505,1.643294249617628,0.09850359660055692,0.10086134347623826,2,16.155202781155847,3.9905778422349707,0.2470150264464498,0.25076168971280954,-0.03707757656788854,0.0016249290750172346,0.2680121947027384,0.013171523341626658,0.016138139947779247,0.00030023458999718785,0.0003601565388436326,-0.037623059796116395,0.09255726766233713,0.04673634858273922
12.110000000001737,6,4,98.95547141862777,13.428229669959636,0.13569971904991454,0.337574350144895,1,31.783143350130413,6.084934230961767,0.19145161836035954,0.19145161836035954,1,31.046036165354998,3.1890990873770755,0.10272161864373096,0.10272161864373096,2,16.683783362421337,1.6870037088753485,0.10111637583805881,0.10230072037582456,2,19.442508540721022,2.467192642745446,0.12689682700038823,0.337574350144895,-0.03707488133444473,0.0016253310031402277,0.2680111311642036,0.01317437690724104,0.01614463467269554,0.0002973970514774815,0.0005600693380976999,0.06884022393334996,0.08080940704893971,0.03703392293784636
12.12000000000174,6,4,98.8977413046751,13.348466286536961,0.13497240796849172,0.3492059509656866,1,31.78717213110097,6.088211812459483,0.19153046352628203,0.19153046352628203,1,31.04497582406783,3.190713905139525,0.10277714253093095,0.10277714253093095,2,16.683741779613943,1.68177680170497,0.10080333440307453,0.10217471032388628,2,19.38185156989236,2.3877637672329843,0.12319585456645024,0.3492059509656866,-0.03707219260029347,0.001625441921181805,0.26800987760645867,0.013177216913363385,0.016149157308854193,0.00029929646256141745,0.0004122946719389301,0.050016680423243254,0.05769726117982886,0.022816802480642034
12.130000000001743,6,4,96.16872123905738,15.201893988926678,0.1580752431046434,0.31580722111263426,1,31.78098640568902,6.105359837984789,0.1921073109578464,0.1921073109578464,1,31.067198205804907,3.152325029674099,0.10146795371734188,0.10146795371734188,2,16.68450706819965,1.691793473593565,0.10139906840988373,0.10372580528036601,2,16.6360295593638,4.252415647674224,0.25561481677463704,0.31580722111263426,-0.03706953651035674,0.0016254723066331518,0.26800861723958264,0.013180016056353569,0.016153730721790046,0.00029480264316932866,0.0008745270778514125,0.04669305527470175,0.053096109855051,0.02110045314189979
12.140000000001747,6,4,96.01133705595453,15.064734104382806,0.156905783903449,0.2872506700126194,1,31.78510122948564,6.108601473764854,0.19218442721516876,0.19218442721516876,1,31.066263595855293,3.1539769713747545,0.10152418109899584,0.10152418109899584,2,16.685084337926828,1.6754277449339765,0.10041470039953981,0.10277307214158042,2,16.474887892686773,4.12672791430922,0.25048594814056857,0.2872506700126194,-0.037066859913843314,0.001625598055274907,0.26800738395764384,0.013182843039145,0.016158489608299003,0.0002933388524243915,0.0006797788401651558,0.01938197962495772,0.025393583109776467,0.006312044732430137
12.15000000000175,6,4,95.93432802299466,14.98174551851752,0.1561666801369216,0.2705756573640088,1,31.78921566577551,6.111835560525526,0.1922612883810647,0.1922612883810647,1,31.065506395748017,3.155259893949229,0.10156795301367094,0.10156795301367094,2,16.68509337857628,1.661381328540835,0.09957279176357829,0.1019798527313396,2,16.394512582894855,4.0532687355019315,0.24723325655505562,0.2705756573640088,-0.03706419453174535,0.0016256141734789676,0.268006094043801,0.013185654120595107,0.01616270967972706,0.00029198901029937267,0.000547862850824258,0.003981754612442797,0.04370083155668607,0.012742817703955902
12.160000000001753,6,4,95.7486465469822,14.907046357444862,0.15568936893672156,0.2537200915464004,1,31.793397846948995,6.115024434583125,0.19233629774396524,0.19233629774396524,1,31.064447605765913,3.1570616601882855,0.10162941573125862,0.10162941573125862,2,16.685843243384344,1.6458123890381249,0.09863525415118962,0.10107664605633604,2,16.20495785088294,3.9891478736353263,0.24616835849517338,0.2537200915464004,-0.03706152724721481,0.0016257156534477978,0.2680048546182547,0.013188470020994068,0.01616744315797414,0.0002970439312991343,0.00039425179873109155,-0.027936363869593177,0.08081415282231848,0.03957790839389629
12.170000000001757,6,4,98.77184056760642,13.216589803072583,0.13380928944040701,0.3859123056619342,1,31.80431275556662,6.1089522719476985,0.19207936731405917,0.19207936731405917,1,31.040923651389292,3.1997942058270126,0.10308308611441078,0.10308308611441078,2,16.68622811390141,1.6737155479870103,0.10030520597957224,0.10214429520108825,2,19.2403760467491,2.234127777310862,0.11611663783922485,0.3859123056619342,-0.03705885495415811,0.0016258978330638406,0.26800365803448484,0.01319129435441632,0.0161726043494049,0.00030837387921914505,0.00031957729546006254,0.011792845254057726,0.03404021590431872,0.00861668379048948
12.18000000000176,6,4,98.95625280827669,13.41520696458853,0.1355670468907093,0.3408699901477956,1,31.80536670028451,6.116437678050456,0.19230835272827534,0.19230835272827534,1,31.04176442652508,3.2007962964398846,0.1031125760913518,0.1031125760913518,2,16.687068922767082,1.6769455954322103,0.10049371781189574,0.1019259057539932,2,19.422052758700016,2.4210273946659786,0.12465352786056515,0.3408699901477956,-0.037056179235653644,0.001626151440386074,0.26800250219885846,0.013194124731764643,0.01617819635484112,0.00029636595458688815,0.0004831240383027098,0.06101971914373223,0.07107583952122645,0.031378533687237135
12.190000000001763,6,4,96.19415639883313,15.232372963140122,0.15835029416947927,0.31873502695813294,1,31.799680847084904,6.1330630630168,0.19286555398177907,0.19286555398177907,1,31.063521651384928,3.1632205452102724,0.10183071258661505,0.10183071258661505,2,16.687964030254452,1.688388530783624,0.10117402744413034,0.10354426497391604,2,16.64298987010885,4.247700824129426,0.2552246235370475,0.31873502695813294,-0.03705351530685526,0.001626289181802484,0.26800128475344603,0.01319693863598597,0.016183180064634945,0.0002964837155724909,0.0008941011331433323,0.048447047480947206,0.05552415311274511,0.022127310214995134
